"Freq [GHz]","ang_deg(S(FloquetPort1:1,FloquetPort2:1)) [deg] - dielectriclength='11.992mm'","ang_deg(S(FloquetPort1:1,FloquetPort2:1)) [deg] - dielectriclength='23.984mm'","ang_deg(S(FloquetPort1:1,FloquetPort2:1)) [deg] - dielectriclength='35.976mm'","ang_deg(S(FloquetPort1:1,FloquetPort2:1)) [deg] - dielectriclength='47.968mm'","ang_deg(S(FloquetPort1:1,FloquetPort2:1)) [deg] - dielectriclength='59.96mm'","ang_deg(S(FloquetPort1:1,FloquetPort2:1)) [deg] - dielectriclength='71.952mm'","ang_deg(S(FloquetPort1:1,FloquetPort2:1)) [deg] - dielectriclength='83.944mm'","ang_deg(S(FloquetPort1:1,FloquetPort2:1)) [deg] - dielectriclength='95.936mm'","ang_deg(S(FloquetPort1:1,FloquetPort2:1)) [deg] - dielectriclength='107.928mm'","ang_deg(S(FloquetPort1:1,FloquetPort2:1)) [deg] - dielectriclength='119.92mm'","ang_deg(S(FloquetPort1:1,FloquetPort2:1)) [deg] - dielectriclength='131.912mm'","ang_deg(S(FloquetPort1:1,FloquetPort2:1)) [deg] - dielectriclength='143.904mm'","ang_deg(S(FloquetPort1:1,FloquetPort2:1)) [deg] - dielectriclength='155.892mm'"
1,113.870164082373,107.905354299891,101.940111025727,95.9754072804169,90.0107920242832,84.0467578826906,78.0826455181633,72.1161940958217,66.1512683489017,60.1866516686375,54.2219521703399,48.2573227300423,42.2950043369043
1.01,111.408910995401,105.384460487312,99.35954648609,93.3352492514337,87.3109958071697,81.2873033478445,75.2636643637865,69.2373807592323,63.212792914313,57.1885526144863,51.1642166597091,45.139954368523,39.1180433760294
1.02,108.947659594745,102.863568258655,96.7789833900043,90.6950889656694,84.6111985321024,78.5278526643713,72.4446736444892,66.3585696451832,60.2743212224325,54.1904558317133,48.1064841785539,42.0225903361248,35.9410872212413
1.03,106.486409877514,100.342677691266,94.1984217895418,88.0549266557501,81.9114003809808,75.76840589773,69.6256742147406,63.4797607086587,57.3358531514954,51.1923613890956,45.0487548425402,38.9052306342424,32.7641359070729
1.04,104.02516184333,97.8217888594136,91.6178617352178,85.4147625599786,79.2116015429597,73.0089631133416,66.8066669440905,60.6009539110346,54.3973885860811,48.1942693645541,41.9910287728343,35.7878752737343,29.5871894548997
1.05,101.563915494835,95.3009018344798,89.0373032760005,82.7745969212691,76.5118022136361,70.2495243765926,63.9876527131761,57.7221492208587,51.4589274182504,45.1961798451974,38.933306095619,32.670524273831,26.4102478726767
1.06,99.1026708382245,92.7800166852147,86.4567464593469,80.1344299861024,73.812002594228,67.490089752838,61.1686324098173,54.8433466145984,48.5204695486204,42.1980929272988,35.8755869415422,29.5531776609834,23.2333111548887
1.07,96.6414278837971,90.2591334780498,83.8761913312682,77.4942620035067,71.1122028907507,64.7306593074037,58.3496069252171,51.9645460773546,45.582014887375,39.2000087162054,32.8178714451036,26.4358354676692,20.0563792827276
1.08,94.1801866465194,87.738252277472,81.2956379364219,74.8540932240685,68.4124033131923,61.9712331055889,55.5305771502858,49.0857476035354,42.6435633552029,36.2019273261813,29.7601597439839,23.3184977311773,16.8794522245059
1.09,91.7189471465993,85.2173731464519,78.715086318233,72.2139238989769,65.7126040746936,59.2118112126683,52.7115439721042,46.2069511974883,39.7051148841612,33.2038488801829,26.7024519783225,20.2011644923907,13.7025299363155
1.1,89.257709410067,82.6964961469246,76.134536519042,69.5737542791072,63.0128053907351,56.4523936938965,49.8925082705414,43.328156874087,36.7666694184587,30.2057735095703,23.6447482899503,17.0838357945837,10.5256123629364
1.11,86.7964734693556,80.175621340319,73.5539885802808,66.9335846141449,60.3130074783348,53.6929806145129,47.0734709150422,40.4493646592696,33.8282269151564,27.2077013537532,20.5870488215839,13.9665116822561,7.34869943899744
1.12,84.3352393638779,77.6547487881309,70.9734425426742,64.2934151517565,57.6132105552596,50.9335720397496,44.2544327615979,37.5705745905246,30.8897873447812,24.209632559776,17.5293537159886,10.84919220002,4.1717910903889
1.13,81.8740071405924,75.1338785525355,68.3928984464674,61.6532461368073,54.913414839255,48.1741680348424,41.4353946499121,34.6917867173248,27.9513506918507,21.2115672818427,14.4716631151181,7.73187739155666,0.994887235922343
1.14,79.4127768545542,72.6130106970335,65.8123563316771,59.0130778106315,52.2136205472943,45.414768665045,38.6163574007732,31.8130011015027,25.0129169553064,18.2135056807843,11.4139771592383,4.61456729866057,-2.18201221076905
1.15,76.951548569443,70.0921452871263,63.231816238366,56.3729104103564,49.5138278948535,42.6553739956485,35.7973218136443,28.9342178175692,22.0744861488544,15.2154479234742,8.35629598604461,1.49726196038587,-5.35890733909962
1.16,74.4903223580631,67.5712823910129,60.6512782069391,53.7327441682812,46.8140370952107,39.8959840920058,32.978288664479,26.0554369529704,19.1360583012107,12.2173941821912,5.29861972978097,-1.62003858769232,-8.535798239185
1.17,72.0290983028079,65.0504220803044,58.0707422784583,51.0925793113161,44.114248358777,37.1365990195619,30.1592587037702,23.1766586082829,16.1976334562527,9.21934463393836,2.24094852036838,-4.73733431408792,-11.7126849992961
1.18,69.5678764960838,62.5295644307475,55.4902084949765,48.4524160604787,41.4144618924589,34.3772188438922,27.3402326548389,20.2978828973453,13.2592116730743,6.2212994597186,-0.816717517445827,-7.85462519187534,-14.8895677031344
1.19,67.1066570406852,60.0087095229509,52.9096768998859,45.8122546304529,38.714677899056,31.6178436307468,24.521211212368,17.4191099473253,10.3207930259474,3.22325884377425,-3.87437826491172,-10.971911199013,-18.0664464269521
1.2,64.6454400501158,57.4878574431096,50.329147538281,43.1720952292088,36.0148965766962,28.8584734461058,21.7021950411841,14.5403398987201,7.38237760418798,0.225222972793756,-6.93203361006216,-14.0891923185119,-21.243321236543
1.21,62.1842256488487,54.9670082837168,47.7486204573321,40.5319380576845,33.31511811831,26.0991083562417,18.8831847752898,11.6615729052915,4.44396551192992,-2.77280796490815,-9.9896834484522,-17.2064685384437,-24.4201921841338
1.22,59.7230139725199,52.4461621442592,45.1680957066676,37.8917833095312,30.6153427111471,23.3397484277936,16.0641810171472,8.78280913393415,1.50555686780832,-5.77083378023183,-13.0473276838441,-20.3237398517855,-27.597059305208
1.23,57.2618051680495,49.9253191318874,42.5875733387621,35.2516311709202,27.9155705363364,20.580393727852,13.2451843372122,5.90404876447584,-1.43284819544682,-8.76885428414917,-16.1049662288276,-23.4410062560997,-30.7739226152967
1.24,54.8005993936839,47.4044793620542,40.0070534093282,32.6114818204113,25.2158017684909,17.8210443240547,10.426195273717,3.02529198941297,-4.37124953150234,-11.7668692885702,-19.1625990053699,-26.5582677530499,-33.9507821067716
1.25,52.3393968189561,44.8836429591146,37.4265359777083,29.971335428883,22.5160365753595,15.0617002846968,7.60721433269785,0.146539013578482,-7.30964698099662,-14.7648786072126,-22.2202259452847,-29.6755243477549,-37.1276377456809
1.26,49.8781976245588,42.36281005688,34.8460211072643,27.3311921595226,19.8162751175267,12.3023616788523,4.78824198826318,-2.73220994625524,-10.2480403721931,-17.7628820564686,-25.2778469906159,-32.7927760479873,-40.3044894686655
1.27,47.4170020021239,39.8419807991194,32.2655088657608,24.6910521678734,17.1165175481611,9.54302857651041,1.96927868309583,-5.61095466183757,-13.1864295217102,-20.7608794562626,-28.3354620939264,-35.9100228632226,-43.481337179997
1.28,44.955810153911,37.3211553400041,29.6849993257409,22.0509156019409,14.4167640128139,6.78370104872642,-0.849675170818054,-8.48969489396466,-16.1248142353199,-23.7588706308934,-31.393071218487,-39.0272648035467,-46.65818074878
1.29,42.4946222923955,34.8003338444857,27.1044925648902,19.4107826023524,11.7170146492677,4.02437916778729,-3.66861919124175,-11.3684303930657,-19.0631943088142,-26.7568554098538,-34.4506743383601,-42.1445018784352,-49.8350200063588
1.3,40.0334386397606,32.2795164886044,24.5239886663845,16.7706533025682,9.01726958743512,1.26506300739265,-6.48755302453285,-14.2471608998489,-22.0015695289314,-29.7548336286224,-37.508271438373,-45.2617340954144,-53.0118547439707
1.31,37.572259427288,29.7587034597226,21.9434877192223,14.1305278291451,6.31752894930987,-1.49424735714765,-9.3064763442907,-17.125886146006,-24.9399396743379,-32.7528051294202,-40.5658625139756,-48.3789614586199,-56.1886847106866
1.32,35.1110848946499,27.2378949566768,19.362989818534,11.4904063020443,3.61779284896687,-4.25355184870063,-12.125388849819,-20.0046058549718,-27.87830451666,-35.7507697619265,-43.6234475709807,-51.496183967268,-59.3655096116789
1.33,32.6499152891025,24.7170911898454,16.7824950658684,8.85028883498543,0.918061392613987,-7.0128503880799,-14.9442902644165,-22.8833197427371,-30.8166638215591,-38.7487273839471,-46.6810266251841,-54.6134016140572,-62.5423291068528
1.34,30.1887508645823,22.196292381128,14.2020035694527,6.21017553584005,-1.78166532130701,-9.7721428937992,-17.7631803335096,-25.7620275187114,-33.7550173498447,-41.7466778620302,-49.7385997018614,-57.7306143835186,-65.7191428098794
1.35,27.727591880709,19.6754987638325,11.6215154444212,3.57006650706277,-4.48138720197047,-12.5314292818091,-20.582058822642,-28.6407288866343,-36.6933648586183,-44.7446210720231,-52.7961668351438,-60.8478222503344,-68.8959502876609
1.36,25.2664386016985,17.1547105824692,9.04103081301373,0.929961846156744,-7.18110416596813,-15.2907094652168,-23.4009255153378,-31.5194235455299,-39.6317061024426,-47.7425568995654,-55.85372806727,-63.9650251776453,-72.0727510602597
1.37,22.8052912951913,14.6339280924474,6.46054980473679,-1.71013835383211,-9.88081613706445,-18.0499833539893,-26.2197802108529,-34.3981111907028,-42.5700408345282,-50.7404852405121,-58.911283447718,-67.0822231153672,-75.249544601316
1.38,20.3441502310015,12.1131515596764,3.88007255648897,-4.35023400379352,-12.5805230459055,-20.8092508546402,-29.0386227218328,-37.2767915147719,-45.5083688079316,-53.7384060012835,-61.9688330322178,-70.1994159985407,-78.4263303389779
1.39,17.8830156797946,9.59238126006817,1.29959921264529,-6.99032501801018,-15.2802248296845,-23.5685118699003,-31.8574528718939,-40.1554642087369,-48.4466897767592,-56.7363190991368,-65.0263768816497,-73.3166037457329,-81.6031076573595
1.4,15.4218879117005,7.07161747894303,-1.28087007490003,-9.63041131359686,-17.9799214317657,-26.3277662983731,-34.6762704931463,-43.0341289630759,-51.3850034973668,-59.7342244623547,-68.0839150608303,-76.4337862575149,-84.7798758985409
1.41,12.9607671948724,4.55086051034006,-3.86133514673457,-12.2704928099253,-20.6796128012668,-29.0870140341734,-37.4950754236759,-45.9127854688684,-54.3233097295528,-62.7321220303489,-71.141447637195,-79.5509634150372,-87.956634365117
1.42,10.4996537940003,2.03011065623321,-6.44179583597471,-14.9105694280402,-23.3792988926053,-31.8462549665542,-40.3138675050037,-48.7914334189404,-57.2616082377342,-65.7300117536741,-74.19897467938,-82.6681350787226,-91.1333823232973
1.43,8.03854796878987,-0.490631774343268,-9.02225196835941,-17.5506410900691,-26.0789796650077,-34.6054889795168,-43.1326465795423,-51.6700725090267,-60.1998987921014,-68.7278935939511,-77.256496255714,-85.7853010870991,-94.3101190065513
1.44,5.57744997241926,-3.01136646625688,-11.6027033623924,-20.1907077186318,-28.7786550819866,-37.3647159514103,-45.9514124880656,-54.5487024389475,-63.1381811697446,-71.7257675236965,-80.3140124326261,-88.9024612557914,-97.4868436197903
1.45,3.11636004998467,-5.53209309932176,-14.1831498295334,-22.8307692362521,-31.4783251107868,-40.1239357545187,-48.7701650672112,-57.4273229137926,-66.0764551557447,-74.7236335260566,-83.3715232729813,-92.0196153766901,-100.663555344068
1.46,0.65527843694915,-8.05281134942114,-16.7635911744399,-25.4708255647768,-34.1779897218048,-42.8831482546361,-51.5889041470334,-60.3059336451115,-69.0147205442243,-77.7214915944463,-86.4290288343508,-95.1367632173166,-103.840253341779
1.47,-1.80579464239282,-10.5735208897012,-19.3440271952577,-28.1108766248064,-36.877648887982,-45.6423533106338,-54.4076295486242,-63.1845343521022,-71.9529771393525,-80.7193417320923,-89.4865291672319,-98.253904520398,-107.01693676232
1.48,-4.26685897642056,-13.0942213918299,-21.9244576839633,-30.7509223351404,-39.5773025841777,-48.4015507740189,-57.2263410818179,-66.0631247627966,-74.8912247562955,-83.717183951479,-92.5440243132267,-101.371039003667,-110.193604748184
1.49,-6.72791436764749,-15.6149125273125,-24.5048824267553,-33.3909626122412,-42.2769507865224,-51.160740488485,-60.0450385429989,-68.9417046152351,-77.8294632221127,-86.715018273701,-95.6015143031923,-104.488166359901,-113.370256441446
1.5,-9.18896063412277,-18.1355939688558,-27.0853012044951,-36.0309973697216,-44.9765934717571,-53.9199222894594,-62.8637217130244,-71.8202736586291,-80.7676923765881,-89.7128447277216,-98.6589991553786,-107.605286257204,-116.546890990577
1.51,-11.6499976107579,-20.6562653917728,-29.6657137931965,-38.6710265178581,-47.676230616559,-56.6790960036451,-65.6823903552812,-74.6988316545036,-83.7059120729955,-92.7106633495405,-101.716478873562,-110.722398339547,-119.723507557556
1.52,-14.1110251505651,-23.1769264754164,-32.2461199645619,-41.311049963133,-50.3758621968593,-59.4382614485624,-68.5010442138869,-77.5773783778179,-86.6441221787932,-95.7084741812725,-104.773953445198,-113.839502227571,-122.900105325194
1.53,-16.5720431257911,-25.6975769046334,-34.8265194865641,-43.9510676078103,-53.0754881871555,-62.197418432089,-71.3196830120516,-80.4559136180572,-89.5823225762424,-98.7062772701427,-107.831422839593,-116.956597519644,-126.076683504628
1.54,-19.0330514289337,-28.2182163712279,-37.4069121240721,-46.591079349547,-55.7751085598222,-64.9565667520033,-74.1383064506105,-83.334437180294,-92.520513162948,-101.704072667399,-110.888887006132,-120.073683793191,-129.253241342891
1.55,-21.4940499736242,-30.738844575422,-39.9872976395168,-49.2310850810421,-58.474723284422,-67.7157061955311,-76.9569142067391,-86.2129488862113,-95.4586938523173,-104.701860427151,-113.946345872552,-123.190760606278,-132.429778130503
1.56,-23.9550386953651,-33.2594612273025,-42.5676757935968,-51.871084689727,-61.1743323270229,-70.474836538898,-79.7755059328601,-89.0914485750853,-98.3968645739345,-107.699640605135,-117.003799343297,-126.307827499457,-135.606293208997
1.57,-26.4160175521082,-35.780066048242,-45.1480463460181,-54.5110780574992,-63.8739356495227,-73.2339575468903,-82.5940812557523,-91.9699361047226,-101.335025273849,-110.697413257416,-120.061247297959,-129.424883997853,-138.782785978288
1.58,-28.8769865246609,-38.3006587722822,-47.7284090562676,-57.1510650605006,-66.5735332089856,-75.9930689724264,-85.4126397758659,-94.8484113523484,-104.273175914778,-113.695178439033,-123.118689589821,-132.54192961349,-141.959255903826
1.59,-31.3379456169105,-40.8212391474659,-50.3087636844138,-59.7910455689422,-69.2731249569939,-78.7521705561403,-88.2311810668528,-97.7268742154399,-107.211316476211,-116.692936202587,-126.176126044525,-135.658963847836,-145.135702523417
1.6,-33.7988948558547,-43.3418069371056,-52.8891099919326,-62.4310194469775,-71.9727108390166,-81.5112620259805,-91.0497046753144,-100.605324612503,-110.149446954441,-119.690686596793,-129.233556458865,-138.775986194564,-148.312125453651
1.61,-36.2598342914313,-45.8623619209778,-55.4694477425539,-65.0709865526242,-74.6722907938012,-84.2703430968255,-93.8682101207715,-103.483762483787,-113.087567362485,-122.688429664988,-132.290980599732,-141.892996142485,-151.488524395834
1.62,-38.7207639961371,-48.3829038964277,-58.0497767031236,-67.7109467377372,-77.3718647527885,-87.02941347012,-96.6866968958554,-106.362187791933,-116.025677729931,-125.686165443613,-135.348398203217,-145.009993178657,-154.664899141353
1.63,-41.1816840644311,-50.9034326793733,-60.6300966444763,-70.3508998480292,-80.0714326395545,-89.7884728335317,-99.5051644667231,-109.240600522554,-118.963778102687,-128.683893960684,-138.40580897389,-148.126976791629,-157.841249576372
1.64,-43.6425946119174,-53.4239481051983,-63.2104073423152,-72.9908457231446,-82.7709943692841,-92.5475208606336,-102.323612273693,-112.119000684744,-121.901868542644,-131.68161523424,-141.463212584258,-151.243946474807,-161.017575685803
1.65,-46.1034957743033,-55.9444500295188,-65.7907085780922,-75.6307841967818,-85.4705498482759,-95.3065572106122,-105.142039732099,-114.997388311509,-124.83994912725,-134.679329270804,-144.520608674426,-154.360901729892,-164.19387755645
1.66,-48.5643877061319,-58.4649383288157,-68.3710001398826,-78.2707150968655,-88.1700989734828,-98.0655815280052,-107.960446233356,-117.875763460117,-127.778019949005,-137.677036063839,-147.577996851956,-157.477842070384,-167.370155379278
1.67,-51.0252705792908,-60.9854129009208,-70.9512818232521,-80.9106382457685,-90.8696416320917,-100.824593442471,-110.778831146236,-120.754126212375,-130.716081114862,-140.674735592238,-150.635376691941,-160.594767025106,-170.546409450721
1.68,-53.4861445812964,-63.505873665346,-73.5315534321052,-83.5505534605801,-93.5691777011413,-103.583592568591,-113.597193818342,-123.63247667481,-133.654132745563,-143.672427818834,-153.692747737307,-163.711676141711,-173.722640172986
1.69,-55.9470099133601,-66.0263205634466,-76.111814779514,-86.1904605534216,-96.2687070471829,-106.342578505708,-116.415533577775,-126.510814978767,-136.592174974887,-146.670112688951,-156.750109499331,-166.82856899015,-176.898848053291
1.7,-58.4078667882422,-68.5467535584115,-78.6920656885182,-88.8303593318059,-98.9682295259853,-109.101550837803,-119.233849734976,-129.389141280423,-139.530207948828,-149.667790129007,-159.807461458398,-169.945445166052,179.924966297997
1.71,-60.8687154279012,-71.0671726350714,-81.272305992893,-91.4702495990396,-101.667744982285,-111.860509133415,-122.05214158474,-132.267455760702,-142.468231824709,-152.665460045174,-162.864803064989,-173.062304293986,176.748802170366
1.72,-63.3295560609475,-73.5875777995177,-83.8525355378757,-94.1101311546651,-104.367253249582,-114.619452945596,-124.870408408393,-135.145758625094,-145.406246770221,-155.663122322114,-165.922133740906,-176.179146030565,173.572658757327
1.73,-65.7903889199163,-76.1079690785291,-86.4327541808491,-96.7500037949399,-107.066754149987,-117.378381811915,-127.688649476093,-138.024050103389,-148.344252962412,-158.660776821788,-168.979452880729,-179.295970067363,170.396535161743
1.74,-68.2512142383714,-78.6283465187996,-89.0129617919722,-99.389867313351,-109.766247494113,-120.137295254513,-130.506864049274,-140.902330449304,-151.282250586615,-161.658423382358,-172.036759853513,177.587223866408,167.220430402348
1.75,-70.7120322478561,-81.148710185965,-91.5931582547551,-102.02972150116,-112.465733081023,-122.896192780194,-133.325051383189,-143.78059994001,-154.220239835325,-164.656061817193,-175.094054004705,174.47043600148,164.044343421423
1.76,-73.1728431747105,-83.6690601634277,-94.1733434665705,-104.669566147977,-115.165210698218,-125.655073880573,-136.143210729554,-146.658858875573,-157.158220907031,-167.653691913974,-178.151334658289,171.353666526409,160.868273093609
1.77,-75.6336472367735,-86.1893965509773,-96.7535173390976,-107.309401042359,-117.86468012169,-128.413938032275,-138.961341339251,-149.537107578276,-160.096194005012,-170.651313433928,178.791398880849,168.236915585806,157.692218235834
1.78,-78.0944446399909,-88.7097194632094,-99.3336797986939,-109.949225972426,-120.564141116012,-131.172784697186,-141.779442465105,-152.415346391851,-163.034159336092,-173.648926111179,175.734147324356,165.120183278909,154.516177618289
1.79,-80.5552355749532,-91.2300290277452,-101.913830786687,-112.5890407265,-123.263593434484,-133.931613322748,-144.597513364679,-155.293575680608,-165.972117109371,-176.64652965224,172.676911397647,162.003469658575,151.340149976409
1.8,-83.0160202133871,-93.7503253832548,-104.493970259586,-115.228845093751,-125.963036819332,-136.690423342327,-147.415553303095,-158.171795828459,-168.910067534931,-179.644123735638,169.619691836959,158.886774730677,148.164134023766
1.81,-85.4767987046266,-96.2706086772911,-107.074098189203,-117.868638864853,-128.662471001949,-139.449214175615,-150.233561555845,-161.05000723784,-171.848010822524,177.358291988301,166.562489386235,155.770098453965,144.988128465802
1.82,-87.9375711720904,-98.7908790639399,-109.654214562686,-120.508421832644,-131.361895703191,-142.2079852291,-153.051537411572,-163.928210328533,-174.785947180252,174.360717897524,163.505304793857,152.653440740383,141.812132014304
1.83,-90.3983377097944,-101.311136701297,-112.234319382459,-123.148193792786,-134.061310633716,-144.966735896595,-155.869480174813,-166.806405536386,-177.723876813232,171.363154398161,160.448138809245,149.536801455879,138.636143402502
1.84,-92.8590983789261,-103.83138174878,-114.814412666058,-125.787954544422,-136.760715494369,-147.725465559808,-158.687389168663,-169.68459331193,179.338200077724,168.365601924264,157.390992179338,146.42018042172,135.460161400668
1.85,-95.319853204514,-106.351614364287,-117.394494445872,-128.427703890814,-139.460109976611,-150.484173588986,-161.505263737355,-172.562774118904,176.400283297439,165.368060937388,154.333865644987,143.303577416314,132.284184832101
1.86,-97.7806021722165,-108.871834701219,-119.974564768781,-131.067441639983,-142.159493762991,-153.242859343603,-164.323103248731,-175.440948432668,173.462372657683,162.370531925998,151.276759937272,140.186992177553,129.108212589336
1.87,-100.241345225267,-111.392042905375,-122.55462369569,-133.707167605312,-144.858866527657,-156.001522173107,-167.140907096582,-178.319116738536,170.524467978466,159.373015404702,148.219675773774,137.070424405682,125.932243650445
1.88,-102.702082261598,-113.912239111741,-125.134671300955,-136.346881606139,-147.558227936901,-158.760161417728,-169.958674702835,178.802720469999,167.586569089314,156.375511913312,145.162613854818,133.953873766676,122.756277095263
1.89,-105.162813131182,-116.432423441185,-127.714707671708,-138.986583468316,-150.257577649748,-161.518776409326,-172.776405519577,175.924562693129,164.64867583052,153.378022015736,142.105574859729,130.837339896136,119.580312121381
1.9,-107.623537633611,-118.952595997085,-130.294732907073,-141.626273024736,-152.956915318562,-164.277366472311,-175.594099030892,173.046409426682,161.710788054357,150.38054629869,139.048559443102,127.720822403685,116.404348059742
1.91,-110.084255515945,-121.472756861902,-132.87474711728,-144.265950115828,-155.6562405897,-167.035930924597,-178.411754754489,170.168260164166,158.772905626263,147.383085370252,135.991568231147,124.604320877839,113.228384389665
1.92,-112.544966470867,-123.992906093722,-135.454750422673,-146.905614589998,-158.355553104172,-169.794469078619,178.770627756878,167.290114398894,155.835028425981,144.385639858239,132.934601818097,121.487834891349,110.05242075313
1.93,-115.005670135151,-126.513043722796,-138.034742952622,-149.545266304044,-161.054852498339,-172.552980242391,175.95304891423,164.411971626194,152.897156348656,141.388210408424,129.877660762746,118.371364006964,106.876456968155
1.94,-117.466366088488,-129.033169748084,-140.614724844333,-152.184905123506,-163.754138404625,-175.311463720616,173.135509091432,161.533831345694,149.959289305887,138.390797682605,126.820745585115,115.254907783605,103.70049304109
1.95,-119.92705385268,-131.553284133847,-143.194696241562,-154.82453092297,-166.45341045224,-178.069918815837,170.31800862451,158.655693063685,147.021427226724,135.393402356513,123.763856763288,112.138465782903,100.524529177671
1.96,-122.387732891231,-134.073386806303,-145.774657293242,-157.464143586318,-169.152668267922,179.17165517037,167.500547811242,155.77755629555,144.083570058616,132.396025117583,120.70699473045,109.022037576058,97.3485657926669
1.97,-124.848402609347,-136.593477650366,-148.354608152026,-160.103743006912,-171.851911476681,176.413258936163,164.683126911027,152.899420568266,141.145717768301,129.398666662589,117.650159872139,105.905622750976,94.1726035179794
1.98,-127.30906235437,-139.113556506503,-150.934548972743,-162.743329087723,-174.551139702554,173.654893178161,161.865746145025,150.021285422954,138.20787034263,126.401327695156,114.593352523755,102.789220919639,90.9966432090372
1.99,-129.769711416648,-141.633623167734,-153.514479910786,-165.382901741391,-177.250352569354,170.896558590146,159.048405696594,147.143150417504,135.270027789343,123.40400892316,111.536572968334,99.6728317256424,87.8206859493678
2,-132.230349030868,-144.153677376795,-156.094401120429,-168.022460890221,-179.949549701417,168.138255861726,156.231105712008,144.26501512923,132.332190137775,120.406711056021,108.479821434638,96.5564548518519,84.6447330532203
2.01,-134.690974377844,-146.673718823493,-158.674312753092,-170.662006466101,177.351269275656,165.379985676977,153.413846301466,141.386879157586,129.394357439495,117.409434801911,105.423098095548,93.440090028114,81.4687860661376
2.02,-137.151586586775,-149.193747142282,-161.254214955541,-173.301538410365,174.652104734272,162.621748713059,150.596627540385,138.508742126912,126.456529768888,114.412180864882,102.366403066819,90.3237370389525,78.2928467633888
2.03,-139.612184737974,-151.713761910081,-163.834107868058,-175.941056673568,171.952957044136,159.863545638815,147.779449470976,135.630603689216,123.51870722367,111.41494994194,99.3097364061893,87.2073957311937,75.1169171461932
2.04,-142.072767866056,-154.233762644357,-166.413991622573,-178.580561215197,169.253826571554,157.105377113353,144.962312104097,132.752463526978,120.58088992533,108.417742720061,96.2530981128744,84.0910660214372,71.940999435681
2.05,-144.533334963596,-156.753748801498,-168.993866340768,178.779947996693,166.55471367877,154.34724378462,142.145215421365,129.874321355978,117.643078019519,105.42055987319,93.1964881274638,80.9747479033132,68.7650960645637
2.06,-146.993884985232,-159.273719775509,-171.573732132174,176.140470985919,163.855618723322,151.589146287965,139.328159377533,126.996176928129,114.70527167636,102.423402059213,90.1399063322251,77.8584414544447,65.5892096665
2.07,-149.454416852207,-161.79367489703,-174.153589092264,173.501007768684,161.156542057436,148.831085244705,136.511143903099,124.118030034314,111.767471090706,99.4262699169422,87.0833525518342,74.7421468430479,62.4133430631723
2.08,-151.914929457339,-164.313613432719,-176.733437300546,170.861558354159,158.457484027447,146.073061260687,133.694168907153,121.239880507222,108.829676482322,96.4291640631155,84.0268265545367,71.6258643340929,59.2374992491067
2.09,-154.375421670381,-166.833534585,-179.313276818688,168.222122745141,155.758444973273,143.315074924866,130.87723428042,118.361728224166,105.891888096017,93.4320850894397,80.9703280537488,68.5095942949557,56.0616813742967
2.1,-156.835892343768,-169.353437492211,178.106892311332,165.582700938784,153.059425227916,140.557126807884,128.0603398985,115.483573109876,102.9541062017,90.4350335596867,77.9138567100974,65.3933372004852,52.8858927247104
2.11,-159.296340318706,-171.873321229146,175.527070069036,162.94329292739,150.36042511702,137.799217460676,125.243485625272,112.605415139269,100.01633109439,87.4380100068696,74.8574121339025,62.2770936374203,49.7101367007898
2.12,-161.756764431583,-174.393184808023,172.947256457191,160.303898699274,147.661444958472,135.041347413094,122.426671316444,109.727254340165,97.0785630941529,84.4410149305101,71.8009938880973,59.1608643080863,46.5344167940684
2.13,-164.217163520655,-176.913027179873,170.367451503499,157.66451823969,144.962485062061,132.283517172552,119.609896823218,106.84909079596,94.1408025459954,81.4440487940221,68.7446014915798,56.0446500333063,43.3587365620624
2.14,-166.677536432978,-179.432847236371,167.787655262195,155.025151531818,142.263545729179,129.525727222716,116.79316199604,103.970924648233,91.2030498196911,78.4471120222254,65.6882344229869,52.9284517544667,40.1830996016079
2.15,-169.137882031547,178.047356187896,165.20786781556,152.385798557802,139.5646272526,126.767978022218,113.976466688426,101.092756099283,88.2653053095611,75.4502049990125,62.6318921248783,49.8122705346845,37.0075095208431
2.16,-171.598199202578,175.527584312715,162.628089275331,149.746459299853,136.865729916296,124.010270003417,111.1598107608,98.2145854145754,85.3275694341985,72.4533280651824,59.5755740083136,46.6961075590159,33.8319699100489
2.17,-174.058486862911,173.007838409093,160.048319783988,147.107133741388,134.166853995333,121.252603571209,108.343194084346,95.3364129251009,82.3898426361444,69.4564815164632,56.5192794578041,43.5799641336711,30.6564843115882
2.18,-176.518743967466,170.488119795656,157.468559515922,144.467821868225,131.467999755818,118.494979101891,105.526616544819,92.4582390296224,79.452125381514,66.4596656017374,53.4630078366182,40.4638416841858,27.4810561891915
2.19,-178.978969516702,167.968429834614,154.888808678461,141.828523669802,128.769167454919,115.737396942069,102.710078046292,89.5800641968055,76.5144181595781,63.4628805214896,50.4067584924105,37.3477417525249,24.305688896863
2.2,178.560837435965,165.448769927306,152.30906751274,139.189239140448,126.070357340946,112.97985740765,99.893578514801,86.7018889672158,73.576721482296,60.4661264264904,47.3505307631526,34.2316659930855,21.1303856476838
2.21,176.100677776858,162.929141509324,149.729336294424,136.549968280664,123.371569653501,110.222360782878,97.0771179018529,83.8237139551751,70.6390358838075,57.4694034167327,44.2943239833279,31.1156161675888,17.9551494828099
2.22,173.640552324888,160.409546045239,147.149615334251,133.910711098443,120.672804623697,107.464907319459,94.2606961877674,80.9455398504603,67.7013619198797,54.4727115406342,41.2381374903611,27.9995941388448,14.7799832409626
2.23,171.180461824626,157.889985022946,144.5699049784,131.27146761059,117.974062474443,104.707497235756,91.4443133848117,78.0673674198339,64.7637001673133,51.476050794519,38.1819706312405,24.8836018633949,11.6048895287219
2.24,168.720406939657,155.370459947654,141.990205608672,128.632237844066,115.275343420798,101.950130716058,88.6279695400974,75.1891975083932,61.8260512233068,48.47942112239,35.1258227692994,21.7676413830373,8.4298706919319
2.25,166.260388246264,152.850972335531,139.410517642477,125.993021837324,112.576647670391,99.19280790995,85.8116647382068,72.3110310407252,58.888415704781,45.4828224160038,32.06969329111,18.6517148152569,5.25492878853129
2.26,163.800406227515,150.331523707053,136.830841532617,123.353819641644,109.877975423909,96.435528931757,82.995399103515,69.4328690218534,55.9507942476625,42.4862545152546,29.013581613448,15.5358243425833,2.08006556311516
2.27,161.340461267796,147.812115580063,134.251177766868,120.714631322465,107.179326875653,93.6782938600925,80.1791728021773,66.554712537965,53.0131875061273,39.4897172088777,25.9574871902833,12.4199722009186,-1.09471757646621
2.28,158.880553647855,145.2927494626,131.671526867341,118.075456960683,104.480702214153,90.9211027374972,77.3629860437545,63.676562756905,50.0755961518036,36.4932102354766,22.9014095197483,9.30416066688263,-4.26941958017804
2.29,156.420683540414,142.773426845505,129.091889389639,115.43629665394,101.782101622849,88.163955570181,74.546839082446,60.7984209284223,47.1380208729335,33.4967332848784,19.8453481510353,6.18839204422955,-7.44403977425987
2.3,153.960851006388,140.254149194868,126.512265921786,112.797150517869,99.083525280835,85.4068523278745,71.7307322179088,57.92028838416,44.2004623734929,30.5002859998203,16.7893026911749,3.07266864941073,-10.6185778768018
2.31,151.501055991778,137.734917944345,123.932657082945,110.158018687305,96.3849733636554,82.6497929437791,68.9146657956382,55.0421665373712,41.2629213722675,27.5038679779674,13.733272811646,-0.04300720364535,-13.7930340101913
2.32,149.041298325272,135.215734487385,121.353063521912,107.518901317446,93.6864460441604,79.8927773146353,66.0986402068932,52.1640568823545,38.3253986018863,24.5074787742619,10.677258254763,-3.15863321944159,-16.9674087101971
2.33,146.5815777166,132.696600169423,118.773485915393,104.879798584961,90.9879434934128,77.1358053008984,63.2826558881485,49.2859609935918,35.3878948078062,21.5111179035972,7.62125883979657,-6.27420713741618,-20.141702931489
2.34,144.121893755689,130.17751628008,116.193924966069,102.240710689033,88.2894658816439,74.3788767270373,60.4667133200647,46.4078805245817,32.4504107472517,18.5147848438167,4.56527446877252,-9.38972674893595,-23.3159180494094
2.35,141.662245912645,127.658484045419,113.614381400443,99.6016378523383,85.5910133792544,71.6219913819413,57.6508130259641,43.5298172063536,29.5129471881021,15.5184790390244,1.50930513190301,-12.5051899146595,-26.4900558578486
2.36,139.202633538593,125.139504620303,111.034855966491,96.9625803219463,82.8925861578555,68.8651490194551,54.8349555698145,40.651772845657,26.5755049077291,12.5221999032029,-1.54664908740023,-15.6205945821508,-29.6641185631018
2.37,136.743055867408,122.620579080925,108.455349431098,94.3235383701363,80.1941843913483,66.1083493590298,52.0191415537165,37.7737493228106,23.6380846917775,9.5259468241231,-4.60258800797422,-18.7359388036138,-32.8381087736234
2.38,134.283512018346,120.101708417533,105.875862577321,91.6845122951274,77.4958082570345,63.3515920864994,49.2033716149066,34.8957485892086,20.700687332892,6.52971916753574,-7.65851134686172,-21.8512207536048,-36.0120294856229
2.39,131.824000999597,117.582893527431,103.296396201453,89.0455024217114,74.7974579367541,60.5948768549756,46.3876464222827,32.0177726644718,17.7633136293824,3.53351628162567,-10.7144187158186,-24.9664387465867,-39.1858840644915
2.4,129.364521712766,115.064135208288,100.716951109925,86.4065091017847,72.0991336180456,57.8382032858727,43.5719666724737,29.1398236332391,14.8259643838305,0.53733750171394,-13.7703096184106,-28.0815912541703,-42.3596762220785
2.41,126.905072958282,112.545434151821,98.1375281160459,83.7675327147735,69.4008354953243,55.0815709700533,40.7563330854748,26.2619036415919,11.8886404016309,-2.45881784481474,-16.8261834477365,-31.1966769218948,-45.5334099898814
2.42,124.445653441731,110.026790937901,95.5581280365966,81.1285736679452,66.7025637710689,52.3249794690896,37.9407463998796,23.3840148931094,8.95134248946924,-5.45495043337841,-19.8820394848138,-34.3116945853892,-48.7070896882487
2.43,121.986261781104,107.508206029122,92.9787516882901,78.4896323966041,64.0043186570161,49.5684283166662,35.1252073677445,20.5061596445483,6.01407145373199,-8.45106093688477,-22.9378768976529,-37.4266432857587,-51.88071989174
2.44,119.526896514937,104.989679765905,90.3993998841195,75.8507093641647,61.3061003753553,46.811917020087,32.3097167491308,17.6283402011477,3.07682809885036,-11.4471500202615,-25.9936947410485,-40.541522284037,-55.0543053908202
2.45,117.067556111324,102.471212362167,87.8200734296051,73.2118050620986,58.6079091599137,44.0554450619112,29.4942753063724,14.7505589115573,0.139613225574227,-14.4432183348603,-29.0494919571105,-43.6563310745482,-58.2278511501137
2.46,114.608238977765,99.9528039016117,85.2407731189628,70.5729200097531,55.9097452573315,41.29901190171,26.6788837981298,11.8728181623912,-2.7975723708201,-17.4392665127609,-32.1052673765509,-46.7710693970198,-61.4013622634737
2.47,112.14894347181,97.4344543346779,82.6614997312094,67.9340547540368,53.2116089282173,38.5426169779371,23.863542973293,8.99512037240923,-5.73472790239164,-20.4352951610096,-35.1610197207396,-49.8857372472988,-64.5748439061706
2.48,109.689667912465,94.916163476201,80.0822540262299,65.2952098689716,50.5135004482781,35.7862597099146,21.048253564809,6.11746798633288,-8.67185259045931,-23.4313048558193,-38.2167476045366,-53.0003348865156,-67.7483012845275
2.49,107.230410592285,92.3979310038125,77.5030367408221,62.6563859551063,47.8154201094169,33.0299394999317,18.2330162835113,3.23986346829962,-11.6089456675919,-26.4272961367716,-41.2724495399058,-56.1148628485622,-70.9217395833788
2.5,104.771169790115,89.8797564571219,74.9238485847461,60.0175836387941,45.1173682207927,30.2736557354562,15.4178318120416,0.362309294968395,-14.5460063796549,-29.4232695010485,-44.3281239403051,-59.2293219457414,-74.095163911749
2.51,102.311943784405,87.3616392377108,72.344690236797,57.3788035713311,42.4193451098358,27.5174077914466,12.6027007989639,-2.51519205171537,-17.483033987912,-32.4192253977345,-47.3837691258466,-62.3437132724663,-77.2685792471882
2.52,99.8527308670251,84.8435786099667,69.765562340927,54.7400464279561,39.7213511232114,24.7611950327696,9.78762385315991,-5.39263809208015,-20.4200277711736,-35.4151642222239,-50.4393833292137,-65.4580382068958,-80.4419903792215
2.53,97.3935293575034,82.3255737027812,67.1864655024376,52.1013129067129,37.0233866277254,22.0050168167114,6.97260153864403,-8.27002635659633,-23.3569870279824,-38.411086310769,-53.4949647023161,-68.5722984103927,-83.6154018523969
2.54,94.9343376176089,79.8076235121337,64.6074002842706,49.4626037271765,34.3254520111678,19.2488724955934,4.15763436988942,-11.1473543940376,-26.293911078831,-41.4069919352105,-56.5505113236577,-71.6864958247274,-86.7888179094383
2.55,92.4751540661818,77.2897269045711,62.0283672034157,46.8239196290442,31.6275476830837,16.492761419458,1.34272280781227,-14.0246197799076,-29.2307992683918,-44.4028812979227,-59.6060212063907,-74.8006326669399,-89.9622424350222
2.56,90.015977194125,74.7718826215986,59.4493667274651,44.1852613705954,28.92967407547,13.7366829388602,-1.47213274346032,-16.9018201251139,-32.1676509677537,-47.3987545270155,-62.6614923070163,-77.9147114218063,-93.1356789007152
2.57,87.5568055794567,72.2540892849827,56.8703992713363,41.5466297270234,26.23183164339,10.9806364077198,-4.28693193889263,-19.7789530848562,-35.1044655766421,-50.3946116718276,-65.7169225346957,-81.0287348318645,-96.3091303116136
2.58,85.0976379023206,69.7363454029658,54.2914651941866,38.9080254886424,23.534020865499,8.22462118625442,-7.10167449376609,-22.656016367703,-38.0412425256089,-53.3904526987492,-68.7723097611248,-84.1427058849778,-99.4825991552335
2.59,82.638472959854,67.2186493773872,51.7125647965461,36.269449458975,20.8362422444783,5.46863664397599,-9.91636018366883,-25.5330077448187,-40.977981278166,-56.3862774874072,-71.8276518309202,-87.256627799429,-102.656087353194
2.6,80.1793096808044,64.7009995116974,49.133698317689,33.6309024527269,18.1384963073699,2.71268216275239,-12.7309888430912,-28.4099250593088,-43.9146813328451,-59.3820858272524,-74.8829465724639,-90.3705040065674,-105.829596216237
2.61,77.7201471397858,62.1833940198489,46.5548659332688,30.9923852936528,15.4407836058091,-0.043242860088737,-15.5455603624527,-31.2867662356377,-46.8513422251486,-62.3778774145749,-77.9381918091459,-93.484338131042,-109.003126403115
2.62,75.2609845710677,59.6658310360361,43.9760677532365,28.3538988123212,12.7431047161478,-2.7991390085949,-18.3600746833922,-34.1635292890806,-49.7879635293695,-65.3736518499852,-80.9933853709425,-96.5981339686909,-112.176677883845
2.63,72.8018213817847,57.1483086252595,41.3973038200657,25.7154438437868,10.0454602394667,-5.55500684499647,-21.174531792135,-37.0402123351568,-52.7245448602408,-68.3694086363855,-84.0485251062592,-99.7118954621671,-115.350249907844
2.64,70.342657164459,54.6308247946741,38.8185741073027,23.0770212251771,7.34785080147289,-8.31084690647702,-23.9889317107587,-39.9168135989993,-55.661085874383,-71.3651471774612,-87.1036088939715,-102.825626674417,-118.523840977391
2.65,67.8834917087273,52.1133775056825,36.2398785184602,20.4386317932021,4.65027705227473,-11.0666597019194,-26.8032744861645,-42.7933314246006,-58.5975862715047,-74.3608667767125,-90.1586346555874,-105.939331760148,-121.69744882685
2.66,65.4243250121661,49.5959646867233,33.6612168862728,17.800276381598,1.95273966603775,-13.8224457086368,-29.6175601765661,-45.6697642838797,-61.5340457953171,-77.3565666370517,-93.2136003674556,-109.053014935443,-124.871070408066
2.67,62.9651572901122,47.0785842467036,31.0825889723306,15.1619558185129,-0.744760659486267,-16.5782053690962,-32.431788835297,-48.5461107855081,-64.4704642341115,-80.3522458609786,-96.2685040729401,-112.166680445724,-128.044701882264
2.68,60.5059889843788,44.5612340890133,28.503994467103,12.5236709238456,-3.44222320355812,-19.3339390876378,-35.2459604917444,-51.4223696834272,-67.4068414209509,-83.3479034513511,-99.3233438944831,-115.280332532267,-131.218338618778
2.69,58.046820770773,42.0439121260604,25.9254329903686,9.88542250654984,-6.13964722317691,-22.0896472272099,-38.0600751292076,-54.2985398849887,-70.3431772334186,-86.3435383127575,-102.378118045472,-118.393975397512,-134.391975200853
2.7,55.587653565323,39.5266162942539,23.3469040920582,7.24721136191366,-8.83703195393808,-24.8453301061081,-40.8741326594852,-57.1746204586458,-73.2794715928657,-89.3391492534977,-105.432824841833,-121.507613169456,-137.56560543872
2.71,53.1284885291343,37.0093445693621,20.7684072535233,4.60903826882667,-11.5343766110206,-27.6009879947573,-43.6881328939905,-60.0506106411136,-76.2157244630931,-92.3347349881707,-108.487462713261,-124.621249865389,-140.739222390093
2.72,50.6693270717939,34.4920949821651,18.189941889233,1.97090398704748,-14.2316803903069,-30.3566211125123,-46.5020755112017,-62.9265098439243,-79.1519358484015,-95.330294140866,-111.542030214018,-127.734889355327,-143.912818388156
2.73,48.210170853257,31.9748656343186,15.6115073489075,-0.667190745516888,-16.9289424696318,-33.1122296245106,-49.3159600202495,-65.802317659285,-82.0881057909353,-98.3258252489449,-114.596526033208,-130.848535325462,-147.086385077045
2.74,45.7510217841528,29.4576547143408,13.033102920088,-3.30524521550435,-19.6261620101623,-35.867813638574,-52.1297857204535,-68.6780338651567,-85.0242343672484,-101.321326767398,-117.650949004449,-133.962191242012,-150.25991345478
2.75,43.2918820244576,26.9404605136306,10.454727831143,-5.94325873675276,-22.323338157905,-38.6233732021707,-54.943551656618,-71.5536584294563,-87.9603216840051,-104.316797073754,-120.705298114883,-137.075860315848,-153.433393923509
2.76,40.8327539804933,24.4232814424227,7.87638125471015,-8.58123065290481,-25.0204700453404,-41.3789082994533,-57.7572565699107,-74.4291915132908,-90.8963678727393,-107.312234473512,-123.759572513427,-140.189545468321,-156.606816346858
2.77,38.3736403002188,21.9061160455831,5.29806231156751,-11.2191603399432,-27.7175567931793,-44.1344188483665,-60.570898844146,-77.3046334731215,-93.8323730835769,-110.307637206059,-126.813771518209,-143.303249298701,-159.780170114119
2.78,35.9145438667914,19.3889630181436,2.7197700749265,-13.8570472086482,-30.4145975122415,-46.8899046978538,-63.3844764473066,-80.1799848617564,-96.7683374778305,-113.303003451032,-129.867894623123,-146.416974053698,-162.953444210921
2.79,33.4554677903903,16.8718212204756,0.141503575137791,-16.4948907069635,-33.111591305449,-49.6453656251522,-66.1979868681501,-83.0552464280685,-99.7042612193729,-116.298331335073,-132.921941503438,-149.530721599502,-166.126627295963
2.8,30.9964153983002,14.3546896930012,-2.43673819520255,-19.132690322253,-35.8085372699321,-52.4008013332004,-69.0114270477537,-85.9304191153245,-102.640144464682,-119.29361893892,-135.975912020394,-152.644493396823,-169.299707783318
2.81,28.5373902232709,11.8375676703371,-5.01495627576289,-21.7704455834382,-38.5054344992434,-55.1562114481592,-71.8247933058459,-88.8055040580213,-105.575987351462,-122.28886430476,-139.029806224756,-155.758290479426,-172.472673929741
2.82,26.0783959901759,9.32045459477089,-7.59315173261739,-24.4081560630005,-41.2022820856721,-57.9115955170564,-74.6380812618369,-91.6805025771076,-108.511789985718,-125.284065443789,-142.083624359262,-158.872113436625,-175.645513926347
2.83,23.61943660101,6.80335012896643,-10.1713256520398,-27.0458213788402,-43.899079122654,-60.6669530055663,-77.4512857504048,-94.5554161734822,-111.447552427196,-128.279220343868,-145.137366859922,-161.985962400248,-178.818215993975
2.84,21.1605161182723,4.28625416779735,-12.7494791339723,-29.6834411959711,-46.595824707271,-63.4222832959301,-80.264400731566,-97.4302465196433,-114.383274673047,-131.274326977218,-148.191034356159,-165.099837036554,178.009231518531
2.85,18.7016387468017,1.76916684921222,-15.3276132851933,-32.3210152280462,-49.2925179428316,-66.1775856850243,-83.0774191951509,-100.304995449374,-117.318956639623,-134.269383308017,-151.244627669734,-168.213736543593,174.836840033919
2.86,16.2428088141349,-0.747911435965855,-17.9057292122124,-34.958543238697,-51.9891579415253,-68.9328593825944,-85.8903330596273,-103.179664945337,-120.25459814226,-137.264387299831,-154.298147812461,-171.327659654485,171.664620644871
2.87,13.7840307494785,-3.26498003539835,-20.4838280139204,-37.5960250426785,-54.6857438271428,-71.6881035096461,-88.7031330652392,-106.054257124463,-123.190198872958,-140.25933692272,-157.351595982686,-174.44160464709,168.492584011992
2.88,11.32530906139,-5.78203802783483,-23.0619107740271,-40.2334605068047,-57.3822747378534,-74.4433170970202,-91.5158086614441,-108.928774220995,-126.125758375801,-143.254230159933,-160.404973560534,-177.555569360512,165.320740262376
2.89,8.86664831428119,-8.29908421704697,-25.6399785533194,-42.8708495506701,-60.0787498290292,-77.1984990841424,-94.328347888662,-111.80321856708,-129.061276020015,-146.249065014024,-163.458282101919,179.330448781121,162.149098889726
2.9,6.40805310386404,-10.8161171271694,-28.2180323817755,-45.5081921471389,-62.7751682761083,-79.953648317971,-97.1407372543683,-114.677592570769,-131.996750970536,-149.243839512264,-166.51152333134,176.216452737214,158.977668657002
2.91,3.94952803167092,-13.3331349995221,-30.7960732505729,-48.1454883226034,-65.4715292774858,-82.7087635521324,-99.9529616035924,-117.55189869131,-134.932182155948,-152.238551711192,-169.564699133469,173.102445811202,155.806457502614
2.92,1.49107767879237,-15.8501357909751,-33.3741021040269,-50.7827381569909,-68.167832057422,-85.4638434462697,-102.765003983911,-120.426139411608,-137.867568233683,-155.233199700133,-172.617811543569,169.988431602675,152.635472451149
2.93,-0.967293421017285,-18.3671171739197,-35.9521198315021,-53.4199417835268,-70.8640758689582,-88.2188865655962,-105.576845505054,-123.300317207719,-140.802907552349,-158.227781603533,-175.670862736778,166.874413950808,149.464719529631
2.94,-3.42558080870722,-20.8840765378906,-38.5301272593371,-56.0570993882314,-73.5602599968272,-90.9738913806672,-108.388465193275,-126.174434515276,-143.738198111065,-161.222295581904,-178.723855016286,163.760396868855,146.294203690316
2.95,-5.88378012760219,-23.4010109928862,-41.1081251428249,-58.6942112091566,-76.2563837603492,-93.7288562673764,-111.199839840663,-129.048493692711,-146.673437515676,-164.216739831215,178.223209199517,160.646384469497,143.123928740947
2.96,-8.34188715120681,-25.917917374414,-43.6861141582927,-61.3312775353528,-78.9524465162995,-96.4837795071781,-114.010943849619,-131.922496981161,-149.608622931742,-167.211112580517,175.170327390898,157.532380880904,139.953897283427
2.97,-10.7998978109621,-28.4347922502909,-46.2640948953244,-63.9682987055637,-81.6484476617372,-99.2386592875451,-116.821749072738,-134.796446460956,-152.543751034172,-170.205412087602,172.117496951538,154.418390153405,136.784110661755
2.98,-13.2578082237721,-30.9516319292068,-48.8420678491721,-66.6052751066488,-84.344386636783,-101.993493702664,-119.632224648401,-137.67034400456,-155.478817953407,-173.199636632487,169.064715204158,151.304416156761,133.61456892008
2.99,-15.7156147191123,-33.4684324710578,-51.4200334133988,-69.2422071717249,-87.0402629273334,-104.748280754374,-122.442336832381,-140.544191225877,-158.41381921803,-176.193784508492,166.011979416901,148.190462468066,130.445270771605
3,-18.1733138655314,-35.9851896990397,-53.9979918727986,-71.8790953780374,-89.7360760676984,-107.503018353351,-125.252048825849,-143.417989425822,-161.348749693717,-179.187854010695,162.959286820404,145.076532250413,127.276213579031
3.01,-20.6309024963578,-38.5018992134865,-56.5759433966398,-74.5159402445552,-92.4318256431529,-110.257704320543,-128.058710046628,-146.291769962847,-164.281751726123,177.818147308157,159.90663462547,141.962754535291,124.107521238032
3.02,-23.0883777344203,-41.018556407421,-59.1538880322712,-77.1527423292922,-95.1275112923857,-113.012336388855,-130.866502374414,-149.165537462016,-167.215556037649,174.824231762798,156.854020041227,138.849034974515,120.939007675784
3.03,-25.5457370155963,-43.5351564837804,-61.7318256991409,-79.7895022263643,-97.823132709838,-115.766912205097,-133.675220475065,-152.039292335898,-170.149992453677,171.830399142538,153.801440293699,135.735385882156,117.770678230674
3.04,-28.0029781110016,-46.0516944742632,-64.309756183263,-82.4262205627793,-100.518689647915,-118.521429332183,-136.484677356818,-154.913035958735,-173.084909039735,168.836649134268,150.748892644661,132.621819102414,114.60253481394
3.05,-30.4600991476429,-48.5681652597346,-66.8876791321786,-85.0628979949717,-103.214181919063,-121.275885251585,-139.294703841463,-157.786770516467,-176.020171323602,165.842981347173,147.696374410687,129.508346059353,111.434576159439
3.06,-32.91709862736,-51.0845635921181,-69.4655940504498,-87.6995352050913,-105.909609397696,-124.03027736606,-142.105147973282,-160.660498869651,-178.955661464914,162.84939533178,144.643882982267,126.394977793102,108.266798072624
3.07,-35.3739754438843,-53.6008841176845,-72.0435002957215,-90.3361328970485,-108.604972021961,-126.784603002621,-144.915874372206,-163.534224428714,178.108722619702,159.855890593998,141.59141584289,123.281724983513,105.099193678699
3.08,-37.8307288978611,-56.1171214016452,-74.6213970753908,-92.97269179233,-111.300269795334,-129.53885941578,-147.726763537668,-166.407951040917,175.173068168015,156.862466604768,138.538970587976,120.168597962288,101.931753669876
3.09,-40.2873587096815,-58.6332699539421,-77.1992834439175,-95.6092126256006,-113.995502788036,-132.29304379104,-150.537711109688,-169.281682888435,172.23744851229,153.869122805931,135.486544943533,117.055606714604,98.7644665515853
3.1,-42.7438650299852,-61.1493242561155,-79.7771583008035,-98.2456961400955,-116.690671138247,-135.047153248652,-153.348627093637,-172.155424396911,169.301924040509,150.875858612891,132.434136784439,113.942760871321,95.5973188874668
3.11,-45.2002484477071,-63.6652787891255,-82.3550203892745,-100.882143082827,-119.385775053122,-137.80118484762,-156.15943505507,-175.029180153836,166.366543171301,147.882673414615,129.381744152215,110.830069692843,92.4302955428797
3.12,-47.6565099955539,-66.1811280619899,-84.9328682956878,-103.518554199613,-122.080814809595,-140.555135589967,-158.970071290881,-177.90295483612,163.431343335531,144.8895665715,126.329365272195,107.717542045732,89.2633799266492
3.13,-50.1126511528076,-68.6968666410926,-87.5107004496881,-106.154930229951,-124.77579075496,-143.309002425234,-161.78048398286,179.223246853806,160.496351957715,141.896537411578,123.276998569964,104.605186373173,86.0965542306975
3.14,-52.5686738453728,-71.2124891800122,-90.0885151251344,-108.791271901747,-127.470703307213,-146.062782255244,-164.590632339533,176.349420243994,157.561587430854,138.903585225525,120.224642686966,101.493010660369,82.9297996671658
3.15,-55.024580442996,-73.7279904497083,-92.6663104418096,-111.427579925931,-130.165552955168,-148.816471939085,-167.400485731954,173.475560741738,154.627060078577,135.910709260892,117.172296495173,98.3810223959476,79.7630967025839
3.16,-57.4803737536044,-76.2433653689002,-95.2440843679297,-114.063854990968,-132.860340258312,-151.570068298346,-170.210022828847,170.6016638757,151.69277309891,132.917908715932,114.119959110711,95.2692285304245,76.5964252885992
3.17,-59.936057014728,-78.7586090344662,-97.8218347234599,-116.700097757289,-135.555065846417,-154.323568122566,-173.019230736254,167.727725332037,148.758723484337,129.925182733398,111.067629906348,92.1576354327661,73.4297650887308
3.18,-62.3916338819871,-81.273716751684,-100.399559184241,-119.336308851673,-138.24973041889,-157.076968174911,-175.828104146531,164.853740985103,145.824902913275,126.932530394591,108.015308522763,89.0462488460265,70.2630957005776
3.19,-64.8471084146445,-83.7886840641347,-102.977255286931,-121.972488861582,-140.94433474385,-159.830265198066,-178.63664450128,161.979706923327,142.891298608441,123.939950713975,104.962994878494,85.9350738430282,67.0963968728646
3.2,-67.3024850582446,-86.3035067830852,-105.554920434755,-124.608638329507,-143.638879656948,-162.583455920328,178.555140827548,159.105619470798,139.957894158052,120.947442634575,101.910689178497,82.8241147829869,63.9296487166817
3.21,-69.7577686243735,-88.8181810161616,-108.132551904057,-127.24475774731,-146.333366059904,-165.336537061898,175.747239334402,156.231475205099,137.024670296186,117.955005024383,98.8583919212473,79.7133752699469,60.7628319102333
3.22,-72.2129642676022,-91.3327031951314,-110.710146851648,-129.880847550622,-149.027794918773,-168.089505341354,172.939634151104,153.35727097189,134.091605639055,114.962636673938,95.8061039043194,76.6028581138271,57.5959278963904
3.23,-74.6680774596883,-93.8470701026066,-113.287702322923,-132.516908113301,-151.722167261933,-170.842357482313,170.132304788726,150.483003896704,131.158677374366,111.97033629523,92.7538262283844,73.4925652948323,54.4289190723111
3.24,-77.1231139611317,-96.3612788974818,-115.865215260741,-135.152939741987,-154.416484177788,-173.595090220235,167.325227847345,147.608671394399,128.225861901352,108.978102522028,89.7015602995929,70.3824979319081,51.2617889703771
3.25,-79.5780797902037,-98.8753271389307,-118.442682515028,-137.788942670785,-157.110746812204,-176.347700309407,164.518377690999,144.734271176677,125.293135419453,105.985933911724,86.649307830295,67.2726562558655,48.0945224296804
3.26,-82.0329811895818,-101.389212808778,-121.020100853093,-140.424917056078,-159.804956365652,-179.100184530046,161.71172708544,141.859801258034,122.360474464052,102.993828948719,83.59707083808,64.1630395877277,44.9271057572771
3.27,-84.4878245907439,-103.902934332076,-123.597466970604,-143.060862971542,-162.499114090089,178.14746030447,158.905247796627,138.985259960481,119.427856388048,100.001786049392,80.5448516431172,61.0536463227769,41.7595268784465
3.28,-86.9426165762946,-106.41649059572,-126.17477750321,-145.696780403344,-165.193221285554,175.395237340244,156.098911148165,136.110645917341,116.495259788454,97.0098035686352,77.4926528637903,57.9444739207262,38.5917754751539
3.29,-89.3973638404138,-108.929880964946,-128.752029038742,-148.332669245579,-167.887279296505,172.643149675421,153.292688536244,133.235958076379,113.562664877576,94.0178798079163,74.4404774106314,54.8355189023436,35.4238431119784
3.3,-91.8520731476287,-111.443105297546,-131.329218129974,-150.968529295969,-170.581289507878,169.891200352658,150.486551900871,130.3611957025,110.630053798725,91.0260130248251,71.3883284785712,51.7267768528057,32.255723348743
3.31,-94.3067512901362,-113.956163955675,-133.906341307875,-153.604360251839,-173.275253340906,167.13939235154,147.680474152534,127.486358380199,107.697410886769,88.0342014440133,68.336209537528,48.6182424319723,29.0874118391359
3.32,-96.7614050439083,-116.469057815119,-136.483395095316,-156.240161706409,-175.969172248666,164.387728580929,144.874429553678,124.611446015924,104.764722874185,85.0424432694387,65.2841243213722,45.5099093917093,25.9189064146303
3.33,-99.216041123831,-118.981788271875,-139.060376021161,-158.875933145427,-178.663047711397,161.636211871304,142.06839405467,121.736458840467,101.831979043644,82.0507366977919,62.232076815315,42.4017706003077,22.7502071530636
3.34,-101.670666138139,-121.494357245983,-141.637280634699,-161.511673944152,178.643118768423,158.884844967072,139.262345584211,118.861397411476,98.899171328463,79.05907993298,59.1800712417749,39.2938180739877,19.5813164312796
3.35,-104.125286542423,-124.006767182468,-144.214105520339,-164.147383364736,175.949325671225,156.133630518901,136.456264294385,115.986262616126,95.9662943626332,76.0674712015182,56.1281120447882,36.1860430153979,16.4122389613025
3.36,-106.579908593478,-126.519021049341,-146.790847312523,-166.783060554007,173.255571465709,153.382571076071,133.650132760843,113.111055673984,93.0333454823932,73.0759087686762,53.0762038730443,33.0784358589622,13.2429818095737
3.37,-109.034538303313,-129.031122332587,-149.367502710766,-169.418704541685,170.561854614405,150.631669078869,130.843936138821,110.235778140046,90.1003246816602,70.0843909552117,50.0243515616243,29.970986322859,10.073554398862
3.38,-111.489181393581,-131.543075028083,-151.944068494777,-172.054314239049,167.868173579426,147.880926851065,128.037662275973,107.360431907919,87.1672345238936,67.0929161545217,46.9725601125417,26.8636834673599,6.90396849254255
3.39,-113.943843250761,-134.054883630414,-154.520541539576,-174.689888438073,165.174526828396,145.130346592467,125.231301783221,104.48501921307,84.2340800132396,64.1014828500288,43.9208346741879,23.7565157591918,3.73423816102753
3.4,-116.39852888239,-136.566553118582,-157.096918830537,-177.325425811055,162.480912840533,142.379930371592,122.424848065033,101.609542636067,81.3008684280565,61.1100896326272,40.8691805197878,20.6494711415446,0.56437973023139
3.41,-118.853242874636,-139.078088938586,-159.673197478282,-179.960924910737,159.787330112884,139.62968011847,119.618297310813,98.7340051056886,78.3676091201537,58.1187352180015,37.8176030249898,17.542537109278,-2.60558828792835
3.42,-121.307989351539,-141.589496982911,-162.249374733361,177.403615829045,157.093777166682,136.879597617609,116.811648449216,95.858409901794,75.4343132832857,55.1274184636399,34.7661076447081,14.4357007888555,-5.7756452829128
3.43,-123.762771936204,-144.10078356695,-164.825448000626,174.768198092186,154.400252553816,134.129684501132,114.004903067469,92.9827606577866,72.5009936946368,52.1361383853601,31.7146998893488,11.3289490224694,-8.94576865058776
3.44,-126.217593714256,-146.611955402415,-167.401414853233,172.132823678606,151.706754863396,131.379942242129,111.198065297931,90.1070613625345,69.5676644331954,49.1448941731769,28.6633853005557,8.22226845580368,-12.1159339155655
3.45,-128.672457199832,-149.123019567815,-169.9772730462,169.497494501984,149.013282728385,128.630372148228,108.391141674292,87.2313163615715,66.6343405790672,46.1536852063374,25.6121694266117,5.11564562882787,-15.2861148703951
3.46,-131.127364304411,-151.633983476074,-172.553020529432,166.862212586956,146.319834832291,125.88097535542,105.584140959987,84.3555303574115,63.7010378978876,43.162511067369,22.561057797639,2.00906706900229,-18.4562837310106
3.47,-133.58231630873,-154.144854839427,-175.128655460157,164.226980065742,143.626409915891,123.131752822164,102.777073951556,81.4797084087995,60.7677725145972,40.1713715549811,19.5100559007424,-1.09748061376425,-21.6264113077172
3.48,-136.037313838055,-156.655641631689,-177.70417621468,161.591799174235,140.93300678397,120.382705323789,99.9699532597712,78.6038559287268,57.8345605809042,37.1802666956836,16.459169155241,-4.20401063107053,-24.7964671908679
3.49,-138.492356841048,-159.166352048062,179.720418600601,158.956672247528,138.239624312043,117.63383344722,97.1627930715247,75.7279786810376,54.9014179408046,34.1891967539885,13.4084028881332,-7.3105359195856,-27.9664199502564
3.5,-140.947444572447,-161.676994462636,177.145130138993,156.32160171488,135.546261453059,114.885137586061,94.3556088955185,72.8520827754652,51.9683597985419,31.1981622410781,10.3577623099444,-10.4170690449008,-31.1362373471255
3.51,-143.402575579765,-164.187577383763,174.569959304191,153.686590094179,132.852917244047,112.136617936038,91.5484172949207,69.9761746609438,49.0354003933786,28.2071639218343,7.30725249109873,-13.5236221064703,-34.305886557567
3.52,-145.857747694193,-166.698109407503,171.994906741905,151.05163998583,130.159590812682,109.388274490847,88.7412356101922,67.100261117057,46.1025526855117,25.2162028201393,4.25687833895694,-16.6302066440652,-37.4753344059768
3.53,-148.312958025869,-169.208599169341,169.419972832495,148.416754066157,127.466281383766,106.64010703843,85.9340816753513,64.2243492434993,43.1698280573969,22.2252802223725,1.20664457566491,-19.7368335469097,-40.6445476071088
3.54,-150.768202963634,-171.719055294426,166.845157684671,145.781935080283,124.772988285574,103.892115157675,83.126973530967,61.3484464474508,40.2372360346592,19.2343976790432,-1.8434442830599,-22.843512965728,-43.8134930151719
3.55,-153.223478179405,-174.229486346548,164.27046113032,143.147185834545,122.079710956067,101.144298215601,80.3199291371856,58.4725604287818,37.3047840306444,16.2435570045181,-4.89338394806744,-25.9502542286566,-46.9821378783138
3.56,-155.678778637224,-176.739900776119,161.695882720503,140.512509188425,119.386448948933,98.3966553650166,77.512966090092,55.5966991630395,34.3724771185328,13.2527602748122,-7.94317037571733,-29.0570657615967,-50.1504500967412
3.57,-158.134098607049,-179.250306867429,159.121421722671,137.877908046055,116.69320193944,95.6491855427,74.7061013446776,52.7208708821875,31.4403178347618,10.262009823437,-10.9927997855072,-32.1639550136525,-53.318398482653
3.58,-160.589431683302,178.239287314557,156.547077119139,135.243385347307,113.999969730074,92.9018874680938,71.8993509476477,49.8450840531064,28.5083060173236,7.27130823530698,-14.0422686762771,-35.2709283882693,-56.4859530200834
3.59,-163.044770808163,175.728873977566,153.972847606872,132.608944058497,111.306752255941,90.1547596425534,69.0927297832424,46.9693473538984,25.576438682294,4.28065833873144,-17.0915738408851,-38.3779911806493,-59.6530851226934
3.6,-165.500108299571,173.21844565525,151.398731598588,129.974587162731,108.613549589917,87.4078003491609,66.286251335162,44.0936696480688,22.644709941717,1.29006319552377,-20.1407123792645,-41.4851475219857,-62.8197678875001
3.61,-167.955435883855,170.707995259989,148.824727225225,127.340317649946,105.920361947505,84.6610076531202,63.4799274675998,41.2180599566996,19.7131109657232,-1.70047391071263,-23.1896817097783,-44.5924003310188,-65.9859763424899
3.62,-170.410744732884,168.19751613495,146.250832339793,124.70613850665,103.227189691401,81.9143794027389,60.6737682282694,38.3425274287703,16.7816299914968,-4.69094948805771,-26.2384795787957,-47.6997512733671,-69.1516876860337
3.63,-172.866025505607,165.687002105093,143.67704452261,122.072052705437,100.534033335734,79.1679132310281,57.8677816761884,35.4670813098161,13.8502523814212,-7.68135985142053,-29.2871040684312,-50.8072007290445,-72.3168815160063
3.64,-175.321268393793,163.176447526803,141.103361087957,119.438063194275,97.8408935499562,76.4216065579149,55.0619737368409,32.5917309091614,10.9189607324341,-10.6717011392632,-32.3355536023948,-53.9147477685165,-75.481540046503
3.65,-177.776463171779,160.665847335836,138.529779092127,116.804172885656,95.1477711623764,73.6754565930809,52.256348087181,29.7164855660049,7.9877350383218,-13.6619693317913,-35.3838269499125,-57.0223901375966,-78.6456483100526
3.66,179.76840075002,158.155197093271,135.956295342891,114.170384645612,92.4546671633075,70.9294603394424,49.4509060727746,26.8413546146769,5.05655290634473,-16.6521602704917,-38.4319232276927,-60.1301242514254,-81.8091943432404
3.67,177.313334268104,155.644493029145,133.382906410358,111.536701282663,89.7615827078138,68.1836145972619,46.6456466591951,23.9663473494315,2.12538982926205,-19.6422696788802,-41.479841899923,-63.2379451977107,-84.9721693536792
3.68,174.858348525679,153.133732083467,130.809608639212,108.903125536743,87.0685191180407,65.4379159688994,43.840566419589,21.091472989177,-0.805780486534087,-22.632293184323,-44.5275827762971,-66.34584674935,-88.1345678663107
3.69,172.403454849585,150.622911944325,128.236398162312,106.26966006814,84.3754778851088,62.6923608642058,41.0356595601361,18.2167406425952,-3.73698573640933,-25.6222263407763,-47.5751460080845,-69.4538213864828,-91.2963878470488
3.7,169.948664684696,148.112031082774,125.663270915627,103.636307446524,81.6824606705637,59.9469455065492,38.2309179848991,15.34215927413,-6.66825457642092,-28.6120646522869,-50.6225320822655,-72.5618603279638,-94.4576308018553
3.71,167.493989526189,145.601088784246,123.090222654454,101.00307014008,78.9894693073596,57.2016659394706,35.4263314013504,12.4677376713783,-9.5996161261727,-31.6018035970908,-53.6697418137753,-75.6699535721705,-97.6183018493817
3.72,165.039440850064,143.090085176194,120.517248970901,98.3699505048179,76.2965058003714,54.4565180339497,32.62188746762,9.5934844144408,-12.5310994163669,-34.5914386521404,-56.7167763359084,-78.7780899470016,-100.7784097654
3.73,162.585030042352,140.579021251746,117.944345312572,95.7369507741142,73.6035723264233,51.7114974962858,29.8175719822774,6.71940784783424,-15.4627327822135,-37.5809653178851,-59.7636370889474,-81.8862571688425,-103.937966997322
3.74,160.130768327445,138.0678988891,115.371507002396,93.1040730485126,70.9106712338237,48.9665998765538,27.0133691172099,3.84551605559459,-18.3945432042632,-40.5703791431383,-62.8103258071045,-84.9944419102198,-107.09698964719
3.75,157.676666695997,135.556720866472,112.79872925955,90.4713192858605,68.2178050414013,46.2218205776353,24.2092616939116,0.971816840234111,-21.3265555986326,-43.5596757498471,-65.8568445038648,-88.1026298757886,-110.255497421646
3.76,155.222735832866,133.045490872393,110.226007221403,87.8386912918061,65.5249764370383,43.4771548647875,21.4052315032325,-1.90168229376415,-24.2587920590113,-46.5488508576002,-68.9031954558458,-91.2108058862424,-113.413513547452
3.77,152.768986045581,130.534213511163,107.653335966401,85.2061907107325,62.8321882756977,40.7325978757183,18.6012596683825,-4.77497415119968,-27.1912710532499,-49.5379003076951,-71.9493811852979,-94.3189539696633,-116.571064651299
3.78,150.315427193799,128.02289430335,105.080710537818,82.5738190171475,60.1394435769449,37.9881446311603,15.7973270507071,-7.64805185142846,-30.124006577762,-52.5268200866035,-74.9954044413876,-97.4270574597784,-119.728180602708
3.79,147.862068620259,125.51153968117,102.508125968294,79.9415775076023,57.4467455219722,35.2437900458734,12.9934146974868,-10.5209088269101,-33.0570072733911,-55.5156063486692,-78.0412681804184,-100.535099100527,-122.884894319021
3.8,145.408919083699,123.00015697868,99.9355773050501,77.3094672931601,54.754097450128,32.4995289400657,10.1895043307293,-13.393538814272,-35.9902755068274,-58.5042554378838,-81.0869755451684,-103.643061156291,-126.04124153155
3.81,142.955986694229,120.488754416706,97.3630596356992,74.677489292479,52.0615028549697,29.7553560511746,7.38557887564393,-16.2659358371289,-38.9238064220893,-61.4927639085927,-84.1325298435329,-106.750925527094,-129.197260512161
3.82,140.503278851633,117.977341082463,94.7905681145428,72.0456442255401,49.3689653798593,27.0112660459665,4.58162302720793,-19.1380941798878,-41.8575869670015,-64.481128544993,-87.1779345266862,-109.85867386803,-132.352991759675
3.83,138.050802187065,115.465926903868,92.2180979892458,69.413932608057,46.6764888131317,24.2672535329026,1.7776238529393,-22.0100083517801,-44.7915949000353,-67.4693463792944,-90.2231931669971,-112.96628771214,-135.508477645679
3.84,135.598562508586,112.954522618569,89.6456446277789,66.7823547466051,43.9840770828771,21.5233130747238,-1.02642857029084,-24.8816730403637,-47.7257977832778,-70.457414708426,-93.2683094359559,-116.073748595928,-138.663762019468
3.85,133.146564750982,110.443139737736,87.0732035455108,64.1509107345204,41.2917342514049,18.7794392011923,-3.83054048786853,-27.7530830537535,-50.6601519677047,-73.4453311091876,-96.3132870823955,-119.181038186675,-141.818889772066
3.86,130.694812930286,107.931790504722,84.5007704323303,61.51960044856,38.5994645094764,16.0356264219319,-6.6347137702207,-30.6242332508566,-53.5946015773085,-76.43309345175,-99.3581299113247,-122.288138410689,-144.973906359441
3.87,128.243310103373,105.420487848699,81.9283411796712,58.8884235463968,35.9072721704463,13.2918692393147,-9.43894518981807,-33.4951184589136,-56.5290774990033,-79.4206999114356,-102.402841763721,-125.395031581619,-148.128857285253
3.88,125.792058333017,102.909245333432,79.3559119073181,56.2573794649448,33.2151616645294,10.54816216132,-12.2432256757257,-36.365733377671,-59.4634963855536,-82.4081489787131,-105.447426497675,-128.501700527945,-151.283787543687
3.89,123.341058658743,100.39807710138,76.7834789898565,53.6264674195346,30.5231375335275,7.80449971430882,-15.0475395493256,-39.2360724695546,-62.3977596790876,-85.3954394673693,-108.491887971308,-131.608128718768,-154.438741023159
3.9,120.89031107377,97.8869978133462,74.2110390826398,50.9956864039734,27.8312044265846,5.06087645564808,-17.8518637451107,-42.1061298352426,-65.3317526630091,-88.3825705208307,-111.536230027966,-134.714300387014,-157.593759871932
3.91,118.439814508331,95.3760225839213,71.6385891471362,48.3650351914885,25.1393670979306,2.31728698611998,-20.6561670207276,-44.9758990740911,-68.2653435503472,-91.3695416166314,-114.580456484188,-137.8202006492,-160.748883826926
3.92,115.989566819599,92.8651669130128,69.0661264755211,45.7345123365664,22.4476304083499,-0.426274037949879,-23.460409160713,-47.8453731289124,-71.1983826167397,-94.3563525690432,-117.624571121068,-140.925815620918,-163.904149507299
3.93,113.539564788422,90.3544466137692,66.4936487143802,43.1041161776914,19.7559993336471,-3.16981189290493,-26.2645401786256,-50.7145441146662,-74.130701386362,-97.3430035299084,-120.668577679608,-144.031132527243,-167.059589674662
3.94,111.089804123024,87.8438777372398,63.9211538873842,40.4738448409958,17.0644789866504,-5.91333177637421,-29.0684995225138,-53.5834031306858,-77.0621118791365,-100.329494987735,-123.712479860745,-147.136139807291,-170.215232462063
3.95,108.640279469792,85.3334764941392,61.3486404168018,37.8436962447922,14.3730746667441,-8.6568387963505,-31.8722152888854,-56.4519400561292,-79.9924059275306,-103.315827765154,-126.756281330699,-150.240827212235,-173.371100574239
3.96,106.190984431218,82.8232591741095,58.7761071437169,35.2136681050179,11.6817919693708,-11.4003379607839,-34.6756034505521,-59.320143328425,-82.92135457113,-106.302003014848,-129.799985732244,-153.345185896138,-176.527210461927
3.97,103.741911591038,80.3132420628943,56.2035533468149,32.5837579415385,8.99063703849717,-14.1438341677408,-37.4785671038968,-62.1879997045594,-85.8487075369672,-109.288022214126,-132.843596702362,-156.449208499035,-179.683571473376
3.98,101.293052546535,77.8034413578608,53.6309787596094,29.9539630853314,6.29961720233718,-16.8873321961753,-40.2809957412652,-65.05549400514,-88.7741928132867,-112.273887158331,-135.887117896424,-159.552889221837,177.159815013457
3.99,98.8443979479694,75.2938730823257,51.0583835859822,27.3242806865046,3.60874280589153,-19.6308366973443,-43.082764554301,-67.9226088412666,-91.6975163240354,-115.259599953344,-138.930553018523,-162.65622389271,174.002956474171
4,96.3959375450107,72.7845529991522,48.4857685139121,24.6947077231347,0.918033571073629,-22.3743521869055,-45.8837337741289,-70.7893243243394,-94.6183617108696,-118.245163007488,-141.973905856723,-165.759210024777,170.845870132446
4.01,93.9476602400262,70.2754965241004,45.9131347272732,22.0652410109016,-1.77245577990743,-25.117883037716,-48.6856939197467,-73.657956882888,-97.5386836017698,-121.230579023253,-145.017180320673,-168.861846865126,167.694493992153
4.02,91.4995541480309,67.7667186394256,43.3404839155919,19.4358772134793,-4.46273229397191,-27.8614334733461,-51.4873376429529,-76.5251763265582,-100.461476806613,-124.215850989316,-148.060380477142,-171.964135435574,164.540800572506
4.03,89.0516066630488,65.2582338082211,40.7678182816497,16.8066128536487,-7.15350127495992,-30.6050075623115,-54.2886533067407,-79.3912785081071,-103.386381974642,-127.200982173546,-151.103510576419,-175.066078565532,161.385088175546
4.04,86.6038045305981,62.7500558900076,38.1951405468343,14.177444325097,-9.84373338352288,-33.3486092130238,-57.0896296734642,-82.2565139719646,-106.313069283404,-130.185976117803,-154.14657505925,-178.167680918337,158.22763360468
4.05,84.1561339259673,60.2421980580781,35.6224539541456,11.548367904858,-12.5337199994681,-36.0922421694304,-59.8902557988683,-85.1210924987892,-109.241237796531,-133.170836635698,-157.189578530157,178.731050987455,155.068692999093
4.06,81.7085805379034,57.7346727190927,33.0497622687665,8.91937976634816,-15.2235326608443,-38.8359100073295,-62.6905209384576,-87.9851873842238,-112.170614674721,-136.155567814799,-160.232525679354,175.630108759235,151.908502729509
4.07,79.2611296572913,55.2274914354234,30.4770697761271,6.29047599294454,-17.913173535529,-41.5796161313094,-65.4904144659301,-90.8489394716264,-115.100954255213,-139.140174025429,-163.275421133122,172.529482110348,148.747280342468
4.08,76.8137662703692,52.7206648507373,27.9043812773906,3.66165259206413,-20.6026384832048,-44.3233637722634,-68.2899258033493,-93.7124609565105,-118.032037015797,-142.124659939,-166.318269213497,169.429158833691,145.585225540543
4.09,74.3664751559763,50.21420261929,25.3317020823074,1.03290550967572,-23.2919228218943,-47.0671559854204,-71.0890443626851,-96.5758389792448,-120.963668440077,-145.109030560185,-169.361073595135,166.329124761497,142.42252118634
4.1,71.9192409862998,47.7081133393932,22.7590379993884,-1.59576935480264,-25.9810220231986,-49.8109956488108,-73.8877594983126,-99.4391390224566,-123.895677801391,-148.093291279271,-172.403836862824,163.22936370089,139.259334318591
4.11,69.4720484305541,45.2024044915009,20.1863953233665,-4.22437613328242,-28.6699317891742,-52.5548854620826,-76.6860604700223,-102.30240813095,-126.827916883584,-151.077447954314,-175.446559998822,160.129857330863,136.095817169298
4.12,67.024882260986,42.6970823813347,17.6137808199216,-6.85291897351949,-31.3586480461776,-55.2988279455735,-79.4839364160625,-105.165677975466,-129.760258658063,-154.061507038041,-178.489241862596,157.030585041486,132.932108171559
4.13,64.5777274605808,40.1921520884501,15.0412017076621,-9.48140202342968,-34.0471669338838,-58.0428254395294,-82.2813763357064,-108.02896778854,-132.692595938486,-157.045475773536,178.468121241112,153.9315236912,129.768332948503
4.14,62.1305693318107,37.6876174206202,12.4686656373685,-12.109829415267,-36.735484799728,-60.786880103355,-85.0783690808151,-110.892287213294,-135.624840037945,-160.02936249842,175.425535790388,150.832647255691,126.604605274593
4.15,59.683393605746,35.1834808743797,9.89618066851503,-14.7382052497256,-39.4235981982835,-63.5309939147757,-87.8749033558501,-113.755639128595,-138.556919459841,-163.013177125773,172.383010964694,147.733926349726,123.441028001438
4.16,57.2361865508356,32.6797436020499,7.32375524310875,-17.3665335800346,-42.1115038939173,-66.2751686687794,-90.6709677257774,-116.619022554995,-141.488778665659,-165.996931923868,169.340558196762,144.635327640522,120.277693941168
4.17,54.788935080637,30.1764053855265,4.75139815688996,-19.9948183961096,-44.7991988654248,-69.0194059762094,-93.4665506313013,-119.482435822558,-144.420376986189,-168.980642823829,166.298190382064,141.536813281223,117.11468670139
4.18,52.3416268597748,27.6734646170813,2.17911852796293,-22.623063608823,-47.4866803117758,-71.7637072618737,-96.2616404108669,-122.345880331453,-147.35168779024,-171.964331710078,163.255920859978,138.438340765515,113.952081466658
4.19,49.8942504073962,25.1709182873935,-0.393074237062287,-25.2512730344596,-50.1739456584085,-74.5080737620327,-99.0562253288878,-125.209365544419,-150.282698126744,-174.948030659848,160.213762344722,135.339864189045,110.789945722366
4.2,47.4467951973832,22.6687619809861,-2.96517047931931,-27.8794503794235,-52.8609925637216,-77.2525065211398,-101.850293609678,-128.072916528088,-153.213409290273,-177.931790362403,157.171725995503,132.241338931402,107.628339917909
4.21,44.9992517545899,20.166989879207,-5.53716032621264,-30.5075992252548,-55.5478189255317,-79.9970063877019,-104.643833476614,-130.936586975279,-156.143839347253,179.084301561597,154.129820769873,129.142732901173,104.467318066867
4.22,42.5516117463773,17.665594770856,-8.10903373208435,-33.1357230140172,-58.2344228873467,-82.7415740091427,-107.436833196112,-133.800484897072,-159.074030308262,176.100075494333,151.088053123058,126.044046629504,101.30692828286
4.23,40.1038680687244,15.1645680705136,-10.6807805208774,-35.763825034123,-60.9208028443647,-85.4862098255557,-110.229281126144,-136.664830951189,-162.004067999976,173.115147872669,148.046427031734,122.945336680613,98.147213250602
4.24,37.6560149262153,12.6638998445908,-13.2523904306243,-38.391908406646,-63.6069574491443,-88.2309140622511,-113.021165769142,-139.530115126534,-164.934144222155,170.128414562995,145.004944261133,119.846719910889,94.9882106324767
4.25,35.2080479052215,10.1635788450782,-15.8238531595757,-41.0199760721804,-66.2928856169208,-90.9756867210073,-115.81247582946,-142.397629516953,-167.864809716658,167.134813531916,141.963604770747,116.7483297719,91.8299534117421
4.26,32.759964039621,7.66359255092426,-18.3951584137666,-43.6480307783012,-68.9785865305763,-93.7205275699627,-118.603200275997,-145.272171431347,-170.79876729579,163.950566019149,138.922407161394,113.650236546709,88.6724701741906
4.27,30.311761868431,5.16392721693958,-20.9662959558019,-46.2760750676762,-71.664059645299,-96.4654361320962,-121.39332841138,-148.201075820562,-172.721191872868,161.220869815471,135.88134909217,110.552400932291,85.5157853307602
4.28,27.863441484765,2.66456793007491,-23.5372556546194,-48.9041112668755,-74.3493046929974,-99.2104116722674,-124.182849950519,-150.942690814739,-176.634325315347,158.223082000592,132.840427626071,107.454704304225,82.3599192841982
4.29,25.4150045755656,0.165498672883614,-26.1080275359776,-51.5321414759242,-77.034321686583,-101.955453182809,-126.971755114024,-153.78947136242,-179.567449681377,155.235873359529,129.799639489088,104.357014305423,79.2048885434227
4.3,22.9664544516101,-2.33329760606682,-28.6786018333993,-54.1601675586458,-79.7191109242969,-104.700559367691,-129.760034747279,-156.667123461409,177.503025102156,152.251124899123,126.758981245477,101.259227947143,76.0507057897074
4.31,20.5177960673423,-4.83183891510216,-31.2489690392762,-56.7881911338231,-82.4036729943287,-107.445728625292,-132.547680487278,-159.534690790503,174.57450679774,149.26736236193,123.718449401758,98.1612804559248,72.8973798992222
4.32,18.0690360301287,-7.33014413598652,-33.8191199558386,-59.4162135672239,-85.0880087801189,-110.190959029853,-135.334685025244,-162.399402771125,171.646451651794,146.284112674581,120.678040455629,95.0631367098009,69.7449159267952
4.33,15.6201825986085,-9.82823293445396,-36.3890457456678,-62.0442359645174,-87.7721194669086,-112.936248311697,-138.121042578163,-165.262906354993,168.718660702381,143.301177213114,117.637750905784,91.9647800900107,66.5933150560157
4.34,13.171245669866,-12.3261256651156,-38.9587379814204,-64.6722591651049,-90.4560065504068,-115.681593836339,-140.906749866409,-168.125831751811,165.791034051875,140.318457935583,114.597577236393,88.8662043271617,63.4425745209573
4.35,10.7222367552204,-14.8238432711726,-41.5281886944205,-67.3002837368986,-93.1396718489154,-118.426992582626,-143.691808500277,-170.988530120142,162.86350879073,137.335900896681,111.557515887087,85.7674087393793,60.292687504862
4.36,8.27316894450443,-17.3214071793953,-44.0973904217643,-69.9283099720598,-95.823117521034,-121.172441120079,-146.476232147236,-173.851641317118,159.936037521678,134.353474035397,108.517563216514,82.6683958141938,57.1436430210613
4.37,5.82405685877447,-19.8188391908637,-46.6663362515701,-72.5563378837186,-98.5063460923925,-123.91793558562,-149.260075865151,-176.712141175503,157.008578515478,131.371157198051,105.477715465053,79.5691701311858,53.9954257811829
4.38,3.37491659147436,-22.3161613680009,-49.2350198660035,-75.1843672036822,-101.189360497208,-126.663471659909,-152.043655391224,-179.575272353828,154.081089132917,128.388937190767,102.437968720463,76.4697379700284,50.848016055253
4.39,0.925765638150909,-24.8133959184571,-51.8034355816983,-77.8123973811487,-103.87216414476,-129.409044543507,-154.810458222624,177.561943729499,151.153518830339,125.406805128894,99.3983188887963,73.3701072342622,47.7013895275469
4.4,-1.52337718509184,-27.3105650764312,-54.3715783871884,-80.4404275824205,-106.554761029106,-132.154648933129,-157.605342005078,174.699032539643,148.225798396945,122.42475492509,96.3587616719489,70.2702874974743,44.555517150791
4.41,-3.97249183414277,-29.8076909820475,-56.9394439769764,-83.0684566916294,-109.23715591712,-134.900278998239,-160.386735405604,171.835903462307,145.297819334213,119.4427823803,93.319292552569,67.1702900750851,41.4103649992785
4.42,-6.42155714008582,-32.3047955594227,-59.5070287818517,-85.6964833124621,-111.919354685908,-137.64592835827,-163.167123402397,168.972511001865,142.369387812835,116.460884611703,90.2799067865987,64.0701280740648,38.2658941180292
4.43,-8.8705509226309,-34.8019003940869,-62.0743299950938,-88.3245057708856,-114.601364964599,-140.391590060747,-165.946741193399,166.108828159309,139.440104217194,113.479059677731,87.240599403467,60.9698163960594,35.1220603592098
4.44,-11.3194501132637,-37.2990266104382,-64.6413455941981,-90.952522118861,-117.283197450076,-143.137256560608,-168.725641571416,163.244841643377,136.508972676591,110.497306322888,84.201365213796,57.8693716784919,31.9788141863572
4.45,-13.7682308875244,-39.7961947499248,-67.2080743577795,-93.580530139032,-119.964868884878,-145.882919701004,-171.503846578136,160.380551183109,133.572606649927,107.515623797834,81.1621988243934,54.7688121590728,28.8361004067729
4.46,-16.2168688057547,-42.2934246506683,-69.7745158773335,-96.2085273503738,-122.646409777532,-148.628570695883,-174.281370869387,157.515970030595,130.607304234831,104.534011728159,78.1230946602578,51.6681574438385,25.6938577520689
4.47,-18.6653389615727,-44.7907353292482,-72.3406705635621,-98.8365110147823,-125.32788880885,-151.374200114624,-177.058228140759,154.651125910745,127.874022674462,101.552470015439,75.0840469933071,48.5674281466189,22.5520181405582
4.48,-21.1136161372669,-47.2881448653734,-74.9065396470011,-101.464478144581,-128.009519478694,-154.119797869009,-179.834433902835,151.786062163748,124.850813716868,98.5709987601496,72.0450499775348,45.4666453447884,19.4105052559554
4.49,-23.5616749652387,-49.7856702901735,-77.472125172736,-104.092425510921,-130.692580585635,-156.865353202797,177.389992502372,148.920838970614,121.910499964726,95.5895981996392,69.0060976902935,42.365829753122,16.2692315712867
4.5,-26.0094900945578,-52.2833274788448,-80.0374299890386,-106.720349653051,-133.356638144172,-159.610854684146,174.615025569273,146.055534604396,118.978542897298,92.6082686565324,65.9671841794056,39.2650004341201,13.1280915015273
4.51,-28.4570363616399,-54.7811310483718,-82.6024577298162,-109.348246888417,-136.04721389049,-162.356290201112,171.840630108223,143.20408723164,116.049208578474,89.627010494352,62.928303515805,36.1641726924695,9.98694353210135
4.52,-30.9042889640131,-57.2790942610505,-85.1672127908361,-111.976113323571,-138.728668099018,-165.101646960445,169.066755168219,140.346469586536,113.121067667524,86.6458240779462,59.8894498513958,33.0633544285281,6.84555397417963
4.53,-33.3512236360901,-59.7772289345198,-87.7317002997662,-114.603944865848,-141.409266664456,-167.846911489867,166.29332254781,137.483580637128,110.193596509248,83.6647097367848,56.8506174818146,29.9625393444911,3.70335564029655
4.54,-35.7978168258309,-62.2755453589897,-90.2959260801591,-117.231737235781,-144.089510091047,-170.592069643987,163.520203030298,134.617343257659,107.26655897583,80.6836677293807,53.811800913769,26.8616930986627,0.55746552790411
4.55,-38.244045871154,-64.7740522223402,-92.8598966096108,-119.859485980202,-146.769520618549,-173.337106614006,160.74716152957,131.749384475475,104.339833265597,77.7026982070296,50.7729949366013,23.760721705107,-2.52823255905022
4.56,-40.6898891749322,-67.2727565437363,-95.4236189724311,-122.487186486014,-149.449345574638,-176.082006941308,157.973710252225,128.880706074106,101.413349961738,74.7218011747502,47.7341946977126,20.6593876657126,-5.70905608477804
4.57,-43.1353263773947,-69.7716636163698,-97.9871008072829,-125.114833994565,-152.129009201971,-178.826754535008,155.198619416067,126.01182498556,98.4870660015576,71.740976446631,44.6953957814634,17.5570329773161,-8.85386302438113
4.58,-45.5803385247558,-72.2707769599143,-100.550350250377,-127.74242361661,-154.808526707951,178.428667306471,152.417552136181,123.142971962007,95.5609523952552,68.760223591606,41.6565942911312,14.4512622745071,-11.9972466534669
4.59,-48.0249082328915,-74.7700982832289,-103.113375874946,-130.369950347794,-157.48790917481,175.684275869807,149.594710994671,120.274229212975,92.6349879077191,65.7795418636378,38.617786933492,11.3233817790334,-15.1406980398037
4.6,-50.4690198448947,-77.2696274578086,-105.676186627852,-132.997409084624,-160.16716558242,172.940088997165,147.055255921769,117.405607959004,89.7091555877519,62.7989301067629,35.5789711055594,8.34027563599135,-18.2846443940916
4.61,-52.9126595813607,-79.7693625024275,-108.238791764339,-135.624794640887,-162.846303743335,170.196125052628,144.178501991913,114.537088348029,86.7834407663976,59.8183866192083,32.5401449829884,5.19335589821611,-21.429330833092
4.62,-55.3558156822822,-82.2692995793699,-110.801200782074,-138.252101764461,-165.52533077266,167.452402884737,141.396897065324,111.668639030991,83.8578298626995,56.8379089493081,29.5013076096227,2.08760552865797,-24.5749952362976
4.63,-57.7984785394587,-84.7694330025791,-113.363423355752,-140.879325154476,-168.204253338929,164.708941785267,138.62453051217,108.800226429917,80.9323096558713,53.8574935738681,26.4624589876443,-1.0128554050838,-27.7220218180592
4.64,-60.2406408183768,-87.2697552580012,-115.925469273667,-143.50645947878,-170.883077803794,161.965761444356,135.855411317274,105.931818952393,78.006866835652,50.8771353647237,23.4236001677437,-4.11129770894126,-30.8715495857999
4.65,-62.6822975685552,-89.7702570363233,-118.48734837777,-146.133499391655,-173.561810301735,159.222881902188,133.088005049772,103.06338878295,75.0814877185107,47.8968266515951,20.3847333387206,-7.20856090351265,-34.0337989306802
4.66,-65.1234463214069,-92.2709272782433,-121.049070508774,-148.760439551749,-176.240456785739,156.480323497406,130.321728106304,100.194912538455,72.1561580553581,44.9165554591228,17.3458619158878,-10.3049586879267,-37.1435722431341
4.67,-67.5640871747309,-94.7717532323315,-123.610645457967,-151.387274640155,-178.919023052915,153.738106812482,127.556301801443,97.3263714067067,69.2308628737795,41.936301896226,14.3069906276359,-13.4006455927473,-40.3053238368522
4.68,-70.0042228630027,-97.2727205254608,-126.172082927341,-154.01399937861,178.402485242168,150.996252616307,124.791569300347,94.4577510597935,66.305586302123,38.9560299089572,11.2681255994982,-16.4957350239317,-43.459032260125
4.69,-72.4438588127152,-99.7738132457131,-128.733392499637,-156.640608547746,175.724062581797,148.254781804256,122.027429329302,91.5890414746095,63.380311316282,35.9756655678561,8.22927443503094,-19.5903830484113,-46.6125465092244
4.7,-74.8830031820836,-102.275014037578,-131.294583619782,-159.267097005357,173.045703584343,145.513715336044,119.263807620658,88.7202367164361,60.4550193312158,32.9950289949504,5.19044629281838,-22.6850065964788,-49.7668232945633
4.71,-77.3216668845102,-104.776304209174,-133.855665589005,-161.893459704616,170.367403006642,142.77307417166,116.500642464386,85.8513347056266,57.529689522226,30.0135935879241,2.15165195889806,-25.782036965378,-52.9221370705591
4.72,-79.759863595291,-107.27766385115,-136.416647572694,-164.51969171221,167.68915574842,140.032879205744,113.737875637737,82.9823369712864,54.6042976924181,27.0299594302725,-0.887096086108883,-28.8443507341523,-56.0785939458871
4.73,-82.1976097411228,-109.77907196682,-138.977538622693,-167.145788226325,165.010956858016,137.293151200728,110.975444418111,80.1132483892241,51.6788143747821,24.0357972497719,-3.92578360587623,-31.953532166266,-59.2362374023099
4.74,-84.6349244720609,-112.280506613007,-141.538347714351,-169.771744594431,162.332801538931,134.553910719116,108.213270960292,77.2440768992272,48.7532016096094,21.1037328496258,-6.96439455397361,-35.0465961588639,-62.3950814015698
4.75,-87.0718296156665,-114.781945050988,-144.099083798115,-172.397556330822,159.654685156834,131.815178055278,105.451242552635,74.3748331963981,45.8274073340713,18.1076037615494,-10.0029110269012,-38.1377900759202,-65.5551260538461
4.76,-89.5083496131765,-117.283363906841,-146.659755864904,-175.023219133852,156.976603246818,129.076973167135,102.689165274179,71.5055303915377,42.9013552292198,15.1251243915033,-13.0413132252621,-41.2280494025747,-68.7163714015372
4.77,-91.9445114376124,-119.784739340414,-149.220373023865,-177.6487289028,154.29855152073,126.339315608143,99.9266292267018,68.6361836357261,39.9749253161068,12.1444892993166,-16.0795794237516,-44.3176154457508,-71.878839952306
4.78,-94.380344493853,-122.286047222051,-151.78094459041,179.725918245673,151.620525874462,123.60222445995,97.1624861039273,65.7668097038515,37.0479140194579,9.16447874803152,-19.1176859506391,-47.4065930167314,-75.042629789752
4.79,-96.8158805007793,-124.787263316135,-154.341480181736,177.100725961547,148.942522395135,120.865718266158,94.3914164125548,62.8974265305091,34.1199432939762,6.18476771556095,-22.1556071773832,-50.4950462893496,-78.2080763778513
4.8,-99.2511533556989,-127.288363470432,-156.901989816308,174.475697646001,146.264537368121,118.129814967581,91.3428859600235,60.0280526888814,31.1902228861109,3.20522975160194,-25.1933155189939,-53.5830245956618,-81.3764358100504
4.81,-101.68619898136,-129.789323810152,-159.462484013086,171.850836436573,143.586567283874,115.394531839405,88.9217552533452,57.1587067982057,28.2567861395003,0.225801623517289,-28.2307814457279,-56.6705711242928,-84.555375153025
4.82,-104.121055155954,-132.29012093556,-162.02297388568,169.226145192971,140.908608844559,112.65988543067,86.1485119171482,54.2894068368319,25.3130292651686,-2.75355640217774,-31.2679735066603,-59.7577261359985,-87.5499212190211
4.83,-106.555761326607,-134.790732121934,-164.583471226027,166.60162648362,138.230658970486,109.925891506479,83.3849106100979,51.4201693234426,22.3138142336122,-5.73287645984358,-34.3048583656268,-62.8445280504942,-90.8400056796131
4.84,-108.990358406963,-137.291135520585,-167.143988571869,163.977282572998,135.552714806354,107.192564993323,80.6236741310244,48.5510083044398,19.4499279160271,-8.71219292713066,-37.3414008499979,-65.9310135697954,-94.0146072294055
4.85,-111.424888559552,-139.791310359618,-169.704539252005,161.35311540983,132.874773727328,104.459919927946,77.863411330858,45.6819340429175,16.6673549678148,-11.6915543366889,-40.3775640126799,-69.0172173023038,-97.1834223686958
4.86,-113.85939496374,-142.291237143062,-172.265137403314,158.72912661623,130.196833344991,101.727969410126,75.1036494837085,42.8129512284175,13.7094069761347,-14.6710494966134,-43.4133092076849,-72.1031710944621,-100.350433947933
4.87,-116.293921570152,-144.790897846952,-174.825797953684,156.105317477836,127.518891513196,98.9967255597751,72.3441703953924,39.9440563848648,10.7729162611359,-17.6508921474329,-46.4485961795565,-75.1889031716944,-103.51639571203
4.88,-118.728512842579,-147.290276110929,-177.386536565431,153.481688935042,124.840946333881,96.2661994787243,69.5848490642496,37.0752338776862,7.84258602355739,-20.6318411669448,-49.4833831668711,-78.2744371448393,-106.681457868512
4.89,-121.163213488429,-149.789357423876,-179.947369534403,150.858241575398,122.162996162889,93.5364012175901,66.8256007437865,34.2064493511203,4.91497403684594,-23.6206859597104,-52.5176270199606,-81.3597909162131,-109.845594897841
4.9,-123.598068178955,-152.288129302095,177.491686359156,148.234975627249,119.485039615862,90.8073397480659,64.0663599534301,31.3376381692068,1.98886331583833,-26.5702882931917,-55.5512833329489,-84.4449755097823,-113.008726101472
4.91,-126.033121260509,-154.786581458528,174.930614050856,145.611890954723,116.807075574278,88.0790229410101,61.3070709677739,28.4686834190875,-0.936289281825956,-29.5589979319059,-58.5843065901034,-87.5299938447363,-116.170772579915
4.92,-128.468416458243,-157.284705961487,172.369396445187,142.988987054135,114.129103191698,85.3514575506694,58.5476830470689,25.5993700096243,-3.8607686592336,-32.5399669090967,-61.6166503264496,-90.6148394695549,-119.331722237011
4.93,-130.903996573726,-159.782497381389,169.808016721662,140.366263051909,111.451121900318,82.6246492053752,55.7881478420108,22.7292768888499,-6.78474738753572,-35.5198574600258,-64.6482673025066,-93.6994952726512,-122.491820096458
4.94,-133.339903178057,-162.279952923964,167.246458692991,137.743717704118,108.773131417893,79.8986024050416,53.0284178809075,19.8574788026425,-9.70834719629749,-38.4994253893332,-67.6791096929353,-96.7839321853071,-125.652761338733
4.95,-135.776176302158,-164.777072548423,164.684707212855,135.121349397731,106.09513175515,77.1733205257699,50.2684456328382,16.9814799236131,-12.6316689202701,-41.4788877569895,-70.7091292888192,-99.8681078924529,-128.913350978517
4.96,-138.212854126004,-167.273859069108,162.122748629458,132.499156153675,103.417123223768,74.4488058318708,47.5081828952732,14.0909182025396,-15.5548091247992,-44.458338075948,-73.7382777132187,-102.951965566707,-131.944758118518
4.97,-140.649972668651,-169.77031823911,159.560571279835,129.877135631819,100.739106445033,71.7250594955852,44.7475803737133,30.3270675231958,-18.4778706056134,-47.4378295644529,-76.7665066495719,-106.03543264081,-135.101101346589
4.98,-143.087565481003,-172.266458814426,156.998166018803,127.255285137983,98.0610823592909,69.002081624784,41.9865873804965,9.31008801951664,-21.400969917315,-50.4173997251774,-79.7937680824508,-109.118419633137,-138.252297230106
4.99,-145.525663343326,-174.762292597208,154.435526775569,124.633601633089,95.383052236292,66.2798712989069,39.2251516110271,5.62813654266019,-24.3242434348423,-53.3970794693341,-82.8200145501069,-112.200819040237,-141.400794412232
5,-147.964293969618,-177.257834456698,151.872651130365,122.012081744565,92.7050176865568,63.5584266133908,36.463218972826,2.73104477695297,-27.2478527183737,-56.3768970846014,-85.8451994081855,-115.282504309392,-144.547096423656
