"Freq [GHz]","mag(S(FloquetPort1:1,FloquetPort1:1)) [] - $varyingpermittivity='2'","mag(S(FloquetPort1:1,FloquetPort1:1)) [] - $varyingpermittivity='3'","mag(S(FloquetPort1:1,FloquetPort1:1)) [] - $varyingpermittivity='4'","mag(S(FloquetPort1:1,FloquetPort1:1)) [] - $varyingpermittivity='5'","mag(S(FloquetPort1:1,FloquetPort1:1)) [] - $varyingpermittivity='6'","mag(S(FloquetPort2:1,FloquetPort1:1)) [] - $varyingpermittivity='2'","mag(S(FloquetPort2:1,FloquetPort1:1)) [] - $varyingpermittivity='3'","mag(S(FloquetPort2:1,FloquetPort1:1)) [] - $varyingpermittivity='4'","mag(S(FloquetPort2:1,FloquetPort1:1)) [] - $varyingpermittivity='5'","mag(S(FloquetPort2:1,FloquetPort1:1)) [] - $varyingpermittivity='6'"
1,0.122106431855578,0.236556055346696,0.339805917955146,0.430238747908534,0.507752955514721,0.992517012095476,0.971617842918691,0.940495581128512,0.902715137680359,0.861502719767048
1.01,0.123256816277421,0.238642640875365,0.342545894700789,0.433353861421942,0.511025838901289,0.992374808838125,0.971105589007485,0.939502901901414,0.901223868239524,0.859583023785822
1.02,0.124405174325097,0.240721621143762,0.345269452037041,0.436442448414939,0.514261496004732,0.992231505316489,0.970590680497725,0.938507018206026,0.899732204506375,0.857667102154416
1.03,0.125551492033656,0.24279295938585,0.347976566852844,0.439504572738206,0.517460199772326,0.992087109852932,0.970073158569081,0.937508081515333,0.898240387657558,0.855755316448003
1.04,0.126695755684663,0.24485661970415,0.35066721854527,0.442540301946291,0.520622227474276,0.991941630793993,0.969553064624781,0.936506242328012,0.896748655380384,0.853848020241101
1.05,0.127837951803884,0.246912567051539,0.353341388970156,0.445549707177854,0.52374786025078,0.991795076508969,0.969030440308878,0.935501650121811,0.895257241858862,0.851945559072412
1.06,0.128978067158264,0.248960767212883,0.35599906239217,0.448532863037006,0.526837382672052,0.991647455388604,0.968505327522099,0.93449445330904,0.893766377762787,0.850048270419807
1.07,0.130116088752203,0.251001186786564,0.35864022543443,0.451489847475763,0.529891082311901,0.991498775843875,0.967977768436237,0.933484799194213,0.892276290239761,0.848156483685276
1.08,0.131252003823109,0.253033793165936,0.361264867027709,0.454420741677694,0.532909249335366,0.991349046304904,0.967447805507095,0.932472833933861,0.890787202910104,0.846270520189614
1.09,0.132385799836214,0.255058554520781,0.363872978359342,0.457325629942801,0.535892176100888,0.991198275219988,0.966915481485973,0.931458702498547,0.88929933586457,0.844390693176648
1.1,0.13351746447864,0.257075439778775,0.366464552821864,0.460204599573669,0.538840156777361,0.991046471054774,0.96638083942969,0.930442548637101,0.887812905664774,0.842517307826751
1.11,0.134646985652704,0.259084418607043,0.369039585961487,0.463057740762936,0.541753486976384,0.99089364229156,0.965843922709157,0.929424514843096,0.886328125346272,0.840650661279412
1.12,0.135774351468462,0.261085461393811,0.371598075426454,0.465885146482102,0.544632463399983,0.990739797428765,0.965304775016516,0.928404742323567,0.884845204424206,0.838791042664589
1.13,0.136899550235476,0.263078539230209,0.374140020915349,0.468686912371727,0.547477383503952,0.990584944980544,0.964763440370852,0.927383370969982,0.883364348901418,0.836938733142594
1.14,0.13802257045381,0.265063623892251,0.376665424125423,0.47146313663303,0.550288545176975,0.990429093476581,0.964219963122514,0.926360539331452,0.88188576127898,0.835094005952218
1.15,0.139143400804246,0.267040687823031,0.379174288700989,0.474213919920919,0.553066246435549,0.990272251462045,0.963674387956065,0.925336384590199,0.88040964056902,0.833257126466816
1.16,0.140262030137734,0.269009704115146,0.381666620181952,0.476939365238478,0.555810785134773,0.990114427497737,0.963126759891893,0.924311042539245,0.878936182309801,0.831428352258064
1.17,0.141378447464063,0.27097064649339,0.384142425952517,0.479639577832919,0.558522458694898,0.989955630160419,0.962577124286534,0.923284647562318,0.877465578582928,0.829607933167074
1.18,0.142492641939774,0.272923489297726,0.386601715190137,0.482314665093028,0.561201563843602,0.98979586804334,0.962025526831727,0.922257332615953,0.875998018032629,0.827796111382567
1.19,0.143604602855325,0.274868207466571,0.389044498814743,0.484964736448104,0.5638483963738,0.989635149756958,0.961472013552266,0.921229229213763,0.874533685887016,0.825993121525786
1.2,0.144714319621506,0.276804776520391,0.391470789438297,0.487589903268418,0.566463250916844,0.98947348392987,0.960916630802681,0.920200467412849,0.873072763981227,0.824199190741843
1.21,0.145821781755134,0.278733172545637,0.393880601314726,0.490190278767193,0.569046420730832,0.989310879209949,0.960359425262815,0.919171175802307,0.87161543078239,0.822414538797155
1.22,0.14692697886404,0.280653372179025,0.396273950290262,0.492765977904115,0.571598197503821,0.989147344265693,0.959800443932334,0.91814148149381,0.870161861416301,0.820639378182672
1.23,0.148029900631374,0.28256535259217,0.398650853754231,0.495317117290386,0.574118871171584,0.988982887787791,0.959239734124247,0.91711151011421,0.868712227695738,0.818873914222544
1.24,0.149130536799234,0.28446909147659,0.401011330590332,0.497843815095318,0.576608729749597,0.988817518490904,0.958677343457471,0.916081385800104,0.86726669815034,0.817118345187907
1.25,0.150228877151677,0.286364567029057,0.403355401128433,0.500346190954485,0.57906805917889,0.988651245115669,0.958113319848517,0.915051231194347,0.865825438057941,0.815372862415463
1.26,0.151324911497112,0.288251757937342,0.405683087096901,0.502824365879426,0.581497143185363,0.988484076430917,0.957547711502366,0.914021167444409,0.864388609477298,0.813637650430508
1.27,0.152418629650119,0.290130643366311,0.407994411575535,0.505278462168911,0.583896263152122,0.988316021236117,0.956980566902565,0.912991314202575,0.862956371282115,0.811912887074096
1.28,0.153510021412738,0.292001202944393,0.41028939894907,0.507708603321771,0.586265698004443,0.988147088364034,0.956411934800643,0.911961789627869,0.861528879196291,0.810198743633986
1.29,0.15459907655525,0.293863416750424,0.412568074861326,0.510114913951298,0.588605724106835,0.987977286683605,0.955841864204892,0.910932710389689,0.860106285830297,0.808495384979054
1.3,0.155685784796509,0.295717265300839,0.414830466169996,0.512497519701213,0.590916615171789,0.987806625103029,0.955270404368569,0.909904191673054,0.858688740718614,0.80680296969685
1.31,0.156770135783849,0.297562729537233,0.417076600902097,0.514856547163219,0.593198642179661,0.987635112573062,0.954697604777604,0.908876347185416,0.857276390358146,0.805121650233957
1.32,0.157852119072634,0.299399790814266,0.419306508210109,0.517192123796126,0.595452073309234,0.987462758090524,0.954123515137858,0.907849289164937,0.855869378247518,0.803451573038845
1.33,0.158931724105484,0.301228430887917,0.421520218328807,0.519504377846571,0.597677173878403,0.987289570702,0.953548185361995,0.906823128390198,0.854467844927202,0.801792878706895
1.34,0.160008940191245,0.303048631904073,0.42371776253281,0.521793438271319,0.599874206294494,0.987115559507729,0.95297166555604,0.905797974191235,0.853071928020372,0.800145702127276
1.35,0.161083756483739,0.304860376387451,0.425899173094856,0.524059434661171,0.602043430013672,0.986940733665686,0.952394006005666,0.904773934461824,0.851681762274428,0.798510172631378
1.36,0.162156161960373,0.306663647230836,0.428064483244808,0.526302497166466,0.604185101508926,0.98676510239583,0.951815257162275,0.903751115672967,0.850297479603093,0.796886414142477
1.37,0.163226145400652,0.308458427684651,0.430213727129411,0.5285227564242,0.606299474246093,0.98658867498452,0.951235469628931,0.902729622887466,0.848919209129041,0.79527454532635
1.38,0.164293695364661,0.310244701346809,0.43234693977281,0.530720343486758,0.608386798667396,0.986411460789085,0.950654694146191,0.901709559775525,0.847547077226948,0.793674679742535
1.39,0.165358800171592,0.312022452152891,0.434464157037814,0.532895389752273,0.610447322181993,0.986233469242529,0.950072981577886,0.900691028631285,0.846181207566914,0.792086925995963
1.4,0.166421447878366,0.313791664366606,0.436565415587953,0.535048026896617,0.612481289162997,0.986054709858373,0.949490382896903,0.899674130390242,0.84482172115819,0.790511387888665
1.41,0.167481626258433,0.315552322570548,0.438650752850293,0.537178386807044,0.614488940950471,0.985875192235601,0.948906949171008,0.898658964647411,0.843468736393125,0.78894816457129
1.42,0.168539322780812,0.317304411657228,0.440720206979043,0.539286601517474,0.616470515859907,0.985694926063712,0.948322731548759,0.89764562967621,0.842122369091279,0.787397350694177
1.43,0.169594524589452,0.319047916820409,0.442773816819943,0.541372803145454,0.618426249195688,0.985513921127845,0.94773778124554,0.896634222447955,0.840782732543633,0.785859036557705
1.44,0.17064721848298,0.320782823546705,0.444811621875447,0.543437123830785,0.620356373269067,0.985332187313975,0.947152149529752,0.895624838651893,0.83944993755683,0.784333308261685
1.45,0.171697390894913,0.322509117607466,0.446833662270697,0.545479695675841,0.622261117420186,0.985149734614152,0.946565887709208,0.894617572715664,0.838124092497388,0.78282024785355
1.46,0.172745027874421,0.324226785050957,0.448839978720297,0.547500650687589,0.624140708043709,0.984966573131765,0.945979047117736,0.893612517826182,0.836805303335821,0.781319933475113
1.47,0.173790115067699,0.32593581219481,0.450830612495889,0.549500120721308,0.625995368617611,0.984782713086817,0.945391679102035,0.892609765950771,0.835493673690615,0.779832439507666
1.48,0.174832637700051,0.327636185618773,0.45280560539453,0.551478237426046,0.627825319734725,0.984598164821179,0.944803835008806,0.891609407858528,0.834189304871998,0.778357836715203
1.49,0.17587258055874,0.329327892157762,0.454764999707882,0.553435132191802,0.629630779136636,0.984412938803813,0.944215566172163,0.890611533141851,0.832892295925452,0.77689619238558
1.5,0.176909927976709,0.331010918895213,0.456708838192208,0.555370936098457,0.631411961749552,0.984227045635936,0.943626923901346,0.889616230237997,0.831602743674902,0.775447570469393
1.51,0.177944663817228,0.332685253156759,0.458637164039181,0.557285779866466,0.633169079721768,0.984040496056093,0.943037959468761,0.888623586450654,0.830320742765562,0.774012031716408
1.52,0.178976771459567,0.334350882504233,0.460550020847514,0.559179793809314,0.634902342462404,0.983853300945141,0.942448724098326,0.887633687971437,0.829046385706342,0.772589633809363
1.53,0.180006233785763,0.336007794730024,0.462447452595403,0.56105310778776,0.63661195668108,0.983665471331081,0.941859268954158,0.886646619901222,0.82777976291182,0.771180431494973
1.54,0.181033033168567,0.337655977851786,0.4643295036138,0.562905851165867,0.638298126428213,0.983477018393755,0.941269645129585,0.885662466271274,0.826520962743691,0.769784476711995
1.55,0.182057151460636,0.339295420107539,0.466196218560505,0.564738152768831,0.639961053135679,0.983287953469347,0.940679903636485,0.884681310064098,0.82527007155168,0.76840181871619
1.56,0.183078569985068,0.340926109951165,0.468047642395091,0.566550140842619,0.641600935657545,0.983098288054687,0.940090095394948,0.883703233233937,0.824027173713857,0.767032504202079
1.57,0.184097269527338,0.342548036048337,0.469883820354664,0.568341943015424,0.643217970310644,0.982908033811313,0.939500271223253,0.882728316726871,0.822792351676331,0.765676577421336
1.58,0.185113230328719,0.344161187272885,0.471704797930453,0.57011368626094,0.644812350914778,0.982717202569285,0.938910481828153,0.881756640500466,0.821565685992282,0.764334080297734
1.59,0.186126432081251,0.34576555270365,0.47351062084525,0.571865496863456,0.646384268832315,0.982525806330699,0.938320777795443,0.880788283542889,0.820347255360281,0.763005052538532
1.6,0.187136853924345,0.347361121621828,0.475301335031686,0.573597500384789,0.647933913007027,0.982333857272906,0.937731209580811,0.879823323891484,0.819137136661896,0.761689531742205
1.61,0.188144474443067,0.348947883508857,0.477076986611363,0.575309821633028,0.649461470001992,0.982141367751379,0.937141827500937,0.878861838650693,0.817935404998531,0.760387553502457
1.62,0.189149271668194,0.35052582804485,0.478837621874833,0.577002584633124,0.650967124036414,0.981948350302217,0.936552681724841,0.877903904009368,0.816742133727467,0.759099151508425
1.63,0.190151223078076,0.352094945107634,0.48058328726244,0.578675912599287,0.652451057021239,0.981754817644265,0.935963822265422,0.876949595257331,0.815557394497101,0.757824357641035
1.64,0.191150305602388,0.353655224772398,0.482314029346018,0.580329927909213,0.653913448593454,0.981560782680812,0.935375298971214,0.875998986801219,0.81438125728134,0.75656320206545
1.65,0.192146495627815,0.355206657312001,0.484029894811457,0.581964752080112,0.655354476148991,0.981366258500844,0.934787161518274,0.875052152179551,0.813213790413136,0.755315713319583
1.66,0.193139769005719,0.356749233197964,0.48573093044214,0.583580505746543,0.656774314874156,0.981171258379838,0.934199459402232,0.87410916407697,0.812055060617142,0.754081918398625
1.67,0.194130101061849,0.358282943102183,0.487417183103248,0.585177308640029,0.658173137775524,0.980975795780058,0.933612241930424,0.873170094337652,0.810905133041475,0.75286184283561
1.68,0.195117466608125,0.359807777899386,0.489088699726947,0.586755279570448,0.659551115708265,0.980779884350342,0.93302555821412,0.872235013977849,0.809764071288562,0.751655510777974
1.69,0.196101839956538,0.361323728670379,0.490745527298443,0.588314536409178,0.660908417402892,0.980583537925345,0.932439457160784,0.871303993197541,0.808631937445069,0.75046294506012
1.7,0.197083194935213,0.36283078670609,0.492387712842938,0.589855196073965,0.662245209490381,0.980386770524231,0.931853987466357,0.870377101391186,0.807508792110891,0.749284167272021
1.71,0.198061504906639,0.364328943512472,0.494015303413449,0.591377374515505,0.663561656525718,0.980189596348778,0.931269197607518,0.869454407157523,0.806394694427208,0.748119197823862
1.72,0.199036742788113,0.365818190816258,0.495628346079522,0.592881186705707,0.664857921009845,0.97999202978089,0.930685135833905,0.868535978308472,0.805289702103584,0.746968056006749
1.73,0.200008881074408,0.367298520571622,0.497226887916832,0.5943667466276,0.666134163410065,0.979794085379488,0.930101850160249,0.867621881877059,0.804193871444118,0.745830760049554
1.74,0.200977891862674,0.368769924967754,0.498810975997668,0.595834167266857,0.667390542178927,0.97959577787677,0.929519388358401,0.866712184124402,0.803107257372645,0.744707327171915
1.75,0.201943746879584,0.370232396437377,0.500380657382293,0.597283560604904,0.668627213771647,0.979397122173815,0.92893779794923,0.865806950545747,0.802029913456978,0.74359777363346
1.76,0.202906417510718,0.371685927666228,0.5019359791112,0.59871503761356,0.669844332662124,0.979198133335531,0.928357126194333,0.864906245875536,0.800961891932204,0.742502114779332
1.77,0.203865874832193,0.373130511603513,0.503476988198239,0.600128708251188,0.671042051357622,0.978998826584922,0.927777420087566,0.864010134091542,0.799903243723032,0.741420365082069
1.78,0.204822089644508,0.374566141473355,0.505003731624618,0.601524681460276,0.67222052041218,0.978799217296669,0.927198726346352,0.863118678418048,0.798854018465203,0.740352538179933
1.79,0.205775032508601,0.375992810787239,0.506516256333775,0.602903065166448,0.673379888438842,0.978599320990014,0.926621091402724,0.862231941328115,0.797814264525968,0.739298646911782
1.8,0.206724673784077,0.377410513357469,0.508014609227108,0.6042639662788,0.674520302120789,0.978399153320949,0.926044561394118,0.861349984544907,0.796784029023645,0.738258703348568
1.81,0.207670983669589,0.378819243311626,0.509498837160571,0.605607490691554,0.675641906221467,0.978198730073685,0.925469182153867,0.860472869042137,0.795763357846278,0.73723271882157
1.82,0.208613932245313,0.380218995108044,0.510968986942094,0.60693374328694,0.676744843593787,0.977998067151422,0.924894999201367,0.859600655043618,0.794752295669388,0.73622070394747
1.83,0.209553489517492,0.381609763552272,0.51242510532985,0.608242827939256,0.677829255188528,0.977797180566398,0.924322057731951,0.858733402021963,0.79375088597286,0.735222668650398
1.84,0.210489625464968,0.382991543814537,0.513867239031338,0.609534847520053,0.678895280062008,0.977596086429241,0.923750402606376,0.85787116869645,0.792759171056974,0.73423862218104
1.85,0.211422310087661,0.384364331448167,0.515295434703263,0.610809903904368,0.679943055383133,0.977394800937599,0.923180078339991,0.857014013030076,0.791777192057582,0.733268573132969
1.86,0.21235151345691,0.385728122408975,0.516709738952212,0.612068097977941,0.680972716439935,0.977193340364084,0.922611129091521,0.856161992225846,0.790804988960497,0.732312529456298
1.87,0.213277205767611,0.387082913075559,0.518110198336096,0.613309529645349,0.681984396645681,0.976991721043517,0.922043598651487,0.855315162722312,0.789842600615062,0.731370498468814
1.88,0.214199357392055,0.388428700270495,0.519496859366331,0.614534297838983,0.682978227544658,0.976789959359492,0.921477530430252,0.854473580188403,0.788890064746974,0.730442486864714
1.89,0.215117938935379,0.389765481282384,0.520869768510761,0.615742500528796,0.683954338817727,0.976588071730273,0.920912967445693,0.853637299517586,0.787947417970363,0.729528500721103
1.9,0.21603292129253,0.391093253888709,0.522228972197272,0.616934234732756,0.684912858287737,0.976386074594044,0.9203499523105,0.852806374821412,0.787014695799154,0.72862854550238
1.91,0.216944275706637,0.392412016379447,0.523574516818076,0.618109596527904,0.68585391192489,0.976183984393517,0.919788527219113,0.851980859422438,0.786091932657763,0.727742626062677
1.92,0.217851973828667,0.393721767581393,0.524906448734653,0.619268681061971,0.686777623852137,0.975981817559933,0.919228733934302,0.85116080584665,0.785179161891131,0.7268707466465
1.93,0.218755987778259,0.395022506883123,0.526224814283304,0.620411582565459,0.687684116350684,0.975779590496471,0.918670613773404,0.850346265815338,0.78427641577416,0.72601291088771
1.94,0.219656290205588,0.39631423426054,0.52752965978128,0.621538394364099,0.688573509865686,0.975577319561097,0.918114207594235,0.849537290236551,0.783383725520552,0.725169121807017
1.95,0.220552854354143,0.397596950302915,0.528821031533472,0.622649208891633,0.689445923012192,0.975375021048865,0.917559555780692,0.848733929196131,0.782501121291123,0.724339381808135
1.96,0.221445654124259,0.39887065623937,0.530098975839603,0.623744117702819,0.690301472581404,0.975172711173741,0.917006698228078,0.847936231948387,0.781628632201591,0.723523692672754
1.97,0.222334664137269,0.400135353965689,0.531363539001898,0.624823211486589,0.691140273547302,0.974970406049921,0.916455674328159,0.847144246906479,0.780766286329917,0.722722055554474
1.98,0.223219859800117,0.401391046071396,0.532614767333184,0.625886580079277,0.691962439073693,0.974768121672745,0.915906522954004,0.846358021632529,0.779914110723203,0.721934470971896
1.99,0.224101217370261,0.402637735866991,0.533852707165384,0.626934312477852,0.692768080521713,0.974565873899198,0.915359282444618,0.845577602827535,0.779072131404213,0.721160938800967
2,0.224978714020722,0.403875427411242,0.535077404858353,0.627966496853061,0.69355730745781,0.974363678428063,0.914813990589429,0.844803036321142,0.778240373377544,0.720401458266794
2.01,0.225852327905084,0.405104125538445,0.536288906809015,0.628983220562419,0.694330227662263,0.974161550779759,0.914270684612643,0.844034367061314,0.777418860635499,0.719656027935035
2.02,0.226722038222286,0.406323835885528,0.537487259460752,0.629984570162968,0.695086947138206,0.973959506275912,0.913729401157529,0.843271639103955,0.776607616163695,0.718924645703046
2.03,0.22758782528102,0.407534564918894,0.538672509312997,0.630970631423737,0.695827570121216,0.973757560018717,0.913190176270664,0.842514895602557,0.775806661946469,0.718207308790929
2.04,0.228449670563547,0.408736319960891,0.539844702930977,0.631941489337827,0.696552199089432,0.973555726870122,0.912653045386206,0.841764178797911,0.775016018972107,0.717504013732611
2.05,0.229307556788748,0.409929109215774,0.541003886955554,0.63289722813405,0.697260934774214,0.9733540214309,0.912118043310219,0.841019530007933,0.774235707237952,0.716814756367132
2.06,0.230161467974217,0.411112941795061,0.542150108113115,0.633837931288069,0.697953876171317,0.97315245801966,0.911585204205127,0.840280989617674,0.773465745755442,0.716139531830254
2.07,0.231011389497203,0.412287827742133,0.543283413225449,0.634763681532966,0.69863112055257,0.972951050651856,0.911054561574331,0.839548597069573,0.772706152555106,0.715478334546543
2.08,0.231857308154192,0.413453778055968,0.544403849219559,0.635674560869183,0.699292763478021,0.972749813018842,0.910526148247079,0.838822390853955,0.771956944691602,0.714831158222056
2.09,0.23269921221896,0.41461080471387,0.545511463137357,0.636570650573774,0.69993889880851,0.972548758467049,0.909999996363601,0.838102408499923,0.771218138248796,0.714197995837766
2.1,0.233537091498863,0.415758920693067,0.546606302145172,0.637452031208922,0.700569618718624,0.972347899977321,0.909476137360622,0.837388686566586,0.770489748344973,0.713578839643849
2.11,0.234370937389187,0.416898139991053,0.547688413543026,0.63831878262967,0.701185013709999,0.972147250144507,0.908954601957274,0.836681260634774,0.769771789138201,0.712973681154953
2.12,0.235200742925349,0.418028477644524,0.54875784477361,0.639170983990811,0.701785172624874,0.971946821157336,0.908435420141499,0.83598016529922,0.769064273831918,0.712382511146567
2.13,0.236026502832749,0.419149949746803,0.549814643430905,0.640008713752912,0.702370182659872,0.971746624778668,0.907918621156993,0.835285434161296,0.76836721468076,0.7118053196526
2.14,0.236848213574079,0.420262573463602,0.550858857268396,0.640832049687419,0.702940129379913,0.971546672326173,0.907404233490766,0.834597099822343,0.767680622996715,0.711242095964282
2.15,0.237665873393877,0.421366367047001,0.551890534206795,0.641641068880821,0.703495096732181,0.971346974653506,0.906892284861383,0.833915193877624,0.767004509155611,0.71069282863047
2.16,0.238479482360157,0.42246134984753,0.552909722341262,0.642435847737831,0.704035167060082,0.971147542132054,0.906382802207947,0.833239746910984,0.766338882604031,0.71015750545948
2.17,0.239289042402886,0.423547542324199,0.553916469948,0.64321646198358,0.704560421117086,0.970948384633314,0.905875811679904,0.832570788490237,0.765683751866648,0.709636113522501
2.18,0.240094557349152,0.424624966052389,0.554910825490237,0.643982986664781,0.705070938080374,0.970749511511973,0.905371338627729,0.831908347163303,0.765039124554082,0.709128639158696
2.19,0.240896032954819,0.425693643729473,0.555892837623481,0.644735496149864,0.705566795564197,0.97055093158976,0.904869407594561,0.831252450455191,0.764405007371268,0.708635067982058
2.2,0.241693476932488,0.426753599178046,0.556862555200027,0.645474064128059,0.706048069632836,0.970352653140144,0.904370042308859,0.830603124865801,0.763781406126441,0.708155384890079
2.21,0.24248689897559,0.427804857346667,0.55782002727265,0.646198763607443,0.706514834813088,0.970154683873923,0.903873265678137,0.829960395868647,0.763168325740716,0.70768957407431
2.22,0.243276310778448,0.428847444308018,0.558765303097428,0.646909666911912,0.706967164106151,0.969957030925818,0.903379099783851,0.829324287910493,0.762565770258363,0.707237619032846
2.23,0.244061726052128,0.429881387254362,0.55969843213565,0.647606845677124,0.707405128998818,0.969759700842075,0.902887565877496,0.828694824411911,0.761973742857782,0.706799502584804
2.24,0.244843160535931,0.430906714490232,0.560619464054762,0.648290370845388,0.707828799473883,0.969562699569212,0.902398684377972,0.828072027768903,0.761392245863227,0.706375206886815
2.25,0.245620632004372,0.431923455422253,0.561528448728294,0.648960312659525,0.708238244019637,0.969366032443914,0.901912474870291,0.82745591935546,0.760821280757327,0.705964713451567
2.26,0.246394160269508,0.432931640546039,0.562425436234729,0.649616740655717,0.70863352963837,0.96916970418418,0.901428956105665,0.82684651952722,0.760260848194427,0.705568003168429
2.27,0.247163767178471,0.433931301430072,0.563310476855281,0.650259723655364,0.709014721853763,0.968973718881775,0.900948146003049,0.826243847626138,0.75971094801479,0.70518505632617
2.28,0.247929476606086,0.434922470696538,0.564183621070517,0.650889329755968,0.70938188471708,0.968778079996034,0.900470061652169,0.825647921986312,0.759171579259694,0.704815852637776
2.29,0.248691314442459,0.435905181999034,0.565044919555815,0.65150562632108,0.709735080812052,0.968582790349101,0.899994719318106,0.825058759940849,0.758642740187448,0.704460371267368
2.3,0.249449308575424,0.436879469997144,0.56589442317561,0.652108679969337,0.710074371258374,0.968387852122636,0.899522134447468,0.824476377829854,0.758124428290367,0.70411859085923
2.31,0.250203488867756,0.437845370327811,0.566732182976386,0.652698556562627,0.710399815713702,0.968193266856062,0.899052321676201,0.823900791009623,0.757616640312715,0.70379048956891
2.32,0.250953887129064,0.438802919573525,0.567558250178417,0.653275321193419,0.710711472374081,0.967999035446399,0.898585294839062,0.823332013862876,0.757119372269655,0.703476045096381
2.33,0.251700537082288,0.439752155227288,0.568372676166201,0.653839038171297,0.711009397972715,0.967805158149729,0.898121066980814,0.822770059810208,0.75663261946722,0.703175234721249
2.34,0.252443474324733,0.440693115654366,0.569175512477587,0.654389771008746,0.711293647776999,0.967611634584352,0.897659650369148,0.82221494132266,0.756156376523321,0.702888035339945
2.35,0.253182736283607,0.441625840050834,0.56996681079157,0.654927582406237,0.711564275583741,0.967418463735653,0.897201056509378,0.821666669935482,0.755690637389795,0.702614423504873
2.36,0.253918362165996,0.442550368398944,0.570746622914744,0.65545253423665,0.711821333712521,0.96722564396275,0.896745296160911,0.821125256262985,0.755235395375544,0.702354375465464
2.37,0.254650392903278,0.443466741419335,0.571515000766408,0.655964687529093,0.712064872997104,0.967033173006936,0.896292379355524,0.820590710014607,0.754790643170717,0.702107867211067
2.38,0.25537887108994,0.444375000520145,0.572271996362309,0.656464102452165,0.712294942774879,0.966841048001957,0.895842315417462,0.820063040012074,0.754356372871973,0.701874874515621
2.39,0.256103840916818,0.445275187743046,0.573017661797034,0.65695083829671,0.712511590874266,0.966649265486155,0.89539511298534,0.819542254207713,0.753932576008832,0.701655372984029
2.4,0.256825348098755,0.446167345706316,0.573752049225052,0.657424953458125,0.712714863600057,0.966457821416499,0.894950780035876,0.819028359703847,0.753519243571075,0.701449338100159
2.41,0.257543439796717,0.447051517544976,0.574475210840408,0.657886505418254,0.712904805716667,0.966266711184529,0.894509323909435,0.818521362773359,0.753116366037215,0.701256745276383
2.42,0.258258164534404,0.4479277468481,0.575187198855088,0.658335550726939,0.713081460429266,0.966075929634215,0.894070751337387,0.818021268881255,0.752723933404018,0.701077569904563
2.43,0.258969572109408,0.448796077593409,0.575888065476075,0.658772144983265,0.71324486936279,0.965885471081766,0.893635068471242,0.817528082707318,0.752341935217043,0.70091178740838
2.44,0.259677713498988,0.449656554079214,0.576577862881107,0.659196342816548,0.713395072538827,0.965695329337375,0.893202280913561,0.817041808169823,0.7519703606022,0.700759373296917
2.45,0.260382640760549,0.450509220853877,0.57725664319317,0.659608197867124,0.713532108350374,0.96550549772891,0.89277239375061,0.816562448450182,0.751609198298284,0.70062030321936
2.46,0.261084406926916,0.451354122642877,0.577924458453761,0.660007762766966,0.713656013534503,0.965315969127544,0.89234541158671,0.81609000601865,0.751258436690448,0.700494553020725
2.47,0.261783065896519,0.452191304273636,0.578581360594949,0.660395089120185,0.713766823142933,0.965126735975337,0.891921338580265,0.815624482660855,0.750918063844598,0.700382098798467
2.48,0.262478672318614,0.453020810598254,0.579227401410269,0.660770227483442,0.713864570510576,0.964937790314709,0.891500178481412,0.815165879505375,0.750588067542642,0.700282916959882
2.49,0.263171281473676,0.453842686414293,0.579862632524511,0.661133227346317,0.713949287222065,0.964749123819839,0.891081934671231,0.814714197052033,0.750268435318556,0.700196984280107
2.5,0.263860949149128,0.454656976383797,0.580487105362429,0.661484137111652,0.714021003076357,0.964560727829935,0.89066661020247,0.814269435201087,0.749959154495215,0.700124277960661
2.51,0.264547731510559,0.455463724950687,0.581100871116442,0.661823004075911,0.714079746049436,0.964372593384344,0.89025420784173,0.813831593283174,0.749660212221909,0.700064775688314
2.52,0.265231684968627,0.456262976256753,0.581703980713369,0.662149874409555,0.714125542255222,0.964184711259488,0.889844730113019,0.81340067008998,0.749371595512511,0.700018455694195
2.53,0.265912866041843,0.457054774056381,0.582296484780268,0.662464793137472,0.714158415904738,0.963997072007562,0.889438179342604,0.812976663905588,0.749093291284169,0.699985296812958
2.54,0.266591331215436,0.457839161630247,0.582878433609439,0.662767804119456,0.714178389263659,0.963809665996958,0.889034557705095,0.812559572538446,0.748825286396503,0.699965278541877
2.55,0.267267136796532,0.458616181698158,0.583449877122659,0.663058950030746,0.714185482608303,0.963622483454368,0.88863386727066,0.812149393353869,0.748567567691168,0.699958381099707
2.56,0.267940338765877,0.459385876331246,0.584010864834719,0.663338272342615,0.714179714180213,0.963435514508501,0.888236110053285,0.811746123307138,0.748320122031715,0.699964585485137
2.57,0.268610992626366,0.46014828686372,0.584561445816348,0.663605811303013,0.714161100139408,0.963248749235343,0.887841288059962,0.811349758976941,0.748082936343644,0.699983873534743
2.58,0.269279153248628,0.4609034538044,0.585101668656583,0.663861605917232,0.714129654516459,0.963062177704921,0.887449403340748,0.810960296599278,0.747855997654535,0.700016227980184
2.59,0.269944874713953,0.461651416748239,0.585631581424684,0.664105693928587,0.714085389163498,0.962875790029451,0.887060458039516,0.810577732101673,0.747639293134142,0.700061632504575
2.6,0.270608210154841,0.462392214288052,0.586151231631676,0.664338111799064,0.714028313704309,0.962689576412835,0.886674454445362,0.81020206113765,0.747432810134329,0.700120071797813
2.61,0.271269211593484,0.463125883926678,0.586660666191589,0.664558894689916,0.713958435483648,0.962503527201394,0.886291395044485,0.809833279121365,0.747236536228717,0.700191531610726
2.62,0.271927929778484,0.463852461989795,0.587159931382506,0.664768076442141,0.713875759515934,0.962317632935758,0.885911282572455,0.809471381262457,0.747050459251898,0.700275998807874
2.63,0.272584414020128,0.464571983539609,0.587649072807494,0.664965689556809,0.713780288433471,0.962131884403807,0.885534120066734,0.809116362600849,0.746874567338073,0.700373461418836
2.64,0.273238712024576,0.465284482289646,0.588128135355519,0.66515176517516,0.71367202243437,0.961946272694579,0.885159910919309,0.808768218041605,0.746708848958968,0.700483908687826
2.65,0.273890869727273,0.465989990520864,0.588597163162443,0.665326333058414,0.713550959230323,0.961760789253021,0.884788658929319,0.80842694238967,0.746553292960841,0.700607331121505
2.66,0.274540931125967,0.466688538999314,0.589056199572185,0.665489421567211,0.713417093994413,0.961575425935491,0.884420368355518,0.808092530384523,0.746407888600443,0.70074372053477
2.67,0.275188938113692,0.467380156895563,0.589505287098156,0.6656410576406,0.713270419309118,0.961390175065875,0.884055043968463,0.807764976734457,0.746272625579731,0.700893070094427
2.68,0.275834930312077,0.468064871706101,0.589944467385063,0.665781266774482,0.713110925114704,0.961205029492224,0.883692691102244,0.807444276150702,0.746147494079156,0.70105537436057
2.69,0.276478944905377,0.468742709176953,0.59037378117118,0.665910072999414,0.712938598658161,0.961019982643759,0.883333315705653,0.807130423381097,0.746032484789339,0.701230629325504
2.7,0.277121016475614,0.469413693229695,0.590793268251176,0.666027498857655,0.712753424442885,0.960835028588151,0.882976924392615,0.806823413243313,0.745927588940921,0.701418832450075
2.71,0.277761176839219,0.470077845890096,0.591202967439613,0.666133565379364,0.712555384179271,0.960650162088911,0.882623524491736,0.806523240657572,0.745832798332386,0.70161998269728
2.72,0.278399454885584,0.470735187219581,0.591602916535203,0.666228292057804,0.7123444567364,0.960465378662778,0.882273124094827,0.806229900678732,0.74574810535565,0.701834080562992
2.73,0.279035876417934,0.471385735249716,0.591993152285926,0.666311696823451,0.712120618095003,0.960280674636955,0.881925732104263,0.805943388527713,0.74567350301917,0.702061128103659
2.74,0.27967046399694,0.472029505919905,0.592373710355093,0.666383796016867,0.711883841301882,0.960096047206065,0.881581358278987,0.805663699622182,0.745608984968368,0.702301128960892
2.75,0.280303236787483,0.472666513018501,0.59274462528847,0.666444604360201,0.711634096425953,0.959911494488666,0.881240013279045,0.805390829606449,0.745554545503114,0.702554088382762
2.76,0.280934210408999,0.473296768127483,0.593105930482542,0.666494134927196,0.711371350516104,0.959727015583189,0.880901708708502,0.805124774380298,0.745510179592029,0.702820013241708
2.77,0.281563396789847,0.47392028057091,0.593457658154005,0.666532399111533,0.711095567561023,0.959542610623161,0.880566457156552,0.804865530127141,0.745475882883365,0.703098912048949
2.78,0.2821908040261,0.474537057367284,0.593799839310593,0.666559406593399,0.710806708451171,0.95935828083153,0.88023427223671,0.804613093340862,0.745451651712187,0.703390794965295
2.79,0.282816436245229,0.475147103186007,0.594132503723306,0.666575165304116,0.710504730943065,0.959174028573986,0.879905168623943,0.804367460851716,0.745437483103608,0.703695673808213
2.8,0.283440293475078,0.475750420308075,0.594455679900141,0.666579681388683,0.710189589626023,0.95898985741108,0.879579162089553,0.804128629850996,0.745433374771805,0.704013562055095
2.81,0.284062371518597,0.476347008591149,0.594769395061397,0.666572959166102,0.709861235891535,0.958805772149022,0.879256269533711,0.803896597914479,0.745439325114533,0.704344474842635
2.82,0.284682661834734,0.476936865439145,0.595073675116629,0.666555001087326,0.70951961790539,0.958621778888977,0.878936509015503,0.803671363024593,0.745455333202861,0.704688428962207
2.83,0.28530115142594,0.477519985776467,0.595368544643338,0.6665258076907,0.70916468058272,0.958437885074722,0.878619899780322,0.80345292359118,0.745481398765855,0.705045442851191
2.84,0.285917822732708,0.47809636202701,0.595654026867457,0.66648537755475,0.708796365566077,0.958254099538504,0.878306462284501,0.803241278470878,0.745517522169894,0.705415536580167
2.85,0.28653265353556,0.478665984098026,0.595930143645697,0.666433707248192,0.708414611206687,0.958070432544927,0.877996218217063,0.80303642698503,0.745563704392354,0.705798731835915
2.86,0.287145616864919,0.479228839368972,0.596196915449827,0.66637079127703,0.708019352548979,0.957886895832741,0.877689190518444,0.80283836893606,0.745619946989344,0.706195051900209
2.87,0.287756680919262,0.479784912685423,0.596454361352934,0.666296622028621,0.70761052131852,0.957703502654362,0.877385403396096,0.802647104622218,0.745686252057199,0.706604521624265
2.88,0.288365808991967,0.480334186358132,0.596702499017718,0.666211189712612,0.707188045913442,0.95752026781296,0.877084882336847,0.802462634850842,0.745762622187435,0.707027167398938
2.89,0.288972959407255,0.480876640167322,0.596941344686877,0.666114482298617,0.706751851399459,0.95733720769699,0.876787654115918,0.802284960949781,0.745849060414853,0.707463017120514
2.9,0.289578085465602,0.481412251372256,0.597170913175607,0.666006485450587,0.706301859508573,0.957154340311988,0.876493746802494,0.802114084777308,0.745945570158495,0.707912100152173
2.91,0.290181135399011,0.481940994726161,0.597391217866279,0.665887182457751,0.705837988641507,0.956971685309496,0.876203189761764,0.801950008730072,0.746052155155144,0.708374447281051
2.92,0.290782052336501,0.482462842496538,0.597602270705301,0.665756554162111,0.705360153873974,0.956789264012973,0.875916013653346,0.801792735749467,0.746168819385065,0.708850090670929
2.93,0.29138077428016,0.482977764490905,0.5978040822022,0.665614578882409,0.704868266966799,0.956607099440529,0.875632250426009,0.801642269326066,0.746295566989688,0.709339063810544
2.94,0.291977234092111,0.483485728087996,0.597996661430951,0.665461232334561,0.70436223637997,0.956425216324355,0.875351933308642,0.801498613502357,0.746432402180926,0.709841401457539
2.95,0.292571359492693,0.483986698274437,0.598180016033551,0.665296487548548,0.703841967290623,0.956243641126709,0.875075096797396,0.801361772873482,0.746579329141836,0.710357139578082
2.96,0.29316307307018,0.484480637686909,0.598354152225862,0.665120314781759,0.703307361615018,0.956062402052306,0.874801776638938,0.801231752586283,0.74673635191833,0.710886315282166
2.97,0.293752292302298,0.484967506659807,0.598519074805712,0.664932681428853,0.702758318034491,0.955881529056987,0.874532009809809,0.801108558336327,0.746903474301644,0.711428966754661
2.98,0.294338929589826,0.485447263278376,0.598674787163258,0.664733551928164,0.702194732025412,0.955701053852547,0.874265834491803,0.800992196363126,0.747080699701294,0.711985133182118
2.99,0.294922892302505,0.485919863437315,0.598821291293595,0.66452288766477,0.701616495893125,0.955521009907563,0.874003290043376,0.800882673443477,0.747268031008225,0.712554854675462
3,0.295504082837484,0.486385260904831,0.598958587811596,0.664300646870309,0.70102349880987,0.955341432444134,0.873744416967063,0.800779996882914,0.747465470447909,0.71313817218854
3.01,0.296082398690492,0.4868434073921,0.599086675968961,0.664067297565992,0.700415626856654,0.955162358430391,0.873489256872879,0.800684174505295,0.74767365118761,0.713735127432687
3.02,0.296657732539903,0.487294252628096,0.599205553673441,0.663822061170046,0.699792763069039,0.95498382656866,0.873237852437725,0.800595214640521,0.747891551272584,0.714345762787337
3.03,0.297229972343841,0.487737744439745,0.599315217510203,0.663564988833984,0.699154787486806,0.954805877279191,0.872990247360807,0.800513126110458,0.748119304393423,0.714970121206784
3.04,0.297799001450432,0.488173828837345,0.599415662765295,0.663296116309039,0.698501577207446,0.954628552679314,0.872746486315074,0.800437918212956,0.748357025746909,0.715608246123213
3.05,0.298364698721283,0.488602450105173,0.599506883451163,0.663015465280603,0.697833006443403,0.954451896557941,0.872506614894741,0.800369600704248,0.748604813578639,0.716260181346064
3.06,0.29892693866825,0.489023550897231,0.599588872334155,0.662723044653315,0.697148946583024,0.954275954345335,0.872270679558899,0.800308183779373,0.748862750665192,0.716925970957898
3.07,0.299485591603504,0.489437072338025,0.599661620963969,0.662418851784242,0.696449266255115,0.954100773078013,0.872038727571285,0.800253678051092,0.749130905733761,0.717605659206817
3.08,0.300040523802881,0.489842954128295,0.599725119704957,0.66210287366198,0.695733831397035,0.953926401358752,0.871810806936297,0.800206094527007,0.749409334817496,0.718299290395653
3.09,0.300591597682478,0.4902411346556,0.599779357769233,0.66177508802993,0.695002505326227,0.953752889311588,0.871586966331254,0.800165444585153,0.749698082545207,0.719006908767984
3.1,0.301138671988398,0.49063155110966,0.599824323251484,0.661435464452338,0.694255148815088,0.953580288531771,0.871367255035075,0.800131739947885,0.749997183364392,0.719728558391152
3.11,0.301681601999529,0.491014139602311,0.59986000316542,0.661083965322078,0.693491620169078,0.953408652030589,0.871151722853383,0.800104992654475,0.750306662696882,0.720464283036469
3.12,0.302220239743199,0.491388835291994,0.599886383481759,0.660720546809503,0.69271177530795,0.953238034175052,0.870940420040217,0.80008521503201,0.750626538026731,0.721214126056694
3.13,0.302754434223513,0.491755572512602,0.599903449167654,0.660345159752,0.691915467849984,0.953068490622359,0.870733397216371,0.800072419665177,0.75095681992023,0.721978130261008
3.14,0.303284031662134,0.49211428490658,0.599911184227468,0.659957750484218,0.69110254919911,0.952900078249167,0.87053070528457,0.800066619364525,0.751297512978238,0.722756337787632
3.15,0.303808875751236,0.492464905562119,0.599909571744783,0.65955826160923,0.69027286863478,0.952732855075612,0.870332395341549,0.800067827133657,0.751648616721264,0.723548789974271
3.16,0.304328807918321,0.492807367154273,0.599898593925535,0.659146632711178,0.689426273404466,0.952566880184113,0.870138518587211,0.800076056135245,0.75201012640798,0.724355527226555
3.17,0.30484366760254,0.493141602089865,0.599878232142162,0.658722801010185,0.688562608818644,0.952402213632958,0.86994912623098,0.800091319655961,0.752382033788094,0.725176588884684
3.18,0.305353292542138,0.493467542655977,0.599848466978642,0.658286701960617,0.687681718348131,0.952238916364714,0.869764269395543,0.800113631070527,0.752764327790698,0.726012013088475
3.19,0.305857519072579,0.493785121171865,0.599809278276305,0.657838269793956,0.686783443723618,0.952077050109511,0.869583999018107,0.800143003804877,0.753156995149442,0.726861836640971
3.2,0.306356182434901,0.494094270144093,0.599760645180272,0.657377438007775,0.685867625037265,0.951916677283253,0.869408365749381,0.800179451298525,0.753560020966043,0.727726094870884
3.21,0.30684911709377,0.494394922424689,0.599702546186419,0.656904139802514,0.68493410084621,0.951757860880879,0.869237419850429,0.800222986966357,0.753973389213826,0.728604821494024
3.22,0.307336157064712,0.494687011372119,0.599634959188701,0.656418308467901,0.683982708277826,0.951600664364727,0.869071211087617,0.800273624159848,0.754397083183159,0.72949804847396
3.23,0.307817136249921,0.494970471014852,0.599557861526725,0.65591987772103,0.683013283136594,0.951445151548187,0.868909788625812,0.800331376127853,0.754831085870773,0.730405805882145
3.24,0.308291888782047,0.495245236217283,0.599471230033406,0.655408781998258,0.682025660012422,0.951291386474762,0.868753200920095,0.800396255977144,0.755275380315102,0.731328121757692
3.25,0.308760249375294,0.495511242847789,0.599375041082587,0.654884956703167,0.681019672390256,0.9511394332927,0.868601495606113,0.800468276632661,0.755729949879902,0.732265021967079
3.26,0.309222053683149,0.495768427948648,0.599269270636454,0.654348338412972,0.679995152760834,0.950989356125441,0.868454719389377,0.800547450797775,0.756194778488493,0.73321653006399
3.27,0.309677138662048,0.496016729907586,0.59915389429262,0.653798865045813,0.67895193273241,0.950841218938066,0.86831291793367,0.800633790914636,0.756669850811089,0.734182667149531
3.28,0.310125342940194,0.496256088630654,0.599028887330711,0.653236475991439,0.677889843143296,0.950695085399984,0.868176135748803,0.800727309124626,0.757155152407742,0.735163451733091
3.29,0.310566507190805,0.496486445716177,0.59889422475831,0.652661112207836,0.676808714175066,0.950551018744183,0.868044416077986,0.800828017229199,0.757650669829499,0.73615889959407
3.3,0.311000474508962,0.496707744629473,0.598749881356116,0.652072716286373,0.675708375466243,0.950409081623288,0.867917800784995,0.800935926651156,0.758156390680422,0.737169023644739
3.31,0.311427090791256,0.496919930878042,0.598595831722141,0.651471232488068,0.674588656226314,0.950269335962779,0.867796330241441,0.801051048396521,0.758672303643194,0.738193833794483
3.32,0.311846205117398,0.497122952186917,0.598432050314819,0.650856606753532,0.673449385349913,0.950131842811707,0.867680043214341,0.801173393017147,0.759198398471002,0.739233336815696
3.33,0.312257670132943,0.497316758673843,0.598258511494853,0.650228786689174,0.672290391530994,0.949996662191272,0.867568976754277,0.801302970574103,0.759734665948491,0.740287536211582
3.34,0.312661342432253,0.497501303023965,0.598075189565655,0.649587721532172,0.671111503376828,0.949863852941665,0.867463166084359,0.801439790602224,0.760281097824523,0.74135643208612
3.35,0.313057082940847,0.497676540663672,0.597882058812224,0.648933362096678,0.669912549521652,0.949733472567574,0.867362644490301,0.801583862075639,0.760837686719505,0.742440021016496
3.36,0.313444757296232,0.497842429933245,0.597679093538303,0.64826566070367,0.668693358739799,0.949605577082791,0.867267443211815,0.801735193374649,0.761404426010048,0.743538295928212
3.37,0.313824236226361,0.497998932257947,0.597466268101675,0.647584571096759,0.667453760058131,0.949480220854361,0.867177591335644,0.801893792254019,0.76198130969366,0.744651245973223
3.38,0.314195395924812,0.498146012317179,0.597243556947433,0.646890048346204,0.666193582867589,0.949357456446726,0.86709311569044,0.802059665812811,0.762568332236187,0.745778856411308
3.39,0.314558118421832,0.498283638211317,0.597010934639078,0.646182048743235,0.664912657033682,0.94923733446635,0.867014040743797,0.8022328204659,0.763165488404633,0.746921108494984
3.4,0.314912291950369,0.498411781625847,0.59676837588731,0.645460529686739,0.663610813005723,0.949119903407295,0.866940388501682,0.802413261917304,0.76377277308798,0.748077979358245
3.41,0.315257811306235,0.498530417992384,0.596515855576337,0.644725449564173,0.662287881924619,0.949005209498219,0.866872178410548,0.802600995135489,0.764390181108536,0.749249441909389
3.42,0.315594578201576,0.498639526646178,0.59625334878759,0.643976767628498,0.660943695729019,0.948893296551309,0.866809427262374,0.802796024330747,0.765017707026291,0.750435464728228
3.43,0.315922501610813,0.498739090979681,0.595980830820676,0.643214443872761,0.659578087259609,0.948784205813606,0.866752149102916,0.802998352934778,0.765655344938674,0.751636011967937
3.44,0.316241498108275,0.49882909859176,0.59569827721145,0.642438438903813,0.658190890361339,0.948677975821221,0.866700355143427,0.80320798358265,0.766303088278035,0.752851043261842
3.45,0.316551492196751,0.498909541432125,0.595405663747054,0.64164871381652,0.656781939983384,0.948574642256914,0.866654053676112,0.80342491809713,0.766960929609073,0.754080513635417
3.46,0.31685241662623,0.49898041594053,0.595102966477797,0.640845230069659,0.655351072276574,0.948474237811484,0.866613249993574,0.803649157475716,0.767628860428351,0.755324373423763
3.47,0.317144212702125,0.499041723180321,0.594790161725752,0.640027949364557,0.65389812468809,0.948376792049446,0.86657794631252,0.803880701880233,0.76830687096791,0.756582568194842
3.48,0.317426830582321,0.499093468965878,0.594467226089931,0.639196833527355,0.652422936053167,0.948282331279396,0.866548141701973,0.80411955062934,0.768994950004928,0.757855038678727
3.49,0.317700229562425,0.499135663983515,0.594134136447932,0.638351844395647,0.650925346683543,0.948190878429512,0.866523832016243,0.804365702193829,0.769693084679211,0.759141720703162
3.5,0.317964378348642,0.499168323905381,0.593790869953924,0.637492943710094,0.649405198452385,0.948102452928569,0.866505009832917,0.804619154195047,0.770401260320244,0.760442545135655
3.51,0.318219255317732,0.499191469495933,0.59343740403287,0.636620093011426,0.647862334875439,0.948017070592832,0.866491664396096,0.804879903406278,0.771119460285338,0.761757437832386
3.52,0.318464848763583,0.49920512671052,0.593073716370876,0.635733253543151,0.646296601188072,0.947934743519208,0.866483781565124,0.805147945757402,0.771847665810363,0.763086319594162
3.53,0.318701157129924,0.499209326785643,0.592699784901557,0.634832386160113,0.644707844417939,0.947855479984938,0.86648134376905,0.805423276342778,0.772585855874361,0.764429106129687
3.54,0.318928189228834,0.499204106320453,0.592315587788331,0.633917451242892,0.643095913452943,0.947779284354169,0.866484329967037,0.805705889432423,0.773334007079269,0.765785708026331
3.55,0.319145964444655,0.499189507349053,0.591921103402536,0.63298840861795,0.641460659104155,0.947706156991648,0.866492715614942,0.805995778486614,0.774092093545789,0.767156030728676
3.56,0.319354512923056,0.499165577403176,0.591516310297299,0.632045217483242,0.639801934163364,0.947636094183805,0.866506472638286,0.806292936173942,0.774860086826358,0.768539974525013
3.57,0.319553875744964,0.49913236956482,0.591101187177059,0.631087836338946,0.638119593454896,0.947569088067432,0.866525569411804,0.806597354392807,0.775637955836022,0.769937434542005
3.58,0.319744105085175,0.499089942508437,0.590675712862683,0.630116222922809,0.636413493881322,0.947505126566164,0.866549970745796,0.806909024296498,0.776425666801874,0.771348300747704
3.59,0.31992526435548,0.499038360532266,0.590239866252092,0.62913033414953,0.634683494462693,0.947444193334933,0.86657963787943,0.807227936321777,0.777223183231588,0.772772457963085
3.6,0.320097428332151,0.498977693578441,0.589793626276353,0.628130126053496,0.632929456368882,0.947386267712538,0.866614528481214,0.807554080221062,0.778030465901479,0.774209785882263
3.61,0.32026068326772,0.498908017241489,0.589336971851161,0.627115553734107,0.631151242944641,0.947331324682477,0.866654596656774,0.807887445098205,0.778847472864329,0.775660159101531
3.62,0.320415126986946,0.498829412764875,0.588869881823681,0.626086571302835,0.629348719726947,0.947279334842127,0.866699792964107,0.808228019447785,0.779674159477137,0.777123447157334
3.63,0.320560868966924,0.498741967025247,0.588392334914702,0.625043131831119,0.627521754454192,0.947230264380384,0.866750064436456,0.808575791198041,0.780510478448797,0.778599514573283
3.64,0.320698030401281,0.498645772504076,0.587904309656065,0.623985187298142,0.625670217066794,0.947184075063832,0.866805354612927,0.808930747757274,0.781356379907612,0.780088220916286
3.65,0.320826744248396,0.498540927246379,0.587405784323356,0.622912688537462,0.623793979698757,0.947140724231503,0.866865603576982,0.809292876063789,0.782211811488359,0.781589420861854
3.66,0.320947155263598,0.49842753480627,0.586896736863829,0.621825585181488,0.621892916659725,0.947100164798265,0.866930748002913,0.809662162639267,0.78307671843861,0.783102964268613
3.67,0.321059420015219,0.498305704179063,0.586377144819566,0.620723825602732,0.619966904407066,0.947062345266913,0.867000721210368,0.810038593645524,0.783951043743772,0.784628696262015
3.68,0.321163706884408,0.498175549719734,0.585846985245866,0.61960735685078,0.618015821507502,0.947027209748936,0.867075453227042,0.810422154944591,0.784834728270295,0.786166457327234
3.69,0.321260196048495,0.498037191047515,0.585306234624888,0.618476124583911,0.616039548587816,0.94699469799404,0.867154870859568,0.810812832162026,0.785727710926344,0.787716083411202
3.7,0.321349079447685,0.49789075293647,0.584754868774544,0.617330072994336,0.614037968274162,0.946964745428401,0.867238897772664,0.811210610753316,0.786629928839111,0.789277406033672
3.71,0.321430560734743,0.497736365191904,0.584192862752703,0.616169144726023,0.612010965119492,0.946937283201673,0.867327454576572,0.811615476073335,0.787541317547893,0.790850252407218
3.72,0.32150485520726,0.497574162512501,0.583620190756725,0.614993280784137,0.609958425518638,0.946912238242761,0.867420458922776,0.812027413448662,0.788461811211917,0.792434445566007
3.73,0.32157218972197,0.497404284338111,0.583036826018383,0.61380242043515,0.607880237610584,0.946889533324344,0.867517825608054,0.812446408252654,0.789391342831836,0.794029804503156
3.74,0.321632802590472,0.497226874683143,0.582442740694245,0.612596501096749,0.605776291167471,0.94686908713616,0.867619466686764,0.812872445983098,0.790329844483728,0.795636144316451
3.75,0.321686943455576,0.49704208195556,0.581837905751579,0.611375458216739,0.60364647746991,0.94685081436704,0.867725291591379,0.813305512342311,0.791277247564348,0.797253276362161
3.76,0.321734873147343,0.496850058761495,0.581222290849882,0.610139225140195,0.601490689168162,0.946834625795675,0.867835207261197,0.813745593319443,0.792233483046317,0.798881008416653
3.77,0.321776863517737,0.496650961695554,0.580595864218116,0.608887732964234,0.599308820128805,0.946820428390127,0.867949118279131,0.81419267527489,0.793198481741885,0.800519144845452
3.78,0.321813197252654,0.496444951116908,0.579958592527788,0.607620910379845,0.597100765266515,0.946808125416015,0.868066927016504,0.814646745026473,0.794172174573803,0.802167486779369
3.79,0.321844167659935,0.496232190911301,0.579310440761977,0.606338683500329,0.5948664203606,0.946797616553419,0.868188533785695,0.815107789937312,0.795154492851858,0.803825832297258
3.8,0.321870078431783,0.496012848239162,0.57865137208047,0.605040975676012,0.592605681856016,0.946788798022414,0.86831383700054,0.815575798005019,0.796145368553511,0.805493976614945
3.81,0.321891243379916,0.495787093270018,0.577981347681149,0.603727707295001,0.590318446648553,0.94678156271723,0.868442733344277,0.816050757952076,0.797144734607106,0.807171712279794
3.82,0.321907986141589,0.495555098903475,0.577300326657814,0.602398795569875,0.588004611854022,0.946775800348993,0.868575117944882,0.816532659317057,0.798152525176045,0.808858829370356
3.83,0.321920639854546,0.495317040477038,0.576608265854617,0.601054154310334,0.585664074561221,0.94677139759697,0.868710884557587,0.817021492546482,0.799168675942342,0.810555115700493
3.84,0.321929546798875,0.495073095461121,0.575905119717319,0.59969369368194,0.583296731568608,0.946768238268295,0.868849925754328,0.817517249086958,0.800193124387921,0.812260357027326
3.85,0.321935058003657,0.49482344314159,0.575190840141594,0.598317319951227,0.580902479104595,0.946766203466058,0.868992133119904,0.818019921477369,0.80122581007206,0.813974337262296
3.86,0.32193753281635,0.494568264290262,0.574465376318614,0.596924935217593,0.578481212531489,0.946765171765698,0.869137397454557,0.818529503440763,0.802266674903367,0.815696838684608
3.87,0.321937338432841,0.4943077408238,0.573728674578173,0.595516437132486,0.576032826033169,0.9467650193996,0.869285608982678,0.819045989975635,0.803315663404665,0.817427642156261
3.88,0.321934849386223,0.494042055451469,0.572980678229633,0.594091718606583,0.573557212286642,0.946765620449751,0.869436657567321,0.819569377446267,0.804372722969248,0.819166527337826
3.89,0.321930446992537,0.4937713913123,0.57222132740098,0.592650667505719,0.571054262117741,0.946766847048368,0.869590432930194,0.820099663671815,0.805437804106919,0.820913272904104
3.9,0.321924518751917,0.493495931602188,0.571450558876316,0.591193166336514,0.568523864141293,0.946768569586287,0.869746824876758,0.820636848013742,0.806510860678328,0.822667656758738
3.91,0.321917457703924,0.493215859191531,0.570668305932118,0.589719091922738,0.565965904386172,0.946770656929012,0.869905723526045,0.821180931461276,0.807591850116125,0.824429456246816
3.92,0.321909661736199,0.492931356234028,0.569874498172624,0.588228315073561,0.563380265905786,0.946772976640175,0.870067019544809,0.821731916714552,0.808680733631508,0.826198448364474
3.93,0.321901532846061,0.492642603767299,0.569069061364734,0.58672070024498,0.560766828374616,0.946775395212236,0.870230604385555,0.822289808264983,0.809777476404817,0.827974409964449
3.94,0.321893476355164,0.492349781306007,0.56825191727282,0.585196105195804,0.558125467671549,0.946777778304166,0.870396370528027,0.822854612472573,0.810882047758875,0.829757117956519
3.95,0.321885900077944,0.492053066428228,0.567422983493878,0.583654380639659,0.555456055450869,0.946779990985888,0.870564211723671,0.823426337639734,0.811994421313837,0.831546349501716
3.96,0.321879213445203,0.491752634355795,0.566582173293478,0.582095369894611,0.552758458701889,0.946781897989168,0.870734023242588,0.824004994081232,0.813114575122425,0.833341882199186
3.97,0.321873826584906,0.49144865752942,0.565729395442969,0.580518908532052,0.550032539298305,0.946783363964672,0.870905702122489,0.824590594189878,0.814242491784469,0.835143494264516
3.98,0.321870149362908,0.491141305179394,0.564864554058466,0.578924824026558,0.54727815353852,0.946784253744877,0.871079147419077,0.825183152497566,0.815378158539768,0.836950964698356
3.99,0.321868590387119,0.490830742892716,0.563987548442112,0.57731293540855,0.544495151678297,0.94678443261246,0.871254260457402,0.825782685731249,0.81652156733841,0.838764073444117
4,0.321869555979269,0.490517132177493,0.56309827292619,0.575683052921554,0.541683377457228,0.946783766573828,0.871430945083533,0.826389212863477,0.817672714887743,0.840582601533531
4.01,0.321873449119121,0.490200630025528,0.562196616720646,0.574034977685979,0.538842667620661,0.946782122637361,0.871609107916043,0.827002755157081,0.818831602675324,0.842406331218815
4.02,0.321880668366608,0.489881388473978,0.561282463764625,0.572368501371299,0.535972851438853,0.946779369095977,0.871788658596702,0.827623336203632,0.819998236967246,0.84423504609021
4.03,0.32189160676787,0.489559554167045,0.560355692582642,0.570683405878583,0.533073750225272,0.946775375813562,0.871969510039741,0.828250981955268,0.821172628781391,0.84606853117764
4.04,0.321906650751641,0.489235267918627,0.559416176146043,0.568979463035287,0.530145176856087,0.946770014514812,0.872151578679137,0.828885720749485,0.822354793835212,0.847906573035232
4.05,0.321926179022721,0.488908664276926,0.558463781740424,0.567256434304243,0.527186935293069,0.946763159077975,0.872334784713232,0.829527583326552,0.823544752467804,0.849748959807461
4.06,0.321950561459464,0.488579871091985,0.557498370839705,0.56551407050874,0.524198820112222,0.946754685830032,0.872519052346073,0.830176602839134,0.824742529536119,0.851595481275685
4.07,0.321980158022247,0.488249009087193,0.556519798987585,0.563752111575555,0.521180616040632,0.946744473843736,0.872704310024847,0.830832814853769,0.825948154285271,0.853445928883841
4.08,0.322015317679771,0.487916191435753,0.555527915687104,0.561970286297764,0.518132097504163,0.946732405236001,0.872890490672715,0.831496257343835,0.82716166019302,0.855300095742127
4.09,0.322056377359774,0.487581523343191,0.554522564299098,0.560168312119075,0.515053028188738,0.946718365467052,0.873077531916402,0.832166970673672,0.828383084788624,0.857157776607477
4.1,0.322103660930324,0.487245101636949,0.553503581950302,0.558345894941385,0.511943160618094,0.946702243639765,0.873265376307873,0.832844997573477,0.829612469446329,0.859018767839717
4.11,0.322157478217322,0.486907014364159,0.552470799451918,0.556502728957144,0.508802235751038,0.94668393279858,0.873453971539421,0.833530383104694,0.83084985915393,0.860882867332288
4.12,0.32221812406315,0.486567340398685,0.551424041229447,0.554638496508053,0.505629982601299,0.946663330227402,0.873643270651457,0.834223174615549,0.832095302256874,0.86274987441651
4.13,0.322285877430644,0.486226149058576,0.550363125264624,0.552752867971469,0.50242611788326,0.946640337745832,0.873833232232336,0.834923421686441,0.833348850178532,0.864619589738361
4.14,0.32236100055573,0.485883499735049,0.549287863050279,0.550845501675833,0.499190345686876,0.946614862003105,0.8740238206095,0.835631176064909,0.834610557117328,0.866491815106871
4.15,0.322443738151148,0.485539441534208,0.548198059558961,0.548916043846253,0.49592235718524,0.946586814769083,0.874215006031249,0.836346491589889,0.835880479721532,0.868366353313235
4.16,0.322534316662782,0.48519401293268,0.547093513226195,0.546964128581297,0.49262183037831,0.946556113221644,0.874406764838393,0.837069424105041,0.837158676742575,0.870243007919855
4.17,0.322632943579218,0.484847241448428,0.54597401594917,0.54498937786185,0.489288429876373,0.946522680229819,0.874599079625077,0.837800031360875,0.83844520866787,0.872121583018616
4.18,0.322739806794252,0.484499143328028,0.544839353101745,0.542991401592828,0.485921806726912,0.946486444631966,0.87479193938801,0.838538372905511,0.839740137334172,0.874001882957736
4.19,0.322855074021295,0.484149723251772,0.54368930356655,0.540969797678298,0.482521598288534,0.946447341508377,0.874985339663341,0.83928450996384,0.841043525522577,0.875883712036681
4.2,0.322978892257875,0.483798974058023,0.542523639785034,0.538924152130483,0.479087428155669,0.94640531244758,0.875179282650356,0.840038505304949,0.842355436536346,0.877766874168718
4.21,0.323111387297818,0.48344687648835,0.541342127826219,0.536854039212935,0.475618906137747,0.94636030580571,0.875373777321175,0.840800423097657,0.843675933762771,0.879651172510766
4.22,0.323252663288199,0.483093398955084,0.540144527474943,0.534759021618018,0.472115628296524,0.946312276958274,0.875568839515532,0.841570328754039,0.845005080220369,0.881536409060374
4.23,0.323402802327763,0.482738497333119,0.538930592340298,0.532638650678708,0.468577177045213,0.946261188543623,0.875764492019679,0.842348288760851,0.84634293809272,0.883422384219723
4.24,0.323561864103278,0.482382114777952,0.537700069984985,0.530492466614553,0.465003121312974,0.946207010697521,0.875960764628341,0.843134370498796,0.847689568250294,0.885308896326736
4.25,0.323729885560146,0.482024181572225,0.536452702076188,0.528319998811519,0.461393016778256,0.946149721278124,0.87615769418853,0.843928642049568,0.849045029761662,0.887195741153482
4.26,0.323906880603643,0.481664615003412,0.535188224558606,0.526120766135313,0.457746406174346,0.946089306080756,0.876355324623874,0.844731171990707,0.850409379395459,0.889082711372228
4.27,0.324092839827247,0.481303319275665,0.533906367850122,0.523894277277654,0.454062819670318,0.94602575904187,0.876553706937845,0.845542029178238,0.851782671114532,0.890969595989661
4.28,0.324287730264749,0.480940185459516,0.532606857060616,0.521640031134871,0.450341775330406,0.945959082431547,0.876752899194019,0.846361282517166,0.853164955563633,0.892856179749937
4.29,0.324491495163193,0.48057509148382,0.5312894122343,0.519357517218116,0.44658277965461,0.945889287034008,0.876952966471099,0.84718900071994,0.854556279552098,0.89474224250743
4.3,0.324704053774032,0.480207902175446,0.529953748615888,0.517046216094401,0.442785328203054,0.945816392315491,0.877153980789813,0.848025252052933,0.85595668553284,0.8966275585702
4.31,0.324925301160396,0.479838469353574,0.528599576940836,0.514705599857643,0.438948906306377,0.945740426579012,0.877356021008199,0.848870104071152,0.857366211079019,0.898511896015419
4.32,0.325155108018822,0.4794666319874,0.527226603749813,0.512335132628847,0.435072989864053,0.94566142710543,0.877559172680634,0.84972362334132,0.858784888359709,0.900395015978175
4.33,0.325393320514343,0.479092216428641,0.525834531727436,0.509934271084587,0.431157046232198,0.945579440280327,0.877763527874717,0.850585875153572,0.860212743615803,0.902276671915303
4.34,0.325639760128358,0.47871503673388,0.524423060065257,0.507502465012934,0.427200535202007,0.945494521706228,0.877969184938075,0.851456923221999,0.861649796637368,0.904156608846085
4.35,0.325894223519235,0.47833489509686,0.522991884848867,0.50503915789607,0.423202910069482,0.945406736299684,0.878176248204583,0.852336829374347,0.863096060243612,0.906034562571914
4.36,0.326156482396108,0.477951582418048,0.521540699468892,0.50254378751888,0.419163618796658,0.945316158372793,0.878384827625544,0.8532256532312,0.8645515397665,0.907910258877234
4.37,0.326426283406851,0.477564879049179,0.520069195055591,0.500015786602953,0.415082105263951,0.945222871698773,0.878595038305935,0.854123451874992,0.866016232539043,0.909783412714318
4.38,0.326703348041624,0.477174555765622,0.518577060936657,0.497454583465562,0.4109578106127,0.945126969561174,0.878806999917692,0.855030279509292,0.867490127389121,0.911653727374699
4.39,0.326987372553843,0.476780375041913,0.517063985117767,0.494859602703358,0.40679017467633,0.945028554786416,0.879020835950069,0.85594618710878,0.868973204139658,0.913520893650323
4.4,0.32727802790078,0.476382092739826,0.515529654785347,0.492230265900773,0.402578637497922,0.944927739759319,0.879236672738928,0.856871222060409,0.870465433115834,0.915384588987777
4.41,0.327574959706333,0.475979460370773,0.513973756830971,0.489565992363327,0.398322640931251,0.944824646421328,0.879454638188849,0.857805427796303,0.871966774659866,0.917244476639197
4.42,0.327877788248787,0.475572228177049,0.512395978396787,0.486866199876351,0.394021630321624,0.944719406251204,0.879674860057857,0.858748843418923,0.873477178653836,0.919100204813755
4.43,0.328186108476584,0.475160149410057,0.510796007441314,0.484130305489952,0.389675056262095,0.944612160227913,0.879897463603173,0.859701503319182,0.874996584050818,0.920951405833933
4.44,0.328499490055354,0.474742986405677,0.509173533324978,0.481357726331391,0.385282376419809,0.94450305877555,0.880122568268016,0.860663436788095,0.876524918414455,0.922797695301048
4.45,0.328817477449529,0.474320519437293,0.507528247414747,0.478547880446427,0.380843057426449,0.944392261690093,0.880350282886306,0.861634667622735,0.878062097466961,0.924638671274826
4.46,0.329139590041975,0.473892560002088,0.505859843707299,0.475700187671598,0.376356576825875,0.944279938047889,0.880580698521808,0.862615213727221,0.879608024645309,0.926473913472109
4.47,0.32946532229512,0.473458971443526,0.504168019470173,0.472814070539841,0.371822425071254,0.944166266095716,0.880813877392099,0.863605086709526,0.881162590665219,0.928302982490113
4.48,0.329794143957024,0.473019702227528,0.502452475900478,0.469888955222332,0.367240107563098,0.944051433122357,0.881049835038119,0.864604291474985,0.882725673092295,0.930125419059925
4.49,0.330125500315835,0.472574842125974,0.500712918800804,0.466924272509876,0.362609146718818,0.94393563531163,0.881288510262818,0.865612825817371,0.884297135919413,0.931940743336289
4.5,0.330458812505954,0.472124722329019,0.498949059272143,0.463919458837726,0.357929084063556,0.943819077576834,0.88152971160783,0.866630680008494,0.885876829149234,0.93374845423001
4.51,0.33079347786914,0.471670105918738,0.497160614423712,0.460873957358206,0.353199482331326,0.943701973376599,0.881773015551391,0.867657836387326,0.887464588380327,0.935548028789636
4.52,0.33112887037366,0.471212581255037,0.495347308099798,0.45778721906605,0.348419927564693,0.943584544512149,0.882017556244133,0.868694268949681,0.889060234395078,0.937338921639367
4.53,0.331464341094367,0.470755465795428,0.493508871623815,0.454658703981965,0.343590031200563,0.94346702090604,0.882261542242985,0.869739942939561,0.890663572747081,0.939120564480483
4.54,0.331799218756433,0.470306207807815,0.491645044560016,0.451487882400496,0.338709432129065,0.943349640362371,0.8825009714473,0.870794814443296,0.892274393345229,0.94089236566382
4.55,0.332132810345224,0.469884290506796,0.489755575493386,0.448274236208939,0.333777798711927,0.943232648308603,0.882725396944956,0.871858829987714,0.893892470031051,0.942653709841189
4.56,0.332464401784532,0.469558437183006,0.487840222828412,0.445017260284781,0.328794830746354,0.943116297519017,0.882897952042845,0.872931926143542,0.895517560145083,0.944403957703828
4.57,0.332793258685147,0.469844534783187,0.485898755607557,0.44171646398003,0.323760261360123,0.943000847819955,0.882740182350666,0.874014029135387,0.897149404077053,0.946142445816304
4.58,0.333118627165421,0.46585342589349,0.483930954350323,0.438371372701921,0.318673858823391,0.942886565776907,0.884858220227221,0.875105054459616,0.898787724793376,0.947868486554504
4.59,0.333439734745197,0.466841196492027,0.48193661191383,0.434981529601029,0.313535428262721,0.942773724363613,0.884340577022367,0.876204906511596,0.900432227333836,0.949581368156567
4.6,0.3337557913141,0.46652421050115,0.479915534375861,0.431546497380051,0.308344813262999,0.94266260261327,0.884507640390047,0.877313478223696,0.902082598267003,0.951280354895843
4.61,0.334065990174898,0.466047995237255,0.477867541941204,0.428065860239968,0.303101897343217,0.942553485252006,0.884758497440625,0.878430650715612,0.903738505090996,0.952964687385132
4.62,0.334369509162218,0.465512356843069,0.475792469872007,0.424539225985779,0.297806605292641,0.942446662314707,0.885040325730368,0.879556292958578,0.905399595561817,0.954633583021587
4.63,0.334665511836559,0.464942581764447,0.473690169442653,0.420966228323143,0.292458904354714,0.9423424287434,0.885339685763621,0.88069026145507,0.90706549692535,0.956286236581835
4.64,0.334953148753138,0.464347811847261,0.471560508919315,0.417346529392919,0.28705880524694,0.942241083968245,0.885651687582804,0.881832399935723,0.908735815019812,0.957921820976884
4.65,0.335231558804686,0.463731979005193,0.469403374564009,0.413679822618331,0.281606363006352,0.942142931471336,0.885974201840997,0.882982539075136,0.910410133200876,0.959539488176519
4.66,0.335499870636932,0.46309691387163,0.467218671662454,0.409965835990399,0.276101677651647,0.942048278333359,0.886306212032994,0.88414049622844,0.91208801101775,0.961138370312795
4.67,0.335757204135026,0.462443467085153,0.465006325574502,0.406204336014642,0.270544894654866,0.941957434763293,0.886647219663403,0.885306075190398,0.913768982526621,0.962717580972296
4.68,0.336002671978783,0.46177198311239,0.462766282805225,0.402395132737313,0.264936205217647,0.941870713611154,0.886996992727978,0.886479065979023,0.915452554049912,0.964276216686665
4.69,0.336235381264137,0.461082524791242,0.460498512094031,0.398538086684377,0.259275846349446,0.941788429863968,0.887355446449982,0.887659244645651,0.917138201033786,0.965813358630824
4.7,0.336454435187793,0.460374989522113,0.458203005518354,0.394633119492447,0.253564100747862,0.941710900124959,0.887722581527446,0.888846373113551,0.918825363319092,0.96732807453809
4.71,0.336658934791583,0.459649173787845,0.45587977960761,0.390680232364127,0.247801296484269,0.941638442076042,0.888098449815429,0.890040199047212,0.92051343734813,0.968819420841162
4.72,0.336847980762638,0.458904811154511,0.453528876462108,0.386679543017273,0.241987806501307,0.941571373923627,0.888483134092095,0.891240455754524,0.922201761786914,0.970286445047662
4.73,0.337020675285002,0.458141595823297,0.451150364870655,0.382631372775721,0.236124047932552,0.941510013827744,0.888876735499373,0.892446862124277,0.923889587261722,0.971728188358532
4.74,0.337176123937938,0.457359197908655,0.448744341419469,0.378536497465856,0.230210481258729,0.941454679314487,0.889279365378255,0.893659122601401,0.925576003742027,0.973143688537205
4.75,0.337313437635724,0.456557273775004,0.446310931583886,0.374397103369672,0.224247609319325,0.941405686671691,0.889691139728161,0.894876927202747,0.927259776555346,0.974531983036991
4.76,0.337431734603363,0.45573547331325,0.443850290793079,0.370222295456553,0.218235976203173,0.941363350327807,0.890112175290423,0.896099951576305,0.928941803000706,0.975892112393551
4.77,0.337530142382234,0.454893445261101,0.441362605456612,0.36553622518355,0.212176166046904,0.941327982213852,0.890542586668754,0.897327857107206,0.930796324632808,0.97722312388881
4.78,0.33760779985938,0.454030841237113,0.438848093940024,0.361609362203006,0.206068801775606,0.941299891108322,0.890982484130185,0.898560291074301,0.932329250915692,0.978524075491939
4.79,0.337663859313767,0.453147318906966,0.436307007474695,0.357294335691769,0.199914543826202,0.941279381964861,0.891431971863513,0.899796886861749,0.933990628176459,0.979794040082406
4.8,0.337697488472587,0.452242544550179,0.433739630984709,0.352920181901274,0.193714088900388,0.941266755222577,0.891891146552159,0.901037264231097,0.935652461819289,0.981032109959296
4.81,0.337707872570373,0.451316195203009,0.431146283810115,0.348498792234932,0.187468168801039,0.941262306098672,0.892360096167513,0.902281029660593,0.937307887408372,0.98223740164033
4.82,0.337694216403514,0.450367960494916,0.428527320301236,0.344067180227128,0.181177549413466,0.941266323863244,0.892838898919772,0.903527776760647,0.938943556318357,0.983409060953158
4.83,0.337655746372519,0.449397544258316,0.425883130251829,0.337976461554927,0.174843029901111,0.941279091095874,0.893327622323434,0.904777086777316,0.94109110909312,0.984546268420647
4.84,0.337591712504297,0.448404665966535,0.423214139128503,0.334922541950525,0.168465442194178,0.941300882923758,0.893826322347667,0.906028529200374,0.942244387815129,0.985648244940933
4.85,0.337501390446564,0.447389062038201,0.420520808037681,0.330324808288077,0.162045650859629,0.941331966240982,0.894335042630792,0.907281662499681,0.943866558297349,0.98671425776213
4.86,0.337384083426492,0.446350487034918,0.417803633345681,0.325679488291047,0.155584553452049,0.941372598908595,0.894853813744051,0.908536035024971,0.945478826960516,0.98774362675057
4.87,0.337239124165697,0.445288714771204,0.415063145825305,0.320991417085685,0.149083081457665,0.941423028935078,0.895382652494194,0.909791186122561,0.94708008222251,0.988735730950547
4.88,0.337065876743726,0.44420353935008,0.412299909131287,0.316262352154978,0.142542201958693,0.94148349363674,0.895921561257268,0.911046647553079,0.948669604265055,0.989690015432519
4.89,0.336863738402305,0.443094776133766,0.409514517283276,0.311493596687785,0.135962920163469,0.94155421877765,0.896470527338247,0.912301945346707,0.950246735000504,0.990605998425797
4.9,0.336632141282807,0.441962262656076,0.406707590612214,0.306686348402089,0.129346282970566,0.941635417688576,0.897029522352638,0.913556602325183,0.951810757368983,0.991483278730769
4.91,0.336370554089587,0.440805859481022,0.403879769207645,0.3018417785152,0.122693383765282,0.941727290364475,0.897598501627363,0.914810141690456,0.953360826563892,0.992321543404798
4.92,0.336078483672117,0.43962545101062,0.401031702080165,0.296961050244949,0.116005368688291,0.941830022540019,0.898177403619096,0.916062092407906,0.954895937342485,0.993120575715017
4.93,0.335755476519194,0.438420946243747,0.398164028540316,0.292045318969155,0.109283444676119,0.941943784742631,0.898766149348886,0.917311997775516,0.956414922307302,0.993880263350387
4.94,0.335401120158854,0.437192279487083,0.395277344490154,0.28709572699066,0.102528889663811,0.942068731322546,0.899364641852417,0.918559429993039,0.95791647216068,0.994600606884525
4.95,0.335015044458056,0.435939411018496,0.392372137181111,0.282113399581217,0.0957430654841633,0.942204999459345,0.899972765645661,0.919804016811362,0.959399166512762,0.995281728480054
4.96,0.334596922816672,0.434662327702834,0.389448647852604,0.27709944843687,0.0889274342370229,0.942352708144458,0.900590386205996,0.921045494443415,0.960861505331357,0.995923880824476
4.97,0.334146473250843,0.43336104355965,0.386506550372964,0.272054990297886,0.0820835793177259,0.942511957139162,0.901217349469147,0.922283822703239,0.962301934903917,0.996527456286857
4.98,0.333663459361272,0.432035600282226,0.383544097119696,0.266981191240703,0.0752132330500041,0.942682825907559,0.90185348134255,0.923519459429537,0.963718866021108,0.997092996284005
4.99,0.33314769118266,0.430686067706984,0.380555630299754,0.261879350290699,0.0683183143150366,0.942865372524114,0.902498587235872,0.924753995855055,0.965110684740249,0.997621200844191
5,0.332599025911046,0.42931254423233,0.377538118048122,0.256751038185857,0.0614009824913413,0.943059632555316,0.903152451609676,0.925987467955093,0.966475757359213,0.998112938355915
