"Freq [GHz]","dB(S(FloquetPort1:1,FloquetPort1:1)) [] - thickness='11.992mm'","dB(S(FloquetPort1:1,FloquetPort1:1)) [] - thickness='23.984mm'","dB(S(FloquetPort1:1,FloquetPort1:1)) [] - thickness='35.976mm'","dB(S(FloquetPort1:1,FloquetPort1:1)) [] - thickness='47.968mm'","dB(S(FloquetPort1:1,FloquetPort1:1)) [] - thickness='59.958mm'","dB(S(FloquetPort1:1,FloquetPort2:1)) []"
1,-18.26522918698,-12.9647748472642,-10.5840016755823,-9.62866186900065,-9.70827315729824,-0.0652408107756101
1.01,-18.1837834836779,-12.8977625796692,-10.5379527337573,-9.61366191086656,-9.7387398882795,-0.0664854084520777
1.02,-18.1032354949307,-12.831713932387,-10.4931101405822,-9.60017578960532,-9.77175560786119,-0.0677398099658767
1.03,-18.0235684121692,-12.7666143506161,-10.4494577136991,-9.58820108409284,-9.80735416700497,-0.0690039472330171
1.04,-17.9447659022198,-12.7024497480569,-10.4069798236718,-9.57773610852625,-9.84557165897705,-0.0702777519273031
1.05,-17.8668120891752,-12.6392064840008,-10.3656613767948,-9.56877989726244,-9.88644648839252,-0.0715611554909778
1.06,-17.7896915371727,-12.5768713414649,-10.3254877987974,-9.56133219151003,-9.93001944824257,-0.0728540891446808
1.07,-17.7133892340296,-12.5154315063334,-10.2864450193934,-9.55539342784227,-9.97633380538164,-0.0741564838965605
1.08,-17.6378905756898,-12.4548745474689,-10.2485194576341,-9.55096472850092,-10.0254353950087,-0.0754682705505398
1.09,-17.5631813514387,-12.3951883977588,-10.2116980080202,-9.54804789346387,-10.0773727247393,-0.076789379713593
1.1,-17.4892477298438,-12.3363613360654,-10.1759680273348,-9.54664539425164,-10.132197088935,-0.07811974180199
1.11,-17.4160762453839,-12.2783819700484,-10.1413173221613,-9.54676036945023,-10.1899626940366,-0.0794592870464229
1.12,-17.34365378573,-12.2212392198308,-10.1077341370508,-9.54839662193035,-10.2507267957325,-0.0808079454959246
1.13,-17.2719675796441,-12.1649223024802,-10.0752071433082,-9.55155861774585,-10.3145498488965,-0.0821656470205067
1.14,-17.2010051854631,-12.1094207172801,-10.0437254283654,-9.55625148669549,-10.3814956713363,-0.0835323213124474
1.15,-17.1307544801376,-12.0547242317642,-10.0132784857159,-9.56248102453634,-10.4516316225228,-0.0849078978861719
1.16,-17.0612036487976,-12.0008228684907,-9.98385620538167,-9.57025369683855,-10.5250287986109,-0.0862923060766139
1.17,-16.9923411748166,-11.9477068925327,-9.95544886489001,-9.57957664447409,-10.6017622452218,-0.0876854750360307
1.18,-16.9241558303485,-11.8953667996612,-9.92804712073545,-9.59045769073561,-10.6819111896435,-0.0890873337292138
1.19,-16.8566366673143,-11.8437933051991,-9.90164200030605,-9.60290535008438,-10.7655592943082,-0.0904978109269963
1.2,-16.7897730088134,-11.7929773335252,-9.87622489425316,-9.61692883852891,-10.8527949336479,-0.0919168351980668
1.21,-16.7235544409382,-11.7429100082048,-9.85178754928554,-9.63253808564023,-10.9437114966946,-0.0933443348989558
1.22,-16.6579708049725,-11.6935826427297,-9.82832206136996,-9.64974374821359,-11.038407718106,-0.0947802381622684
1.23,-16.5930121899501,-11.6449867318432,-9.80582086932125,-9.66855722558946,-11.1369880406492,-0.0962244728830108
1.24,-16.5286689255593,-11.5971139434333,-9.78427674876581,-9.68899067665237,-11.2395630125861,-0.0976769667030721
1.25,-16.4649315753708,-11.5499561109725,-9.76368280646394,-9.71105703853013,-11.3462497238749,-0.0991376469937701
1.26,-16.4017909303742,-11.5035052264843,-9.74403247497663,-9.73477004702113,-11.4571722856472,-0.100606440836513
1.27,-16.3392380028064,-11.4577534340183,-9.72531950766376,-9.76014425878397,-11.5724623580528,-0.102083275001496
1.28,-16.2772640202547,-11.4126930236133,-9.70753797400141,-9.78719507532807,-11.6922597322963,-0.103568075924508
1.29,-16.215860420021,-11.3683164257297,-9.69068225520646,-9.81593876885281,-11.8167129735504,-0.105060769681797
1.3,-16.1550188437315,-11.3246162061315,-9.67474704015769,-9.84639250998772,-11.9459801324257,-0.10656128196304
1.31,-16.094731132179,-11.2815850611998,-9.65972732160305,-9.87857439749572,-12.0802295338563,-0.108069538042443
1.32,-16.0349893203831,-11.2392158136581,-9.6456183926436,-9.91250349000889,-12.2196406536371,-0.109585462747989
1.33,-15.9757856328577,-11.1975014086903,-9.63241584348496,-9.94819983987708,-12.364405094482,-0.111108980428906
1.34,-15.9171124790707,-11.1564349104335,-9.62011555844794,-9.98568452921742,-12.5147276754015,-0.112640014921377
1.35,-15.8589624490871,-11.1160094988261,-9.6087137132305,-10.0249797082666,-12.6708276504979,-0.114178489512577
1.36,-15.8013283093817,-11.0762184667926,-9.59820677241355,-10.0661086361472,-12.8329400760131,-0.115724326903111
1.37,-15.7442029988128,-11.0370552177475,-9.5885914872039,-10.1090957241752,-13.0013173477548,-0.11727744916789
1.38,-15.6875796247444,-10.9985132633983,-9.57986489340784,-10.1539665818477,-13.1762309349767,-0.118837777715635
1.39,-15.6314514593083,-10.9605862218312,-9.57202430962953,-10.2007480656677,-13.3579733415727,-0.120405233246988
1.4,-15.5758119357964,-10.9232678158596,-9.56506733568879,-10.2494683309781,-13.5468603312466,-0.121979735711449
1.41,-15.5206546451731,-10.8865518716193,-9.55899185125302,-10.3001568869976,-13.7432334604082,-0.123561204263198
1.42,-15.4659733327002,-10.8504323173908,-9.55379601467896,-10.3528446552714,-13.9474629712362,-0.125149557215924
1.43,-15.4117618946645,-10.8149031826326,-9.54947826205983,-10.4075640317711,-14.1599511080695,-0.126744711996895
1.44,-15.3580143752007,-10.7799585972086,-9.54603730647421,-10.4643489529049,-14.3811359335852,-0.128346585100292
1.45,-15.3047249632025,-10.7455927907901,-9.5434721374331,-10.5232349657257,-14.6114957378146,-0.129955092040031
1.46,-15.2518879893125,-10.7118000924191,-9.54178202052228,-10.5842593026549,-14.8515541538871,-0.131570147302293
1.47,-15.1994979229858,-10.6785749302145,-9.54096649723714,-10.6474609610736,-15.1018861207322,-0.133191664297808
1.48,-15.1475493696184,-10.6459118312049,-9.54102538500787,-10.7128807881693,-15.3631248665213,-0.134819555314188
1.49,-15.096037067736,-10.6138054212744,-9.54195877741297,-10.7805615714665,-15.6359701296618,-0.136453731468488
1.5,-15.0449558862356,-10.582250425204,-9.54376704457952,-10.850548135517,-15.9211978898293,-0.138094102660133
1.51,-14.9943008216736,-10.5512416667948,-9.54645083376927,-10.922887445273,-16.2196719541415,-0.139740577524461
1.52,-14.9440669955963,-10.5207740690594,-9.55001107014928,-10.9976287167233,-16.5323578392039,-0.141393063387127
1.53,-14.8942496519055,-10.4908426544655,-9.55444895774722,-11.0748235354366,-16.8603395169061,-0.143051466219501
1.54,-14.8448441542561,-10.461442545221,-9.55976598059084,-11.1545259837213,-17.2048397627425,-0.144715690595398
1.55,-14.7958459834788,-10.4325689635851,-9.56596390403211,-11.2367927771936,-17.5672450777366,-0.146385639649231
1.56,-14.7472507350254,-10.4042172321954,-9.57304477625681,-11.3216834116287,-17.9491364747996,-0.148061215035975
1.57,-14.6990541164301,-10.3763827743975,-9.5810109299805,-11.4092603210686,-18.3523278663886,-0.149742316893015
1.58,-14.6512519447855,-10.3490611145663,-9.58986498433245,-11.4995890482708,-18.7789144217031,-0.15142884380427
1.59,-14.603840144227,-10.3222478784098,-9.59960984692957,-11.5927384287025,-19.2313341697778,-0.153120692766739
1.6,-14.5568147434236,-10.2959387932425,-9.61024871614249,-11.6887807894278,-19.7124474541087,-0.154817759159717
1.61,-14.5101718730718,-10.2701296882216,-9.6217850835567,-11.7877921643895,-20.2256408282265,-0.156519936716966
1.62,-14.4639077633884,-10.244816494536,-9.63422273663202,-11.8898525277667,-20.77496500636,-0.158227117502052
1.63,-14.4180187416017,-10.2199952455401,-9.64756576156405,-11.9950460472921,-21.3653212069045,-0.159939191887076
1.64,-14.3725012294358,-10.1956620768242,-9.66181854635186,-12.103461359644,-22.0027178038665,-0.161656048535076
1.65,-14.3273517405884,-10.1718132262159,-9.67698578407658,-12.215191870287,-22.6946317321766,-0.16337757438631
1.66,-14.2825668781984,-10.1484450337048,-9.69307247639632,-12.3303360804427,-23.4505305460697,-0.165103654648615
1.67,-14.2381433323028,-10.125553941286,-9.710083937263,-12.4489979442083,-24.2826492576214,-0.16683417279214
1.68,-14.1940778772798,-10.1031364927161,-9.72802579686775,-12.5712872592432,-25.2071874548247,-0.168569010548639
1.69,-14.150367369279,-10.0811893331784,-9.74690400582172,-12.6973200948954,-26.2462330172979,-0.170308047915477
1.7,-14.1070087436354,-10.0597092088532,-9.76672483958006,-12.8272192621674,-27.4310156917188,-0.172051163164683
1.71,-14.0639990122689,-10.0386929663893,-9.78749490311744,-12.9611148305312,-28.8077733877186,-0.173798232857063
1.72,-14.021335261066,-10.0181375522752,-9.80922113586419,-13.0991446973075,-30.449239495017,-0.17554913186178
1.73,-13.9790146472464,-9.99804001210759,-9.83191081691284,-13.2414552161524,-32.4797826125993,-0.177303733381358
1.74,-13.9370343967112,-9.97839748975555,-9.85557157050583,-13.3882018921533,-35.1399365401355,-0.179061908982441
1.75,-13.8953918013764,-9.95920722641987,-9.88021137181575,-13.5395501521674,-38.9999156624817,-0.180823528632288
1.76,-13.8540842164884,-9.94046655958736,-9.90583855303068,-13.6956762003624,-46.131078070012,-0.182588460741366
1.77,-13.8131090579256,-9.92217292188032,-9.93246180975785,-13.8567679704811,-57.3984520367873,-0.184356572211919
1.78,-13.7724637994837,-9.90432383980207,-9.96009020776012,-14.0230261882084,-42.3439412604962,-0.186127728492798
1.79,-13.7321459701487,-9.88691693237992,-9.98873319004072,-14.1946655592151,-37.1286882905784,-0.187901793640547
1.8,-13.6921531513559,-9.86994990970744,-10.0184005842928,-14.3719161010835,-33.8952510058858,-0.189678630386846
1.81,-13.6524829742396,-9.85342057138838,-10.0491026107321,-14.5550246404573,-31.5470978434484,-0.191458100212366
1.82,-13.6131331168716,-9.83732680488506,-10.0808498903308,-14.744256500543,-29.7034860921914,-0.193240063427102
1.83,-13.5741013014932,-9.82166658377436,-10.1136534534748,-14.939897408651,-28.1865701009167,-0.19502437925712
1.84,-13.5353852917412,-9.80643796591518,-10.1475247490651,-15.1422556590063,-26.8987618778612,-0.19681090593782
1.85,-13.496982889871,-9.79163909153112,-10.1824756540876,-15.3516645728089,-25.7806957441312,-0.198599500813574
1.86,-13.4588919339779,-9.77726818121303,-10.2185184836766,-15.5684853057976,-24.7935528520673,-0.200390020443826
1.87,-13.4211102952206,-9.76332353384606,-10.2556660016993,-15.7931100637664,-23.9105520364621,-0.202182320715474
1.88,-13.3836358750488,-9.74980352446627,-10.2939314318906,-16.025965799103,-23.1124351074561,-0.203976256961538
1.89,-13.3464666024383,-9.73670660205221,-10.3333284695692,-16.2675184771581,-22.3848883595304,-0.205771684085887
1.9,-13.3096004311356,-9.72403128725708,-10.373871293969,-16.5182780209808,-21.716982093148,-0.207568456694059
1.91,-13.2730353369164,-9.71177617008726,-10.415574581222,-16.7788040678599,-21.1001809476434,-0.209366429229847
1.92,-13.2367693148615,-9.69993990753352,-10.4584535180299,-17.0497127027725,-20.5276914817003,-0.211165456117583
1.93,-13.2008003766515,-9.68852122116081,-10.5025238160688,-17.3316843743825,-19.9940178517756,-0.212965391909899
1.94,-13.1651265478865,-9.67751889466353,-10.5478017271686,-17.6254732515795,-19.4946506942266,-0.214766091440684
1.95,-13.1297458654333,-9.66693177139248,-10.5943040593162,-17.9319183466906,-19.0258439920075,-0.216567409983073
1.96,-13.0946563748032,-9.65675875186044,-10.6420481935346,-18.2519568210269,-18.5844516609942,-0.218369203412091
1.97,-13.0598561275659,-9.64699879123299,-10.6910521016913,-18.5866400071977,-18.1678056482452,-0.220171328371822
1.98,-13.0253431788028,-9.63765089681168,-10.7413343652971,-18.9371528418343,-17.7736234990298,-0.221973642446561
1.99,-12.991115584603,-9.62871412551616,-10.792914195358,-19.3048376182051,-17.3999372383512,-0.22377600433578
2,-12.9571713996082,-9.62018758137239,-10.8458114533488,-19.6912232643858,-17.0450379294754,-0.225578274032527
2.01,-12.9235086746085,-9.61207041301383,-10.9000466733834,-20.0980617644653,-16.7074319383524,-0.227380313004749
2.02,-12.8901254541948,-9.60436181120242,-10.9556410856594,-20.5273739211371,-16.3858060589912,-0.229181984379327
2.03,-12.8570197744724,-9.5970610063763,-11.0126166412643,-20.9815074902395,-16.0789994301912,-0.230983153128163
2.04,-12.8241896608391,-9.59016726623093,-11.0709960384356,-21.4632119307792,-15.7859807168941,-0.232783686256103
2.05,-12.7916331258327,-9.58367989334046,-11.1308027503726,-21.9757358155988,-15.5058294154077,-0.234583452990075
2.06,-12.759348167053,-9.57759822282574,-11.19206105471,-22.5229556804247,-15.2377204200854,-0.236382324968992
2.07,-12.7273327651621,-9.57192162007557,-11.2547960647678,-23.1095493312925,-14.9809111923674,-0.238180176433915
2.08,-12.695584881967,-9.56664947852745,-11.3190337627028,-23.741233390711,-14.7347310234151,-0.239976884418049
2.09,-12.6641024585907,-9.56178121751392,-11.3848010346992,-24.4250959586133,-14.4985719939326,-0.241772328935834
2.1,-12.6328834137338,-9.55731628018055,-11.4521257083432,-25.17007409755,-14.2718813196445,-0.24356639317077
2.11,-12.6019256420328,-9.5532541314813,-11.5210365923419,-25.9876590778414,-14.0541548356151,-0.245358963661361
2.12,-12.5712270125191,-9.54959425625682,-11.5915635187594,-26.8929736310815,-13.844931422386,-0.247149930484493
2.13,-12.5407853671824,-9.54633615740102,-11.6637373879563,-27.9064847582738,-13.6437882155472,-0.24893918743583
2.14,-12.5105985196425,-9.5434793541211,-11.7375902164364,-29.0568629873018,-13.4503364705647,-0.250726632206518
2.15,-12.4806642539351,-9.54102338029588,-11.813155187822,-30.3860533040026,-13.2642179784889,-0.252512166555592
2.16,-12.4509803234135,-9.53896778293701,-11.8904667071977,-31.9589929657644,-13.0851019470504,-0.254295696477567
2.17,-12.4215444497717,-9.53731212075745,-11.9695604590847,-33.8842581311447,-12.9126822767227,-0.256077132364465
2.18,-12.3923543221918,-9.53605596285148,-12.050473469331,-36.3647952261179,-12.7466751734475,-0.257856389161749
2.19,-12.3634075966194,-9.53519888748977,-12.133244171229,-39.8539515389466,-12.5868170495067,-0.259633386517543
2.2,-12.3347018951712,-9.53474048103334,-12.2179124762003,-45.7821844102738,-12.4328626719813,-0.261408048924427
2.21,-12.3062348056764,-9.53468033696958,-12.3045198494206,-79.3830940823915,-12.284583524739,-0.263180305853342
2.22,-12.2780038813567,-9.53501805507331,-12.3931093907901,-46.1523349214523,-12.1417663552282,-0.264950091878768
2.23,-12.2500066406472,-9.5357532406956,-12.4837259216983,-40.0388745994877,-12.0042118817609,-0.26671734679482
2.24,-12.2222405671599,-9.53688550418286,-12.5764160780706,-36.4879310354937,-11.8717336406167,-0.268482015721392
2.25,-12.1947031097945,-9.5384144604282,-12.6712284102355,-33.9764620348322,-11.7441569553365,-0.270244049199994
2.26,-12.1673916829959,-9.54033972855702,-12.7682134902057,-32.0326092304248,-11.6213180131173,-0.272003403278517
2.27,-12.140303667163,-9.54266093174845,-12.8674240270228,-30.4472569544655,-11.5030630353463,-0.273760039584439
2.28,-12.1134364092088,-9.5453776971938,-12.9689149908873,-29.1091857395558,-11.3892475311113,-0.275513925385873
2.29,-12.0867872232736,-9.5484896561932,-13.0727437468661,-27.9521371888817,-11.2797356240386,-0.277265033639971
2.3,-12.0603533915932,-9.55199644439114,-13.1789701990584,-26.9334327904854,-11.174399444101,-0.279013343028057
2.31,-12.0341321655225,-9.55589770215136,-13.2876569461925,-26.0239622876989,-11.0731185771291,-0.280758837977105
2.32,-12.0081207667141,-9.56019307507144,-13.3988694497345,-25.2029791966767,-10.9757795657002,-0.282501508666968
2.33,-11.9823163884539,-9.56488221463706,-13.5126762157091,-24.4551747732296,-10.8822754558764,-0.284241351022973
2.34,-11.9567161971529,-9.5699647790156,-13.6291489915691,-23.7689292481586,-10.7925053849544,-0.285978366693417
2.35,-11.9313173339938,-9.57544043398876,-13.7483629796048,-23.1352140266517,-10.7063742059811,-0.287712563011526
2.36,-11.9061169167332,-9.58130885402339,-13.8703970685564,-22.5468741143318,-10.6237921453025,-0.289443952941582
2.37,-11.8811120416575,-9.5875697234797,-13.9953340852938,-21.9981429260191,-10.5446744898568,-0.291172555008821
2.38,-11.8562997856906,-9.59422273795564,-14.1232610686511,-21.4843046379809,-10.4689413013074,-0.292898393212678
2.39,-11.8316772086531,-9.60126760576622,-14.2542695677623,-21.0014533167114,-10.3965171544478,-0.294621496923361
2.4,-11.8072413556686,-9.60870404955628,-14.3884559675378,-20.5463173359607,-10.3273308976017,-0.296341900761259
2.41,-11.7829892597163,-9.616531808045,-14.5259218442609,-20.116128934311,-10.2613154329996,-0.298059644459063
2.42,-11.7589179443261,-9.62475063790026,-14.666774354668,-19.7085256659043,-10.1984075153347,-0.299774772706491
2.43,-11.7350244264134,-9.63336031574104,-14.811126662327,-19.3214748218798,-10.1385475669013,-0.301487334977421
2.44,-11.7113057192484,-9.64236064026552,-14.9590984056404,-18.9532146829856,-10.0816795078882,-0.303197385339295
2.45,-11.687758835558,-9.65175143450274,-15.1108162124014,-18.6022082969189,-10.0277506005577,-0.30490498224493
2.46,-11.6643807907534,-9.66153254818533,-15.26641426652,-18.2671067070488,-9.97671130617151,-0.306610188306506
2.47,-11.6411686062809,-9.67170386024095,-15.4260349333492,-17.9467194045608,-9.9285151536475,-0.30831307005199
2.48,-11.6181193130873,-9.68226528139966,-15.5898294509814,-17.6399903656998,-9.88311861903666,-0.310013697663878
2.49,-11.5952299551982,-9.69321675691456,-15.7579586959919,-17.3459784535683,-9.84048101500498,-0.311712144700657
2.5,-11.5724975933993,-9.70455826939299,-15.9305940334054,-17.0638412642207,-9.80056438958902,-0.313408487800846
2.51,-11.5499193090169,-9.71628984173536,-16.1079182621954,-16.7928217155127,-9.76333343356959,-0.315102806370159
2.52,-11.5274922077891,-9.72841154017858,-16.2901266694354,-16.5322368384136,-9.72875539587607,-0.316795182251884
2.53,-11.505213423821,-9.74092347744124,-16.4774282083789,-16.2814683507274,-9.69680000649434,-0.318485699380905
2.54,-11.4830801236168,-9.75382581596737,-16.6700468183104,-16.0399546837625,-9.66743940640657,-0.320174443421653
2.55,-11.4610895101798,-9.76711877126583,-16.8682229070814,-15.8071842014226,-9.6406480841406,-0.321861501390614
2.56,-11.4392388271727,-9.78080261534195,-17.0722150209414,-15.5826894041127,-9.61640281855178,-0.323546961263552
2.57,-11.4175253631297,-9.79487768021849,-17.2823017307295,-15.3660419508427,-9.59468262750101,-0.325230911568452
2.58,-11.3959464557102,-9.80934436154263,-17.4987837689002,-15.1568483648955,-9.57546872213079,-0.326913440964273
2.59,-11.3744994959869,-9.82420312227572,-17.7219864584434,-14.9547463135861,-9.55874446647478,-0.328594637806502
2.6,-11.3531819327564,-9.83945449646271,-17.9522624828235,-14.759401372564,-9.54449534216928,-0.330274589700074
2.61,-11.331991276865,-9.85509909307785,-18.189995055996,-14.5705042009903,-9.53270891806376,-0.331953383040341
2.62,-11.3109251055373,-9.87113759994356,-18.4356015638477,-14.3877680666704,-9.52337482455617,-0.333631102543077
2.63,-11.2899810666983,-9.8875707877192,-18.6895377637186,-14.2109266705023,-9.51648473250395,-0.335307830764036
2.64,-11.2691568832794,-9.90439951395641,-18.9523026478388,-14.0397322279515,-9.5120323365876,-0.336983647609298
2.65,-11.2484503574955,-9.92162472721792,-19.2244441007063,-13.873953772071,-9.51001334302629,-0.338658629837099
2.66,-11.2278593750849,-9.93924747125649,-19.5065655111532,-13.7133756481711,-9.51042546156876,-0.340332850552175
2.67,-11.207381909498,-9.95726888925085,-19.7993335391591,-13.5577961748455,-9.51326840170471,-0.342006378693768
2.68,-11.1870160260269,-9.97569022809548,-20.1034872881653,-13.4070264498697,-9.51854387306389,-0.343679278518104
2.69,-11.1667598858618,-9.99451284274084,-20.4198491995759,-13.2608892826566,-9.52625558999198,-0.345351609076765
2.7,-11.1466117500654,-10.0137382005811,-20.7493380726517,-13.1192182375971,-9.53640928031445,-0.347023423691828
2.71,-11.1265699834515,-10.0333678858864,-21.0929847276378,-12.9818567748319,-9.54901269832129,-0.348694769429175
2.72,-11.1066330583589,-10.0534036042755,-21.4519509834318,-12.8486574768666,-9.56407564202881,-0.350365686571001
2.73,-11.0867995583075,-10.0738471872275,-21.8275528288508,-12.7194813510161,-9.58160997479756,-0.352036208088998
2.74,-11.0670681815266,-10.094700596628,-22.2212889511961,-12.5941971990026,-9.60162965141012,-0.353706359119287
2.75,-11.0474377443429,-10.115965929347,-22.6348761809214,-12.4726810461641,-9.62415074873801,-0.355376156440624
2.76,-11.0279071844188,-10.1376454218459,-23.0702939674751,-12.3548156237027,-9.64919150115381,-0.357045607957087
2.77,-11.0084755638288,-10.1597414548106,-23.529840796767,-12.2404898982272,-9.67677234087349,-0.358714712186686
2.78,-10.9891420719637,-10.1822565578071,-24.016206617414,-12.1295986435607,-9.70691594344467,-0.360383457757353
2.79,-10.9699060282521,-10.2051934139572,-24.5325670568059,-12.0220420503933,-9.73964727862956,-0.362051822911599
2.8,-10.9507668846892,-10.2285548646312,-25.0827078004795,-11.917725369891,-9.77499366696731,-0.363719775021475
2.81,-10.9317242281624,-10.2523439141547,-25.6711915208597,-11.8165585878286,-9.81298484233931,-0.365387270115086
2.82,-10.9127777825642,-10.2765637345266,-26.3035861140276,-11.7184561262138,-9.85365302090378,-0.367054252416369
2.83,-10.8939274106834,-10.3012176701459,-26.9867834221791,-11.623336569712,-9.89703297681224,-0.368720653899389
2.84,-10.875173115865,-10.3263092425431,-27.7294552264394,-11.5311224144874,-9.94316212517211,-0.370386393858846
2.85,-10.8565150434303,-10.3518421551156,-28.5427241993973,-11.4417398373351,-9.99208061277618,-0.372051378498166
2.86,-10.83795348185,-10.3778202978626,-29.441184196364,-11.3551184832132,-10.0438314171819,-0.373715500536782
2.87,-10.8194888636605,-10.4042477521176,-30.444513788832,-11.2711912694856,-10.0984604547936,-0.375378638837984
2.88,-10.8011217661187,-10.4311287952756,-31.5801520920437,-11.1898942053635,-10.1560166986778,-0.377040658058947
2.89,-10.7828529115865,-10.4584679055124,-32.8880051973819,-11.1111662251929,-10.216552306927,-0.378701408324387
2.9,-10.76468316764,-10.4862697664944,-34.4293688341169,-11.0349490343744,-10.2801227624861,-0.380360724925342
2.91,-10.7466135468966,-10.5145392720742,-36.3056100077174,-10.9611869668211,-10.3467870254608,-0.382018428044445
2.92,-10.7286452065567,-10.5432815309725,-38.7031031110431,-10.8898268529766,-10.4166076990508,-0.383674322509341
2.93,-10.7107794476533,-10.5725018714416,-42.0267304903398,-10.8208178975033,-10.4896512103864,-0.385328197575407
2.94,-10.6930177140076,-10.6022058459093,-47.4785589627398,-10.7541115658467,-10.5659880077013,-0.386979826739437
2.95,-10.6753615908861,-10.6323992356007,-65.2654540898613,-10.6896614789498,-10.6456927754488,-0.388628967585492
2.96,-10.6578128033567,-10.6630880551369,-50.0061621307395,-10.6274233154682,-10.7288446691674,-0.39027536166428
2.97,-10.640373214343,-10.6942785571063,-43.2864617157503,-10.5673547208919,-10.8155275721231,-0.391918734407406
2.98,-10.6230448223735,-10.7259772366094,-39.5440714795541,-10.5094152230389,-10.9058303760171,-0.393558795077725
2.99,-10.6058297590274,-10.7581908357731,-36.9380824521486,-10.4535661534336,-10.9998472883343,-0.395195236757039
3,-10.5887302860748,-10.7909263482343,-34.9372459032672,-10.3997705741277,-11.0976781692447,-0.39682773637225
3.01,-10.571748792314,-10.8241910235909,-33.3131856035377,-10.3479932095614,-11.1994289013545,-0.398455954761117
3.02,-10.554887790106,-10.8579923718187,-31.9465542715037,-10.2982003830993,-11.305211796043,-0.400079536778665
3.03,-10.5381499116091,-10.8923381676535,-30.7670702442849,-10.2503599579078,-11.4151460406309,-0.401698111445232
3.04,-10.5215379047158,-10.9272364549374,-29.7298356914587,-10.2044412818686,-11.5293581912158,-0.403311292137048
3.05,-10.5050546286963,-10.9626955509283,-28.8044158827133,-10.1604151362546,-11.6479827166919,-0.404918676820318
3.06,-10.4887030495514,-10.9987240505726,-27.9692251065829,-10.1182536879111,-11.7711626002654,-0.406519848329329
3.07,-10.472486235081,-11.0353308307404,-27.2083972101544,-10.0779304447152,-11.8990500057069,-0.408114374689587
3.08,-10.4564073496731,-11.0725250544238,-26.5099278769024,-10.0394202141002,-12.0318070166619,-0.409701809486385
3.09,-10.440469648819,-11.1103161748983,-25.8645148324073,-10.0026990644539,-12.1696064586215,-0.411281692279349
3.1,-10.4246764733614,-11.1487139398482,-25.264803206762,-9.96774428921351,-12.3126328146506,-0.412853549063444
3.11,-10.4090312434834,-11.1877283954565,-24.7048772480506,-9.93453437349765,-12.4610832477505,-0.414416892776715
3.12,-10.3935374524452,-11.2273698904618,-24.1799077687368,-9.90304896312781,-12.6151687448387,-0.415971223854965
3.13,-10.3781986600779,-11.2676490801832,-23.6859013589088,-9.87326883590517,-12.7751153998379,-0.417516030833625
3.14,-10.3630184860418,-11.3085769305149,-23.2195180316556,-9.84517587502037,-12.9411658563714,-0.419050790996464
3.15,-10.3480006028601,-11.3501647218955,-22.7779360479653,-9.81875304448452,-13.1135809341642,-0.420574971071464
3.16,-10.333148728737,-11.3924240532522,-22.3587499913537,-9.79398436647913,-13.2926414676041,-0.422088027973177
3.17,-10.3184666201702,-11.4353668459263,-21.9598927364348,-9.77085490053252,-13.4786503901824,-0.423589409591522
3.18,-10.3039580643692,-11.479005347583,-21.5795748898024,-9.74935072443792,-13.6719351049576,-0.425078555626307
3.19,-10.2896268714895,-11.5233521361111,-21.2162372090256,-9.72945891683675,-13.8728501890331,-0.426554898466801
3.2,-10.2754768666949,-11.5684201235184,-20.8685127989351,-9.7111675413975,-14.0817804897058,-0.428017864115769
3.21,-10.261511882059,-11.6142225598283,-20.5351967691073,-9.69446563252745,-14.299144681887,-0.429466873156797
3.22,-10.2477357483178,-11.6607730369865,-20.2152216522829,-9.67934318256079,-14.5253993712677,-0.430901341763941
3.23,-10.2341522864858,-11.708085492785,-19.9076373189821,-9.66579113037236,-14.7610438463132,-0.432320682752402
3.24,-10.220765299348,-11.7561742148123,-19.6115944360974,-9.65380135137184,-15.0066256056231,-0.43372430666892
3.25,-10.2075785628403,-11.8050538444398,-19.3263307444997,-9.64336664883858,-15.2627468169559,-0.43511162292014
3.26,-10.1945958173304,-11.8547393808565,-19.051159598015,-9.63448074656161,-15.5300719022535,-0.436482040937503
3.27,-10.1818207588131,-11.9052461851632,-18.7854603307091,-9.62713828275477,-15.8093364920079,-0.437834971376578
3.28,-10.1692570300325,-11.9565899845394,-18.5286701131823,-9.62133480522061,-16.1013580559664,-0.439169827348779
3.29,-10.1569082115439,-12.0087868764986,-18.2802770298246,-9.61706676774148,-16.4070486006066,-0.440486025683572
3.3,-10.1447778127283,-12.0618533332473,-18.0398141636369,-9.6143315276801,-16.7274299342113,-0.441782988218376
3.31,-10.1328692627741,-12.1158062061654,-17.8068545174948,-9.61312734477588,-17.0636521479562,-0.4430601431141
3.32,-10.1211859016368,-12.1706627304272,-17.5810066337055,-9.61345338112728,-17.4170161609071,-0.444316926193228
3.33,-10.1097309709923,-12.2264405297837,-17.3619107996035,-9.61530970235421,-17.7890014496822,-0.445552782297979
3.34,-10.0985076051955,-12.2831576215288,-17.1492357474357,-9.61869727993821,-18.1813004616012,-0.446767166665429
3.35,-10.0875188222579,-12.3408324216732,-16.9426757731106,-9.62361799474216,-18.5958617413746,-0.447959546316426
3.36,-10.0767675148575,-12.3994837503543,-16.7419482114775,-9.63007464171473,-19.0349445593321,-0.44912940145521
3.37,-10.0662564413945,-12.4591308375081,-16.5467912163598,-9.63807093578878,-19.5011889288454,-0.450276226876287
3.38,-10.0559882171048,-12.5197933288369,-16.3569618021259,-9.64761151898686,-19.9977065257004,-0.451399533375006
3.39,-10.0459653052472,-12.5814912921036,-16.1722341105661,-9.65870196875079,-20.5282004731663,-0.45249884915852
3.4,-10.0361900083742,-12.644245223791,-15.9923978725628,-9.6713488075164,-21.0971257378297,-0.453573721252935
3.41,-10.0266644597033,-12.7080760561635,-15.8172570387553,-9.68555951355894,-21.7099078646281,-0.454623716903436
3.42,-10.0173906145992,-12.7730051647733,-15.6466285572978,-9.70134253313888,-22.3732475215832,-0.455648424963074
3.43,-10.0083702421832,-12.8390543764573,-15.4803412800526,-9.7187072939827,-23.0955547096248,-0.456647457266527
3.44,-9.99960491708086,-12.9062459778715,-15.3182349812586,-9.73766422013777,-23.887585094612,-0.457620449984789
3.45,-9.99109601132421,-12.9746027246169,-15.1601594749869,-9.75822474824611,-24.7634030465183,-0.458567064956762
3.46,-9.98284468642092,-13.0441478510117,-15.005973819595,-9.78040134528692,-25.7418959122253,-0.459486990993622
3.47,-9.97485188560532,-13.1149050805708,-14.8555455990042,-9.80420752784385,-26.8492675964829,-0.460379945152258
3.48,-9.96711832628561,-13.1868986372569,-14.7087502719844,-9.82965788295907,-28.1233857140676,-0.461245673973169
3.49,-9.95964449270218,-13.2601532575741,-14.5654705817905,-9.85676809064326,-29.6219285772568,-0.462083954679402
3.5,-9.95243062881194,-13.3346942035762,-14.4255960194807,-9.88555494811747,-31.4391771309866,-0.462894596332124
3.51,-9.94547673141431,-13.4105472768733,-14.2890223350937,-9.91603639587114,-33.7454943955586,-0.463677440939209
3.52,-9.93878254353434,-13.4877388337199,-14.1556510915862,-9.94823154562854,-36.9003528253292,-0.464432364512702
3.53,-9.9323475480796,-13.5662958012793,-14.0253892570542,-9.98216071032551,-41.9067241849169,-0.465159278071783
3.54,-9.92617096178708,-13.6462456951623,-13.8981488313023,-10.0178454362082,-54.6842052559209,-0.465858128587216
3.55,-9.92025172947738,-13.7276166383475,-13.7738465032896,-10.0553085371764,-46.7409563790807,-0.466528899863966
3.56,-9.91458851863377,-13.8104373815987,-13.6524033363839,-10.0945741315055,-39.2852390929129,-0.467171613358586
3.57,-9.90917971432401,-13.894737325502,-13.533744478708,-10.1356676810957,-35.3239713728917,-0.467786328928063
3.58,-9.90402341448351,-13.980546544255,-13.4177988961683,-10.1786160334082,-32.6134962636607,-0.468373145507069
3.59,-9.89911742557888,-14.0678958113522,-13.3044991260211,-10.2234474662676,-30.55212330705,-0.468932201710735
3.6,-9.89445925867124,-14.1568166273191,-13.1937810490689,-10.2701917357224,-28.8892948411711,-0.469463676360182
3.61,-9.89004612589938,-14.2473412496612,-13.0855836787813,-10.3188801271792,-27.4964624898621,-0.46996778892839
3.62,-9.88587493740293,-14.3395027252059,-12.979848965818,-10.3695455100407,-26.2988415617901,-0.470444799903901
3.63,-9.88194229870656,-14.4333349250302,-12.8765216165888,-10.4222223961072,-25.2490701999952,-0.47089501107048
3.64,-9.87824450858616,-14.5288725821819,-12.7755489246267,-10.476947002019,-24.315251725354,-0.47131876570062
3.65,-9.87477755743858,-14.6261513324179,-12.6768806136732,-10.5337573160523,-23.4748778812353,-0.471716448661427
3.66,-9.87153712617649,-14.7252077582044,-12.5804686914861,-10.5926931696039,-22.7114712937603,-0.472088486431255
3.67,-9.8685185856704,-14.8260794362391,-12.4862673134763,-10.653796313741,-22.0126063099027,-0.472435347026066
3.68,-9.86571699675958,-14.9288049887823,-12.3942326553681,-10.7171105012243,-21.3686804407484,-0.472757539834406
3.69,-9.86312711085394,-15.0334241391049,-12.3043227941522,-10.7826815744579,-20.7721187789954,-0.473055615360307
3.7,-9.86074337114856,-15.1399777713881,-12.2164975966729,-10.8505575598635,-20.2168402862596,-0.473330164873571
3.71,-9.8585599144726,-15.2485079954411,-12.1307186152497,-10.920788769229,-19.6978888784406,-0.473581819967159
3.72,-9.85657057379355,-15.3590582166325,-12.0469489897881,-10.9934279086391,-19.2111717847576,-0.473811252021628
3.73,-9.85476888139766,-15.4716732114687,-11.9651533558867,-11.0685301956587,-18.7532697990233,-0.474019171576688
3.74,-9.85314807276652,-15.5863992092921,-11.8852977584887,-11.146153485513,-18.3212969494765,-0.47420632761039
3.75,-9.85170109116904,-15.703283980615,-11.8073495706661,-11.226358407088,-17.912794905256,-0.474373506726315
3.76,-9.85042059298701,-15.8223769326549,-11.7312774171633,-11.3092085096637,-17.5256522872199,-0.474521532249665
3.77,-9.84929895379134,-15.9437292126906,-11.6570511023534,-11.3947704213983,-17.1580421519482,-0.474651263233186
3.78,-9.848328275185,-16.06739381992,-11.5846415422969,-11.4831140206905,-16.8083729491136,-0.474763593374032
3.79,-9.84750039242657,-16.1934257265671,-11.514020700611,-11.5743126216793,-16.4752496120312,-0.474859449842857
3.8,-9.84680688284752,-16.321882009062,-11.4451615278874,-11.6684431752865,-16.1574423690905,-0.474939792026711
3.81,-9.84623907507366,-16.4528219902036,-11.3780379044148,-11.7655864873704,-15.8538615082948,-0.475005610187286
3.82,-9.84578805905983,-16.5863073933072,-11.3126245859825,-11.8658274557481,-15.5635367820626,-0.475057924036266
3.83,-9.84544469694431,-16.7224025094501,-11.2488971525603,-11.9692553280557,-15.285600465313,-0.475097781229881
3.84,-9.84519963472736,-16.8611743790457,-11.1868319596633,-12.0759639826605,-15.0192733164391,-0.475126255784465
3.85,-9.84504331477553,-17.002692989114,-11.126406092229,-12.1860522351134,-14.7638528646824,-0.47514444641541
3.86,-9.84496598915097,-17.1470314877707,-11.0675973208437,-12.299624172951,-14.518703576745,-0.475153474801732
3.87,-9.84495773376205,-17.2942664176301,-11.0103840601695,-12.4167895220181,-14.2832485526654,-0.475154483778586
3.88,-9.84500846332851,-17.4444779700163,-10.9547453294347,-12.537664047902,-14.0569624747586,-0.475148635460388
3.89,-9.84510794715176,-17.5977502620996,-10.9006607148594,-12.662369996552,-13.839365589937,-0.475137109296953
3.9,-9.84524582567729,-17.7541716393332,-10.8481103338991,-12.7910365787186,-13.6300185494042,-0.475121100065614
3.91,-9.84541162783322,-17.9138350058561,-10.7970748011975,-12.9238005034907,-13.4285179637346,-0.475101815801673
3.92,-9.84559478912568,-18.076838185862,-10.7475351961469,-13.0608065669658,-13.2344925580593,-0.475080475670553
3.93,-9.84578467046826,-18.2432843193175,-10.6994730319644,-13.2022083029629,-13.0475998331906,-0.475058307784251
3.94,-9.84597057771953,-18.4132822958531,-10.6528702261964,-13.3481687037175,-12.8675231553249,-0.475036546965057
3.95,-9.84614178189904,-18.586947231156,-10.6077090725736,-13.4988610196995,-12.6939692104231,-0.475016432459957
3.96,-9.84628754004912,-18.7644009907786,-10.5639722141415,-13.6544696491137,-12.5266657702131,-0.474999205608525
3.97,-9.84639711670615,-18.945772766955,-10.521642617601,-13.8151911293178,-12.3653597255546,-0.474986107467684
3.98,-9.84645980594182,-19.131199714799,-10.4807035487949,-13.9812352443745,-12.2098153500623,-0.474978376396654
3.99,-9.84646495393173,-19.3208276551736,-10.4411385492859,-14.1528262653171,-12.0598127627574,-0.474977245605214
4,-9.84640198200543,-19.5148118525844,-10.4029314139724,-14.3302043425253,-11.9151465633388,-0.474983940669145
4.01,-9.84626041012916,-19.713317877695,-10.3660661696956,-14.5136270729891,-11.7756246176621,-0.47499967701568
4.02,-9.84602988076925,-19.9165225655231,-10.330527054796,-14.7033712693067,-11.6410669743274,-0.475025657383245
4.03,-9.84570018308224,-20.1246150820941,-10.2962984995786,-14.8997349621891,-11.5113048960434,-0.475063069258391
4.04,-9.84526127737411,-20.3377981143571,-10.2633651076547,-15.1030396742191,-11.3861799917499,-0.475113082294183
4.05,-9.84470331976982,-20.5562892005697,-10.2317116381284,-15.3136330099233,-11.265543437429,-0.475176845713338
4.06,-9.84401668703114,-20.7803222212081,-10.2013229886014,-15.5318916161732,-11.1492552751772,-0.475255485700333
4.07,-9.84319200145966,-21.0101490738621,-10.1721841789724,-15.758224577997,-11.0371837815014,-0.475350102785881
4.08,-9.84222015581959,-21.2460415596389,-10.1442803360127,-15.9930773286066,-10.9292048969861,-0.475461769228134
4.09,-9.84109233821369,-21.4882935134839,-10.1175966786996,-16.2369361695829,-10.8252017104848,-0.475591526394481
4.1,-9.83980005684462,-21.7372232167115,-10.0921185042966,-16.4903335186904,-10.7250639918531,-0.4757403821478
4.11,-9.83833516459268,-21.9931761371596,-10.0678311751698,-16.7538540300223,-10.6286877679787,-0.475909308241676
4.12,-9.83668988334052,-22.2565280510272,-10.0447201063321,-17.0281417658657,-10.5359749375041,-0.476099237728517
4.13,-9.8348568279748,-22.5276886110073,-10.0227707537142,-17.3139086441974,-10.4468329201834,-0.476311062384807
4.14,-9.83282902999483,-22.8071054382428,-10.0019686031591,-17.6119444433223,-10.361174337294,-0.476545630158097
4.15,-9.83059996065806,-23.0952688315246,-9.98229916014261,-17.9231287203442,-10.2789167199363,-0.476803742639752
4.16,-9.82816355359292,-23.3927172067823,-9.96374794022393,-18.248445099157,-10.1999822424141,-0.477086152568155
4.17,-9.82551422681027,-23.7000434042653,-9.94630046023419,-18.5889985153242,-10.1242974782036,-0.477393561366754
4.18,-9.82264690404526,-24.0179020311554,-9.92994223021102,-18.9460361821961,-10.0517931762933,-0.477726616721469
4.19,-9.81955703536314,-24.347018045303,-9.91465874609179,-19.3209732832121,-9.98240405592006,-0.478085910202064
4.2,-9.81624061696371,-24.6881968334517,-9.90043548317903,-19.7154247264466,-9.91606861793768,-0.478471974932113
4.21,-9.8126942101211,-25.0423360973932,-9.88725789039431,-20.1312447592091,-9.85272897124394,-0.478885283312252
4.22,-9.8089149591971,-25.4104399374397,-9.87511138533828,-20.5705768938125,-9.79233067285716,-0.479326244801278
4.23,-9.80490060866934,-25.7936356187797,-9.86398135017695,-21.0359175345675,-9.73482258038152,-0.479795203759957
4.24,-9.80064951911721,-26.1931936281502,-9.85385312837544,-21.5301980689578,-9.6801567157326,-0.480292437362162
4.25,-9.79616068211181,-26.6105517823684,-9.84471202230223,-22.0568922316756,-9.62828813911037,-0.480818153578178
4.26,-9.79143373395872,-27.0473443440571,-9.83654329172831,-22.6201586627862,-9.57917483231444,-0.481372489234818
4.27,-9.78646896824583,-27.5054373406705,-9.82933215324631,-23.2250334280944,-9.53277759058885,-0.481955508157248
4.28,-9.7812673471517,-27.9869715752282,-9.82306378063655,-23.877695014575,-9.48905992227036,-0.48256719939707
4.29,-9.77583051147332,-28.4944151564098,-9.81772330620655,-24.5858370533208,-9.44798795559107,-0.483207475551597
4.3,-9.77016078933614,-29.0306277336192,-9.81329582313207,-25.3592056754695,-9.40953035205551,-0.483876171178951
4.31,-9.76426120355277,-29.598938914946,-9.8097663888276,-26.2103966048265,-9.37365822587756,-0.484573041313577
4.32,-9.75813547760115,-30.203243359812,-9.80712002937422,-27.1560774089256,-9.34034506901927,-0.485297760087016
4.33,-9.75178804019668,-30.8481142699838,-9.80534174503281,-28.2189362847622,-9.30956668142842,-0.48604991945837
4.34,-9.74522402843754,-31.5389342905281,-9.80441651687024,-29.4309369513026,-9.28130110612008,-0.486829028059193
4.35,-9.73844928950646,-32.2820355067613,-9.804329314525,-30.8390669140982,-9.25552856879326,-0.487634510157102
4.36,-9.73147038091669,-33.0848221131989,-9.80506510513834,-32.5161946987057,-9.23223142171591,-0.488465704742822
4.37,-9.72429456929487,-33.9558059957852,-9.80660886347552,-34.583260576752,-9.21139409165029,-0.489321864744842
4.38,-9.71692982769726,-34.9043826974225,-9.80894558326001,-37.2582964399989,-9.19300303162806,-0.490202156376052
4.39,-9.70938483146139,-35.9399316220554,-9.81206028974213,-40.9594139700432,-9.17704667641778,-0.491105658616696
4.4,-9.701668952599,-37.0692503918195,-9.81593805352124,-46.0780012303879,-9.16351540156035,-0.492031362837649
4.41,-9.69379225274137,-38.2900301213181,-9.8205640056381,-46.6764879869218,-9.1524014858776,-0.492978172568179
4.42,-9.68576547465234,-39.575499229815,-9.82592335395168,-41.5121725599112,-9.143699077388,-0.49394490341215
4.43,-9.67760003232919,-40.8425938804704,-9.83200140081147,-37.6483608729574,-9.13740416259023,-0.494930283116546
4.44,-9.66930799971606,-41.9052669851082,-9.8387835620331,-34.8799423161386,-9.13351453910058,-0.495932951796099
4.45,-9.66090209805866,-42.4727830666603,-9.84625538718167,-32.7567514128311,-9.13202979165445,-0.496951462317709
4.46,-9.65239568193398,-42.3193178030409,-9.8544025811636,-31.0432649547788,-9.13295127150468,-0.497984280848248
4.47,-9.64380272399236,-41.514678279238,-9.86321102712311,-29.6101873955392,-9.13628207927103,-0.499029787569238
4.48,-9.63513779845372,-40.3454460200556,-9.87266681063606,-28.380335271942,-9.14202705131541,-0.500086277561751
4.49,-9.62641606340339,-39.0660637507771,-9.88275624518886,-27.3043021010998,-9.15019274973636,-0.501151961864809
4.5,-9.61765324193695,-37.8133186858062,-9.89346589892559,-26.3486713532977,-9.16078745609464,-0.502224968710516
4.51,-9.60886560220676,-36.6410750341217,-9.90478262264183,-25.4898316889666,-9.17382116899824,-0.503303344938825
4.52,-9.60006993642639,-35.5629157921097,-9.91669357899855,-24.7105010484884,-9.18930560569107,-0.504385057595185
4.53,-9.59128353889175,-34.5760335574476,-9.92918627292462,-23.9976584348152,-9.20725420780405,-0.505467995713616
4.54,-9.58252418308112,-33.6720115842917,-9.942248583171,-23.3412534786021,-9.22768215144092,-0.506549972288122
4.55,-9.57381009789802,-32.8412521145202,-9.95586879497481,-22.7333685650915,-9.2506063617832,-0.507628726435312
4.56,-9.56515994312361,-32.0746518900623,-9.97003563378632,-22.1676560999295,-9.27604553241024,-0.508701925750297
4.57,-9.5565927841467,-31.3641377570502,-9.98473830000653,-21.6389494443071,-9.30402014953992,-0.509767168859005
4.58,-9.54812806604128,-30.7027483078604,-9.99996650467813,-21.1429870799079,-9.33455252140495,-0.510821988168726
4.59,-9.53978558706232,-30.0845481896847,-10.0157105060679,-20.676212709835,-9.36766681298697,-0.511863852819691
4.6,-9.53158547163156,-29.5044929704431,-10.0319611470733,-20.2356275617093,-9.40338908633785,-0.512890171839552
4.61,-9.52354814288541,-28.958291267711,-10.0487098933821,-19.818679371819,-9.44174734672264,-0.513898297503328
4.62,-9.51569429485685,-28.4422808909234,-10.0659488723089,-19.423177651719,-9.48277159482353,-0.514885528900609
4.63,-9.50804486436326,-27.9533233503966,-10.0836709122291,-19.0472281185459,-9.5264938852475,-0.515849115712239
4.64,-9.50062100267107,-27.4887162084625,-10.1018695825269,-18.6891813202217,-9.5729483915831,-0.516786262198588
4.65,-9.49344404700699,-27.0461210736462,-10.1205392339697,-18.3475919260482,-9.62217147825349,-0.517694131401111
4.66,-9.48653549198434,-26.6235046951068,-10.1396750394195,-18.0211861354137,-9.67420177941425,-0.518569849559295
4.67,-9.47991696101078,-26.2190907862457,-10.1592730347901,-17.7088353393768,-9.72908028514503,-0.51941051074488
4.68,-9.47361017774177,-25.8313205428337,-10.1793301601531,-17.4095346510844,-9.78685043518431,-0.520213181715068
4.69,-9.46763693764133,-25.4588201769912,-10.1998443008998,-17.1223852654383,-9.8475582204575,-0.520974906986589
4.7,-9.46201907970883,-25.1003741092314,-10.2208143288592,-16.8465798583438,-9.91125229264852,-0.521692714132466
4.71,-9.45677845842738,-24.7549027309761,-10.2422401432765,-16.5813904194412,-9.97798408206674,-0.522363619303021
4.72,-9.45193691598559,-24.4214438699326,-10.2641227115527,-16.3261580486168,-10.0478079240636,-0.522984632973024
4.73,-9.44751625482099,-24.0991372666969,-10.2864641096501,-16.0802843490147,-10.1207811942569,-0.5235527659166
4.74,-9.44353821052922,-23.7872115104717,-10.3092675620651,-15.8432241269482,-10.1969644528273,-0.524065035411582
4.75,-9.4400244251788,-23.4849729919912,-10.332537481275,-15.6144791685721,-10.276421598161,-0.524518471674645
4.76,-9.43699642106698,-23.191796518718,-10.3562795065665,-15.3935929090815,-10.3592200301247,-0.524910124529495
4.77,-9.4344755749475,-22.9071173060946,-10.3805005421536,-15.1801458459391,-10.4454308232793,-0.525237070308732
4.78,-9.43248309275645,-22.6304241130624,-10.4052087944999,-14.9737515756566,-10.5351289103598,-0.525496418991668
4.79,-9.43103998485775,-22.361253333305,-10.4304138087598,-14.774053355794,-10.6283932763843,-0.525685321579135
4.8,-9.43016704182479,-22.0991838881665,-10.4561265042584,-14.5807211114485,-10.7253071637925,-0.525800977706727
4.81,-9.42988481077018,-21.8438327948062,-10.4823592089349,-14.3934488195934,-10.8259582890696,-0.5258406434978
4.82,-9.43021357223079,-21.5948513053649,-10.5091256926774,-14.2119522159757,-10.9304390713752,-0.525801639657385
4.83,-9.43117331761044,-21.3519215308433,-10.5364411994805,-14.0359667784684,-11.0388468737799,-0.525681359808106
4.84,-9.43278372717847,-21.1147534779417,-10.5643224783665,-13.8652459482532,-11.1512842578137,-0.525477279069109
4.85,-9.43506414861768,-20.8830824389511,-10.5927878130104,-13.6995595563321,-11.2678592521536,-0.52518696287864
4.86,-9.4380335761111,-20.6566666844786,-10.6218570500186,-13.5386924279022,-11.3886856364314,-0.524808076061014
4.87,-9.44171062995354,-20.4352854167417,-10.6515516258137,-13.3824431412843,-11.5138832413251,-0.524338392138261
4.88,-9.44611353666961,-20.2187369477348,-10.6818945920849,-13.2306229215513,-11.6435782663182,-0.523775802886734
4.89,-9.45126010961714,-20.0068370719979,-10.7129106397686,-13.0830546518769,-11.777903616779,-0.523118328138381
4.9,-9.45716773005182,-19.7994176082393,-10.7446261215281,-12.9395719880336,-11.9169992623291,-0.522364125826171
4.91,-9.4638533286263,-19.5963250878276,-10.7770690727082,-12.8000185634896,-12.0610126188498,-0.5215115022732
4.92,-9.47133336729484,-19.3974195713277,-10.8102692307449,-12.664247274261,-12.2100989569246,-0.520558922723775
4.93,-9.47962382159309,-19.202573576906,-10.8442580530172,-12.532119634116,-12.3644218400538,-0.519505022114962
4.94,-9.48874016326089,-19.0116711066712,-10.8790687331308,-12.4035051919552,-12.5241535966047,-0.51834861608656
4.95,-9.49869734317577,-18.8246067589091,-10.9147362156316,-12.278281004233,-12.6894758302115,-0.517088712226204
4.96,-9.50950977456391,-18.6412849157863,-10.9512972091515,-12.1563311561785,-12.8605799742183,-0.515724521546562
4.97,-9.52119131645609,-18.4616189974668,-10.9887901979929,-12.0375463263386,-13.0376678967954,-0.514255470190244
4.98,-9.53375525735633,-18.2855307747682,-11.0272554521674,-11.9218233896231,-13.2209525645834,-0.512681211357218
4.99,-9.54721429909246,-18.1129497334928,-11.0667350359065,-11.8090650545984,-13.4106587741585,-0.511001637449307
5,-9.56158054081929,-17.9438124844453,-11.1072728146717,-11.6991795312696,-13.6070239623091,-0.509216892424367
