"Freq [GHz]","re(Z(1,1)) [] - stripwidth='4.7mm'","re(Z(2,1)) [] - stripwidth='4.7mm'"
2,1.71282449890375,-0.746316273820349
2.00571428571429,1.80576686865536,-0.870593093484331
2.01142857142857,1.91902930356753,-1.01232170458689
2.01714285714286,2.0567899912615,-1.17581431175349
2.02285714285714,2.22455375619295,-1.36669590934389
2.02857142857143,2.42968282580843,-1.59244041909154
2.03428571428571,2.68219549907413,-1.86317269397472
2.04,2.99599647791004,-2.19290036877536
2.04571428571429,3.39082559068119,-2.60146240641852
2.05142857142857,3.89544628696586,-3.11771565856584
2.05714285714286,4.5530641370148,-3.78494925565098
2.06285714285714,5.43095377272705,-4.6705040921605
2.06857142857143,6.63849038007344,-5.88379064711452
2.07428571428571,8.36314528377164,-7.61225764824551
2.08,10.9482119183674,-10.1990596078373
2.08571428571429,15.0781759767645,-14.3282846733316
2.09142857142857,22.2823195362202,-21.5281603585347
2.09714285714286,36.5714629289262,-35.8064546581438
2.10285714285714,71.3688244501074,-70.5754372419225
2.10857142857143,194.814773100889,-193.916338240778
2.11428571428571,1106.04286052287,-1104.30398159432
2.12,685.88565733614,-684.405200463733
2.12571428571429,145.850048925336,-144.899717863616
2.13142857142857,58.5376001809393,-57.6731286251193
2.13714285714286,31.2116902295689,-30.3686293721097
2.14285714285714,19.4017011537669,-18.5613932294891
2.14857142857143,13.2760161304525,-12.4303461857994
2.15428571428571,9.70520646849911,-8.849492328049
2.16,7.44821511425627,-6.57912276632433
2.16571428571429,5.93462914185046,-5.04939798887296
2.17142857142857,4.87291560738493,-3.96901626209144
2.17714285714286,4.10164056985466,-3.17660044514681
2.18285714285714,3.52562997830377,-2.57693172697033
2.18857142857143,3.08587980332612,-2.11089377707452
2.19428571428571,2.74427379402523,-1.74020680362757
2.2,2.47533469014484,-1.43918610212634
2.20571428571429,2.26154083427935,-1.1900609255376
2.21142857142857,2.09055123953109,-0.980198513498129
2.21714285714286,1.95350060585651,-0.800395563475195
2.22285714285714,1.84391867623637,-0.643791808140893
2.22857142857143,1.7570269428323,-0.505158676182792
2.23428571428571,1.68927072061017,-0.380420804422618
2.24,1.63800235152784,-0.266325725592744
2.24571428571429,1.60126419587556,-0.160209750349183
2.25142857142857,1.57763942062918,-0.0598271765438946
2.25714285714286,1.56615034294771,0.03677860126035
2.26285714285714,1.56619145787406,0.131376552672792
2.26857142857143,1.57748909132925,0.225632272293551
2.27428571428571,1.60008293878808,0.321182750236465
2.28,1.63432723679278,0.419708010780598
2.28571428571429,1.68091141559491,0.523005510753329
2.29142857142857,1.74090214765667,0.633073508298403
2.29714285714286,1.81581107844921,0.752210775429858
2.30285714285714,1.90769561281297,0.883142263508045
2.30857142857143,2.01930451508345,1.02918410435732
2.31428571428571,2.15428668187385,1.19446747919156
2.32,2.31749179713239,1.38425089066873
2.32571428571429,2.51540835390108,1.60536686021214
2.33142857142857,2.7568125524557,1.86687682854071
2.33714285714286,3.05374987550356,2.18105602844452
2.34285714285714,3.423057164283,2.56491571692318
2.34857142857143,3.88879200802728,3.04262849632927
2.35428571428571,4.48624259064721,3.64952762297944
2.36,5.2688101819001,4.4389679619861
2.36571428571429,6.32037859991904,5.49465356300251
2.37142857142857,7.77879874359388,6.95403964634147
2.37714285714286,9.88354261322772,9.05581612764183
2.38285714285714,13.0807061415407,12.2445315666185
2.38857142857143,18.2799741060859,17.4266269119493
2.39428571428571,27.5769649234611,26.6901563069048
2.4,46.7149460340733,45.7575441181326
2.40571428571429,96.267469626661,95.1274582530708
2.41142857142857,292.79699288932,290.936998276025
2.41714285714286,1533.63566599207,1527.2274362203
2.42285714285714,452.744365965401,450.267606519724
2.42857142857143,122.859995548353,121.58543621784
2.43428571428571,54.2417793613616,53.2097988645215
2.44,30.2802651944485,29.3249627787272
2.44571428571429,19.3189980312174,18.3907273230842
2.45142857142857,13.4347872053907,12.5130006140955
2.45714285714286,9.92564219214748,8.9996724650392
2.46285714285714,7.67184581414239,6.73506339846211
2.46857142857143,6.14277582988,5.19040130204377
2.47428571428571,5.06105245859962,4.08920550707061
2.48,4.27038991242578,3.27562417668566
2.48571428571429,3.6773664469782,2.65641716709104
2.49142857142857,3.22340396182329,2.17303636740136
2.49714285714286,2.87029874680841,1.78720646177498
2.50285714285714,2.59230485399488,1.47303331599699
2.50857142857143,2.37158842980201,1.21246993741382
2.51428571428571,2.19550888517848,0.99260141794182
2.52,2.05493510588961,0.803959766617512
2.52571428571429,1.94317114416939,0.639444360538417
2.53142857142857,1.85525320969851,0.493610344111271
2.53714285714286,1.78747988318209,0.362186932310076
2.54285714285714,1.73709303924333,0.241742786314854
2.54857142857143,1.70205888455158,0.129447236494321
2.55428571428571,1.68091744848906,0.0228947262727146
2.56,1.67268045020951,-0.0800289641492554
2.56571428571429,1.67676480335086,-0.181253338353936
2.57142857142857,1.69295386822906,-0.282613128857479
2.57714285714286,1.72138196533607,-0.38592962300508
2.58285714285714,1.76254028205471,-0.493090196610533
2.58857142857143,1.81730459690674,-0.606132591610396
2.59428571428571,1.88698759221518,-0.727341058224581
2.6,1.97342131723874,-0.859363052116373
2.60571428571429,2.07907909459803,-1.00535804793724
2.61142857142857,2.20725156058486,-1.16919481162859
2.61714285714286,2.36229976242495,-1.35572125264736
2.62285714285714,2.55002128109566,-1.57114367545856
2.62857142857143,2.77818669249229,-1.82357330857602
2.63428571428571,3.05733967992091,-2.12383372563377
2.64,3.40201677390525,-2.48668514487056
2.64571428571429,3.83265556685018,-2.93273407290654
2.65142857142857,4.37867147508884,-3.49150735542046
2.65714285714286,5.08359590791415,-4.20658134187394
2.66285714285714,6.01401660714271,-5.14450249832757
2.66857142857143,7.27590668696078,-6.41107666937157
2.67428571428571,9.04623223017896,-8.18289614088691
2.68,11.6386242237553,-10.7728408124304
2.68571428571429,15.652431401592,-14.7787399661001
2.69142857142857,22.3516912520695,-21.4613450500852
2.69714285714286,34.7865106411187,-33.8627511802147
2.70285714285714,61.9023826571168,-60.9048588283077
2.70857142857143,139.358938974841,-138.153082222332
2.71428571428571,502.905197951672,-500.732651286251
2.72,1368.97190318132,-1364.49336814137
2.72571428571429,286.175086499704,-284.553670817655
2.73142857142857,96.8804497023009,-95.7507918322313
2.73714285714286,47.1718948842701,-46.1621412361979
2.74285714285714,27.739490460598,-26.7674813501103
2.74857142857143,18.2709487945232,-17.3083707454481
2.75428571428571,12.9814705278565,-12.0153068440399
2.76,9.74005061562409,-8.76286755232486
2.76571428571429,7.61712212717283,-6.62386215151357
2.77142857142857,6.15574930809183,-5.14245813114816
2.77714285714286,5.11042024486634,-4.07366583770714
2.78285714285714,4.3398164291652,-3.27639057756622
2.78857142857143,3.75800712080925,-2.66475374751055
2.79428571428571,3.3103552586503,-2.18405922989201
2.8,2.96081497006937,-1.79812040486971
2.80571428571429,2.68486139583159,-1.48220368082081
2.81142857142857,2.46537215665286,-1.21891483467935
2.81714285714286,2.29013366199839,-0.995704682597952
2.82285714285714,2.15028048266923,-0.803303874794785
2.82857142857143,2.03929064535015,-0.63471033218796
2.83428571428571,1.95232315397813,-0.484515755171792
2.84,1.88577253608138,-0.348445762225005
2.84571428571429,1.83696491716332,-0.223037615234749
2.85142857142857,1.80394899126863,-0.105408043902734
2.85714285714286,1.78535255442729,0.00691938126174701
2.86285714285714,1.7802859699518,0.116147635715996
2.86857142857143,1.78828079962589,0.224314446058911
2.87428571428571,1.8092564523362,0.333385602171357
2.88,1.84351103166545,0.445341525912936
2.88571428571429,1.8917352297381,0.562264281926779
2.89142857142857,1.9550505738128,0.686432226130422
2.89714285714286,2.03507599074031,0.82043046773272
2.90285714285714,2.13402996347629,0.967287462180297
2.90857142857143,2.25488012026108,1.13065179420034
2.91428571428571,2.40155884625296,1.31502936665532
2.92,2.5792739582182,1.52611122611041
2.92571428571429,2.79496024885839,1.77123869027857
2.93142857142857,3.05794545423442,2.06007992078414
2.93714285714286,3.38095154649995,2.4056391911113
2.94285714285714,3.78163571330974,2.82580330014039
2.94857142857143,4.28502782557277,3.34578168293126
2.95428571428571,4.92751098986132,4.0020860275643
2.96,5.76356838799569,4.84927083089976
2.96571428571429,6.87772891243158,5.97186364456016
2.97142857142857,8.40684161209442,7.50660689506923
2.97714285714286,10.5842834649482,9.68659721688948
2.98285714285714,13.834686163486,12.9358620457756
2.98857142857143,18.9974759806447,18.0925415240098
2.99428571428571,27.9249034879988,27.0059567755749
3,45.3787467293327,44.4302588047118
3.00571428571429,86.7104640750817,85.6922032999157
3.01142857142857,222.976317766645,221.733507323889
3.01714285714286,954.351391555449,951.921717135146
3.02285714285714,746.589324578185,744.483012561832
3.02857142857143,184.002006000766,182.793861733958
3.03428571428571,74.8474074784826,73.8036375004273
3.04,39.8578264013667,38.8566980458528
3.04571428571429,24.671317192491,23.6788915878444
3.05142857142857,16.7957898318958,15.7982691751367
3.05714285714286,12.2122591838658,11.2022743240871
3.06285714285714,9.32146506668891,8.29414542237967
3.06857142857143,7.38771824755522,6.33927648181588
3.07428571428571,6.03506172174435,4.96219149680778
3.08,5.05541932640956,3.95500111758324
3.08571428571429,4.32619543077874,3.19513284429538
3.09142857142857,3.77143089133991,2.60654645250502
3.09714285714286,3.34208069183134,2.14003951285138
3.10285714285714,3.00537450995302,1.76262037184252
3.10857142857143,2.73878031535027,1.45147579333638
3.11428571428571,2.52643066301454,1.19039619008379
3.12,2.3569288144204,0.967577076394451
3.12571428571429,2.22195943250606,0.774222094747801
3.13142857142857,2.115385147423,0.60362901341751
3.13714285714286,2.03264588046312,0.450575343470939
3.14285714285714,1.97035234984504,0.310894480654803
3.14857142857143,1.92600762440668,0.181175439556829
3.15428571428571,1.89781555480202,0.0585438848899092
3.16,1.88455006247635,-0.059503098237604
3.16571428571429,1.88546877193786,-0.175227098764839
3.17142857142857,1.90026067902791,-0.290756490046001
3.17714285714286,1.92902183349527,-0.408182476185257
3.18285714285714,1.97225623159184,-0.529651273798382
3.18857142857143,2.030901843322,-0.657460056226076
3.19428571428571,2.10638439791721,-0.794164741746038
3.2,2.20070466888903,-0.942709273521975
3.20571428571429,2.31656908346742,-1.10658903016593
3.21142857142857,2.45757931472308,-1.29006605266513
3.21714285714286,2.62850534073912,-1.49846201384189
3.22285714285714,2.83568036261866,-1.7385683030369
3.22857142857143,3.08757862128989,-2.01923484794626
3.23428571428571,3.39567518242458,-2.3522369242598
3.24,3.77575264524674,-2.75358460441604
3.24571428571429,4.24993780005544,-3.24555685853273
3.25142857142857,4.84997092796321,-3.85996080302109
3.25714285714286,5.62263685110675,-4.64354080902479
3.26285714285714,6.63915587296521,-5.66732681989061
3.26857142857143,8.01220686554644,-7.04357593803701
3.27428571428571,9.92857481675303,-8.95825977463362
3.28,12.7162003122573,-11.7377812788212
3.28571428571429,16.9940895801657,-15.9981375056595
3.29142857142857,24.0458266977425,-23.0165662966441
3.29714285714286,36.8933560772961,-35.7999613563658
3.30285714285714,64.0595749002089,-62.8286493948823
3.30857142857143,137.173111712223,-135.573106834891
3.31428571428571,434.583133233528,-431.49017831422
3.32,1304.3445402887,-1296.88936336618
3.32571428571429,360.80195905948,-358.05784849219
3.33142857142857,119.655977016523,-118.108510689049
3.33714285714286,57.0869495259535,-55.8402961293965
3.34285714285714,33.1212961645456,-31.9802014686727
3.34857142857143,21.613854891216,-20.5139230656938
3.35428571428571,15.2517639236317,-14.1651512179167
3.36,11.3823499522904,-10.2944082393026
3.36571428571429,8.86227299410073,-7.76397033096975
3.37142857142857,7.13475584376385,-6.01971720239277
3.37714285714286,5.90286937418095,-4.7660519774891
3.38285714285714,4.99673728883759,-3.83376875153695
3.38857142857143,4.31358628830342,-3.12040010600368
3.39428571428571,3.78835062843898,-2.56096532021177
3.4,3.37826301479597,-2.11263411552489
3.40571428571429,3.05431946232513,-1.74622905186531
3.41142857142857,2.79632798726982,-1.44129274473669
3.41714285714286,2.58992133791841,-1.18310799130893
3.42285714285714,2.42469313965763,-0.960834094464942
3.42857142857143,2.29300103120722,-0.766304866995064
3.43428571428571,2.1891791016208,-0.593231426758425
3.44,2.1090091239411,-0.436659400303877
3.44571428571429,2.04936007603715,-0.292589657053415
3.45142857142857,2.00794016605682,-0.157705995008445
3.45714285714286,1.98312632442439,-0.0291734955177474
3.46285714285714,1.97384891379945,0.0955164803549998
3.46857142857143,1.97951757691955,0.218671203823305
3.47428571428571,1.99997960276507,0.342503423945772
3.48,2.03550609249193,0.469229575068539
3.48571428571429,2.08680428650362,0.601167549507481
3.49142857142857,2.15505720603469,0.740842131287537
3.49714285714286,2.24199472872166,0.891107169359902
3.50285714285714,2.35000385903782,1.05529583295776
3.50857142857143,2.48229093406028,1.23741430080653
3.51428571428571,2.64311582356745,1.44240085916617
3.52,2.83812947427832,1.67648316596055
3.52571428571429,3.07486421130703,1.94768411764475
3.53142857142857,3.36345602955643,2.26655626910028
3.53714285714286,3.71772886566211,2.64727524574393
3.54285714285714,4.15686006407198,3.10931153298194
3.54857142857143,4.70800871274288,3.68006213968131
3.55428571428571,5.41059625867296,4.39913082599881
3.56,6.32353852063486,5.32555431911452
3.56571428571429,7.53800046237481,6.55054223155284
3.57142857142857,9.20106547450891,8.22111450503779
3.57714285714286,11.5624283799045,10.5867275101871
3.58285714285714,15.0736669982349,14.0983991313093
3.58857142857143,20.6200523635719,19.6401718539478
3.59428571428571,30.1315297703011,29.1391708265779
3.6,48.4770250949615,47.4570293490864
3.60571428571429,90.843402913106,89.7575521759482
3.61142857142857,222.726904774898,221.436455503086
3.61714285714286,828.954637763999,826.720830227525
3.62285714285714,796.599247012748,794.374891594026
3.62857142857143,212.961264078585,211.635502663364
3.63428571428571,86.6309233686826,85.4933967383516
3.64,45.9417185126286,44.8557052674585
3.64571428571429,28.3411990049299,27.2679343918607
3.65142857142857,19.2452930223378,18.168994367208
3.65714285714286,13.9654502951303,12.8777088079229
3.66285714285714,10.6415828624125,9.5368587314988
3.66857142857143,8.42066577612644,7.29466102688189
3.67428571428571,6.86798355597506,5.71694874301272
3.68,5.74351176065565,4.56390754194852
3.68571428571429,4.90611930900285,3.69442896999274
3.69142857142857,4.26851570265699,3.02112692856812
3.69714285714286,3.77442454135495,2.48754405343348
3.70285714285714,3.38629237213948,2.05587559065789
3.70857142857143,3.07832646631157,1.70001253379572
3.71428571428571,2.83237881756953,1.40142508249588
3.72,2.63542244476446,1.14663424113089
3.72571428571429,2.47795491572508,0.925607184134652
3.73142857142857,2.35296113624534,0.730708562273543
3.73714285714286,2.25522425587833,0.555996345764523
3.74285714285714,2.18085962610068,0.396736569298058
3.74857142857143,2.12699570243716,0.249059986154296
3.75428571428571,2.09155454152534,0.109712034757721
3.76,2.07310197624273,-0.0241355066386477
3.76571428571429,2.07074847244143,-0.15503249289411
3.77142857142857,2.08408878827438,-0.285373049285193
3.77714285714286,2.11317345718401,-0.417504181658362
3.78285714285714,2.15850877886786,-0.553829668856456
3.78857142857143,2.22108509206146,-0.69691785592272
3.79428571428571,2.30243613978713,-0.8496224386725
3.8,2.40473582775789,-1.0152270539879
3.80571428571429,2.53094323241355,-1.19762781190369
3.81142857142857,2.6850132120336,-1.40157352771813
3.81714285714286,2.8721997971507,-1.63299260510206
3.82285714285714,3.09949501158643,-1.89945053333883
3.82857142857143,3.37627097849033,-2.2108068142481
3.83428571428571,3.71523549335685,-2.58018218191841
3.84,4.13388459688709,-3.02542008304137
3.84571428571429,4.65676715829714,-3.57135760947687
3.85142857142857,5.31912115028633,-4.25346542202417
3.85714285714286,6.17291632748319,-5.12389072831342
3.86285714285714,7.29730621435018,-6.26190463964889
3.86857142857143,8.81758015231757,-7.79284115184825
3.87428571428571,10.9415174252316,-9.92442191278969
3.88,14.0340484072665,-13.0213530980824
3.88571428571429,18.7841126662913,-17.7720362558238
3.89142857142857,26.6198727172185,-25.6034127585898
3.89714285714286,40.8986509468258,-39.8698420853811
3.90285714285714,71.0440704767572,-69.9865734078061
3.90857142857143,151.469160555403,-150.336153594355
3.91428571428571,462.18589325061,-460.772473876601
3.92,1155.40809895487,-1153.38860281357
3.92571428571429,359.747817077864,-358.421534874702
3.93142857142857,125.914197396317,-124.778818223426
3.93714285714286,61.1739388901071,-60.0800440966058
3.94285714285714,35.786144997603,-34.6976349681301
3.94857142857143,23.4565906238691,-22.3600990794112
3.95428571428571,16.5958254994792,-15.4844667613972
3.96,12.4064338701984,-11.2756573748562
3.96571428571429,9.67107420626107,-8.51729777391413
3.97142857142857,7.79314097125478,-6.61320860914268
3.97714285714286,6.4530044428673,-5.24393644348604
3.98285714285714,5.46715730659335,-4.22601739232657
3.98857142857143,4.72425940804649,-3.44807223869293
3.99428571428571,4.15364284979909,-2.83933330328858
4,3.70874744607836,-2.35308797899212
4.00571428571429,3.35482067014008,-1.95538779814206
4.01142857142857,3.07237273666931,-1.62396076150888
4.01714285714286,2.84577943563555,-1.34271020652018
4.02285714285714,2.66378783855603,-1.09983529440701
4.02857142857143,2.51818225044347,-0.886487169368331
4.03428571428571,2.40290877070574,-0.695880126261709
4.04,2.31348919142416,-0.522687877069822
4.04571428571429,2.24662275861545,-0.362622517002828
4.05142857142857,2.19991345960958,-0.212132601399115
4.05714285714286,2.17168381396275,-0.0681796446253322
4.06285714285714,2.16085048032589,0.0719338686163035
4.06857142857143,2.16684612881191,0.21070350181223
4.07428571428571,2.18957813720908,0.350542434537263
4.08,2.22941905503277,0.493892266033557
4.08571428571429,2.28722728620187,0.643334478209077
4.09142857142857,2.36439968696989,0.801712018978319
4.09714285714286,2.46296130835599,0.972271801167275
4.10285714285714,2.5857019421572,1.1588418072302
4.10857142857143,2.73637528337159,1.36606154998961
4.11428571428571,2.91998566951131,1.59969298861473
4.12,3.1432015987147,1.86705263784818
4.12571428571429,3.41495820284401,2.17762810396443
4.13142857142857,3.747349101945,2.54398011593081
4.13714285714286,4.15697377245717,2.98309641163649
4.14285714285714,4.66702323387187,3.51848001114075
4.14857142857143,5.310601720675,4.183468538358
4.15428571428571,6.13619424187934,5.02669223478068
4.16,7.21701870327297,6.12140468739225
4.16571428571429,8.66776000025124,7.58217405156426
4.17142857142857,10.6761596806892,9.59638759433328
4.17714285714286,13.5666275221783,12.487688065448
4.18285714285714,17.9389254208175,16.854272360179
4.18857142857143,25.002351527802,23.9021453703346
4.19428571428571,37.4927954272528,36.3596241074671
4.2,62.6708257654039,61.4671023406609
4.20571428571429,124.834573420264,123.455298071375
4.21142857142857,336.952175159527,334.980300774183
4.21714285714286,1073.92866537418,1069.92635851868
4.22285714285714,507.38098360418,504.951874523056
4.22857142857143,163.368491552726,161.873471452265
4.23428571428571,74.7552386380633,73.4893328025005
4.24,42.2085311167181,41.016220631244
4.24571428571429,27.0452886375984,25.8769951084811
4.25142857142857,18.8362207431579,17.6707380454453
4.25714285714286,13.917981603091,12.7439553417492
4.26285714285714,10.7500901212699,9.56021138784909
4.26857142857143,8.59648003429075,7.3852780578111
4.27428571428571,7.070417580252,5.83328984521034
4.28,5.95327618912483,4.68600831019821
4.28571428571429,5.11406990183723,3.81257031671449
4.29142857142857,4.47053335721596,3.1306692300091
4.29714285714286,3.96895143124883,2.58643406674428
4.30285714285714,3.57309420002095,2.14338830459934
4.30857142857143,3.2578508333108,1.776093702693
4.31428571428571,3.00541603235752,1.46633829850569
4.32,2.80292531337856,1.20076753770107
4.32571428571429,2.64094466732418,0.969365252277297
4.33142857142857,2.51248131561066,0.76445156595115
4.33714285714286,2.41232210030892,0.580004088685155
4.34285714285714,2.33658378002052,0.411186074555782
4.34857142857143,2.28240421852335,0.254009529286323
4.35428571428571,2.24773000709613,0.105087352221353
4.36,2.23117233383494,-0.0385556990859418
4.36571428571429,2.23191323494266,-0.179633865567773
4.37142857142857,2.24965120136139,-0.320727903004118
4.37714285714286,2.28457993744939,-0.464400720544479
4.38285714285714,2.3373978081076,-0.613310928297234
4.38857142857143,2.40934882505044,-0.770333757018968
4.39428571428572,2.50229946542103,-0.938699771141176
4.4,2.61885976916446,-1.12216422559229
4.40571428571429,2.76256277941252,-1.32522431731961
4.41142857142857,2.93812459755366,-1.553408911538
4.41714285714286,3.15181994782571,-1.81367729210532
4.42285714285714,3.41202830802577,-2.11498313441242
4.42857142857143,3.73003891401515,-2.46909270981227
4.43428571428572,4.12125950200583,-2.8918024492387
4.44,4.60707299615986,-3.40479981082621
4.44571428571429,5.21776709051564,-4.03859137189851
4.45142857142857,5.99730368900529,-4.83726278597564
4.45714285714286,7.01137192107563,-5.86650956695298
4.46285714285714,8.36157822706294,-7.22778248654149
4.46857142857143,10.2117452765734,-9.08449879836636
4.47428571428572,12.8396957026399,-11.7136491184132
4.48,16.7470428392994,-15.6152100337531
4.48571428571429,22.9144788518136,-21.7665519356995
4.49142857142857,33.4700183371828,-32.2883831662888
4.49714285714286,53.7357610398215,-52.4844956770694
4.50285714285714,100.005657270707,-98.5929933242143
4.50857142857143,239.05099346973,-237.157884636769
4.51428571428572,788.625336877058,-784.866351202162
4.52,752.295599881627,-748.704853830593
4.52571428571429,226.875519224307,-225.049886065204
4.53142857142857,95.1770006173403,-93.7783394753552
4.53714285714286,51.0472979209895,-49.7801913333114
4.54285714285714,31.6683322193579,-30.4483669156608
4.54857142857143,21.5769084565612,-20.3711454912924
4.55428571428572,15.6922388456359,-14.4844693117055
4.56,11.9758792890085,-10.7564863503712
4.56571428571429,9.48672654482823,-8.24903296900101
4.57142857142857,7.74305157049197,-6.48178326281699
4.57714285714286,6.4780326564842,-5.1885877371331
4.58285714285714,5.53440859648511,-4.21247006832373
4.58857142857143,4.8147283703612,-3.45603599171205
4.59428571428572,4.25606654795821,-2.85626655470033
4.6,3.8163760439409,-2.37090958423674
4.60571428571429,3.46674307973524,-1.97075291465034
4.61142857142857,3.18680130256599,-1.63504508348929
4.61714285714286,2.96191634798698,-1.34867901259039
4.62285714285714,2.78140283260852,-1.10040266841038
4.62857142857143,2.63736481262295,-0.881648553990059
4.63428571428572,2.52392470657979,-0.685747131133816
4.64,2.43670132679829,-0.507384408891685
4.64571428571429,2.37245212880558,-0.342217959025605
4.65142857142857,2.32882682097594,-0.186597192310186
4.65714285714286,2.30419891356306,-0.0373526184739479
4.66285714285714,2.2975539754619,0.108369706064453
4.66857142857143,2.30842132036186,0.253245341721062
4.67428571428572,2.33684132716861,0.399892885457259
4.68,2.38336470660414,0.550990068157344
4.68571428571429,2.44908349886766,0.709394192406001
4.69142857142857,2.53569701210047,0.878277121975404
4.69714285714286,2.6456198608152,1.06128699615767
4.70285714285714,2.78214443498899,1.26275261546705
4.70857142857143,2.94967752584341,1.48795283527539
4.71428571428572,3.1540820432726,1.7434837667461
4.72,3.40317246136971,2.03777370213887
4.72571428571429,3.70744152819061,2.38182408091561
4.73142857142857,4.08114443694221,2.79030297841764
4.73714285714286,4.54395121552504,3.28320156558143
4.74285714285714,5.12353011665671,3.88841515761996
4.74857142857143,5.85970863333796,4.64589288143735
4.75428571428572,6.81141185779823,5.61455043189721
4.76,8.06870976629525,6.8842669321881
4.76571428571429,9.77475681676201,8.59772728668083
4.77142857142857,12.1680857279373,10.9925234941263
4.77714285714286,15.6699633774555,14.4881082745916
4.78285714285714,21.0809085996525,19.8814032204638
4.78857142857143,30.0734049566067,28.8372258205022
4.79428571428572,46.6155274354281,45.3053050538009
4.8,81.9545460620322,80.4807277410529
4.80571428571429,177.272971034407,175.354647597114
4.81142857142857,531.630276016187,528.060573985016
4.81714285714286,997.32638584864,991.579341880155
4.82285714285714,327.495576224528,324.853742769658
4.82857142857143,124.30475587562,122.598078759429
4.83428571428572,62.6991387063801,61.2664311918847
4.84,37.4552470508531,36.1247918643717
4.84571428571429,24.8869560013852,23.5972348155434
4.85142857142857,17.7798363563687,16.5028417129396
4.85714285714286,13.3897168136336,12.1101136154406
4.86285714285714,10.4975859592473,9.20558321879177
4.86857142857143,8.49727400037228,7.18574370479131
4.87428571428572,7.06050085108267,5.72365479397661
4.88,5.99722163035768,4.62993588909233
4.88571428571429,5.19137724523763,3.78881226709329
4.89142857142857,4.56892681402008,3.12629184489422
4.89714285714286,4.08089368742886,2.59328458497154
4.90285714285714,3.69388470668291,2.15615912439347
4.90857142857143,3.38454659651038,1.79121675733426
4.91428571428572,3.1361989748939,1.48133014132247
4.92,2.93672172012986,1.21382836102899
4.92571428571429,2.77719195666605,0.97912544353304
4.93142857142857,2.65098375434878,0.769806086398946
4.93714285714286,2.55316200676287,0.579999979948072
4.94285714285714,2.48006865371556,0.404942227125198
4.94857142857143,2.42903826208289,0.240655672711858
4.95428571428572,2.3982033327995,0.0837137078890759
4.96,2.38636420506984,-0.068944123690974
4.96571428571429,2.39290778529669,-0.220163019949264
4.97142857142857,2.41776568325365,-0.372704615499528
4.97714285714286,2.46140700024717,-0.529371027175266
4.98285714285714,2.5248648502151,-0.693131709881254
4.98857142857143,2.60979936533963,-0.867263928080081
4.99428571428571,2.71860406152406,-1.05551949417254
5,2.85456774337252,-1.26233414841725
5.00571428571429,3.02211163552033,-1.49310235261957
5.01142857142857,3.22713274313135,-1.75455080042819
5.01714285714286,3.47750226204227,-2.05526120734877
5.02285714285714,3.78379689721494,-2.4064215900545
5.02857142857143,4.16038978112626,-2.82293381385079
5.03428571428571,4.62711244981578,-3.32508980086363
5.04,5.21185156371478,-3.94118098679501
5.04571428571429,5.95472794387712,-4.71168962537758
5.05142857142857,6.91505791159123,-5.69626336277971
5.05714285714286,8.18342559006767,-6.98580413858822
5.06285714285714,9.90363503024657,-8.72444488245902
5.06857142857143,12.3149494099332,-11.1518311065511
5.07428571428571,15.8391285977662,-14.690241861772
5.08,21.2756280202805,-20.1399733285102
5.08571428571429,30.2889527948356,-29.1671560324961
5.09142857142857,46.8082855658921,-45.7047282145977
5.09714285714286,81.8806229609591,-80.8103125718822
5.10285714285714,175.362970224548,-174.380044311632
5.10857142857143,514.44868881404,-513.797727734475
5.11428571428571,982.517825102816,-982.374142930017
5.12,336.47768278777,-335.688766201219
5.12571428571429,127.906238370862,-126.888383933541
5.13142857142857,64.3905330578962,-63.2907288750957
5.13714285714286,38.4008117253528,-37.2564830723319
5.14285714285714,25.4831888324177,-24.3060498709702
5.14857142857143,18.1889540457597,-16.982646536893
5.15428571428571,13.6884697260346,-12.453433882881
5.16,10.7264675667617,-9.46161543833038
5.16571428571429,8.67950014708972,-7.38288260799631
5.17142857142857,7.21027544460801,-5.87937323626625
5.17714285714286,6.12369806279243,-4.75555213639584
5.18285714285714,5.30070817135661,-3.89197283027281
5.18857142857143,4.66539316214003,-3.21234757552749
5.19428571428571,4.16755958232469,-2.66609377724138
5.2,3.77299432551999,-2.21857706988723
5.20571428571429,3.45777378415695,-1.84540551351393
5.21142857142857,3.20480940326499,-1.52896102761031
5.21714285714286,3.00168125699129,-1.25621824400792
5.22285714285714,2.8392409056063,-1.01733097748623
5.22857142857143,2.71068879370832,-0.804690638977803
5.23428571428571,2.61095308623401,-0.61228250939137
5.24,2.53626532307875,-0.435234072407677
5.24571428571429,2.48386815048749,-0.269489038799766
5.25142857142857,2.45181445357067,-0.111563914984219
5.25714285714286,2.43883245827611,0.041642165672013
5.26285714285714,2.44424164573257,0.193004889439785
5.26857142857143,2.46791121139377,0.345313353255125
5.27428571428571,2.51025615015045,0.501397952757413
5.28,2.57226659797686,0.664253862064042
5.28571428571429,2.6555685524045,0.837171781505844
5.29142857142857,2.76252243492379,1.0238952679843
5.29714285714286,2.89637578275714,1.22882570511057
5.30285714285714,3.06149277104627,1.45729560974072
5.30857142857143,3.26369059400685,1.71593849915305
5.31428571428571,3.5107283156713,2.0132019711988
5.32,3.81302229827138,2.36008028341417
5.32571428571429,4.18471013749413,2.77118993254777
5.33142857142857,4.64526671259328,3.26639227790737
5.33714285714286,5.22202134611593,3.87331142547872
5.34285714285714,5.95419466186144,4.63136364728341
5.34857142857143,6.89959536200078,5.59843371625803
5.35428571428571,8.14617580699632,6.86238742191577
5.36,9.83291597177106,8.56187048118533
5.36571428571429,12.1897026560822,10.926019968809
5.37142857142857,15.6187247939393,14.3555166267669
5.37714285714286,20.874822392789,19.602182590976
5.38285714285714,29.5087196251699,28.2103883965593
5.38857142857143,45.1130200417177,43.7579347132383
5.39428571428572,77.51306425965,76.0296878134887
5.4,160.684500618174,158.861333798061
5.40571428571429,447.650294620099,444.644328116165
5.41142857142857,998.857962506484,993.56542413656
5.41714285714286,390.414966361669,387.619709352657
5.42285714285714,144.556499209195,142.768660500968
5.42857142857143,71.2297358857253,69.7341669442917
5.43428571428572,41.9129107396506,40.5247405764378
5.44,27.5677419445244,26.2221204965929
5.44571428571429,19.5526622407196,18.2204454825255
5.45142857142857,14.6438057251435,13.3091084664831
5.45714285714286,11.4300770066419,10.0827354116615
5.46285714285714,9.21769941447572,7.85026896279778
5.46857142857143,7.6342657747581,6.24065919034443
5.47428571428572,6.46570350121769,5.04050292596109
5.48,5.58202309933211,4.12009737692369
5.48571428571429,4.90067906796792,3.39694893413781
5.49142857142857,4.36727206085389,2.81654997978571
5.49714285714286,3.944820149485,2.34168778142055
5.50285714285714,3.60751666182268,1.94621968575702
5.50857142857143,3.33695521469809,1.61130333509491
5.51428571428572,3.11976998010321,1.32303394371798
5.52,2.94611824437894,1.07091758371019
5.52571428571429,2.80868094716903,0.846856871758615
5.53142857142857,2.70199137340891,0.644459174282589
5.53714285714286,2.62197763936077,0.458552333119181
5.54285714285714,2.56564840230097,0.284836158162156
5.54857142857143,2.53087744753662,0.119623555989889
5.55428571428572,2.51625902511788,-0.0403593608715737
5.56,2.5210162156133,-0.198135412735591
5.56571428571429,2.54495161577695,-0.356616300753839
5.57142857142857,2.58843471222822,-0.518732737072996
5.57714285714286,2.6524244082637,-0.687565739735346
5.58285714285714,2.73852899446675,-0.866490193716753
5.58857142857143,2.84911004970428,-1.05934342761181
5.59428571428572,2.98744205548028,-1.27063506693906
5.6,3.15794690607956,-1.50582054333691
5.60571428571429,3.36653355198435,-1.7716707403774
5.61142857142857,3.62109030436996,-2.07678679248408
5.61714285714286,3.93220534236362,-2.43233640487394
5.62285714285714,4.31423780358383,-2.85313422071251
5.62857142857143,4.78694264590443,-3.35926872364343
5.63428571428572,5.37799660861947,-3.9786210523148
5.64,6.12703934970074,-4.75088573862799
5.64571428571429,7.09235837026046,-5.7342140037113
5.65142857142857,8.36238692503396,-7.01663305883092
5.65714285714286,10.0764069573294,-8.73660121229699
5.66285714285714,12.4639116964452,-11.1220837572355
5.66857142857143,15.9245253012661,-14.5698855298286
5.67428571428572,21.2039063433805,-19.8202582586228
5.68,29.8222597832786,-28.3822533903415
5.68571428571429,45.2643448343365,-43.714962156042
5.69142857142857,76.9113877957802,-75.1304930821325
5.69714285714286,156.393078659932,-154.025835301894
5.70285714285714,421.106845922037,-416.790389118186
5.70857142857143,980.619024857957,-972.209750562534
5.71428571428572,421.210513689091,-416.917206256381
5.72,155.055010954808,-152.700785314564
5.72571428571429,75.6310959135734,-73.8442357674456
5.73142857142857,44.1844196375298,-42.6116093934637
5.73714285714286,28.9165777632754,-27.437136505356
5.74285714285714,20.4356531624723,-18.9973902314964
5.74857142857143,15.2647556604195,-13.8407049498154
5.75428571428572,11.891532006784,-10.4655900321453
5.76,9.57611825513984,-8.13738967463594
5.76571428571429,7.92296029893146,-6.46322502509732
5.77142857142857,6.70542645902616,-5.2178814375348
5.77714285714286,5.78627717792679,-4.2648527093359
5.78285714285714,5.07856456504352,-3.51751959529007
5.78857142857143,4.52510226047129,-2.91876235967664
5.79428571428572,4.08708216070451,-2.42965238927041
5.8,3.73746680468145,-2.0228832435344
5.80571428571429,3.45700144945194,-1.67880053490517
5.81142857142857,3.23172555881468,-1.38291809201484
5.81714285714286,3.05137492744786,-1.12431551522952
5.82285714285714,2.90833053976989,-0.894575025887936
5.82857142857143,2.79691324290614,-0.687057241665789
5.83428571428572,2.71290339651387,-0.49639473177963
5.84,2.65321104805356,-0.318127876965103
5.84571428571429,2.61564991588799,-0.148434577430863
5.85142857142857,2.59878558792501,0.0160783542083358
5.85714285714286,2.60183931596061,0.17854436887704
5.86285714285714,2.6246361689758,0.341983234433639
5.86857142857143,2.66759165138234,0.509436943367766
5.87428571428572,2.73173520529451,0.684107017191879
5.88,2.81877305112906,0.86950491306764
5.88571428571429,2.93119726085501,1.06962902833882
5.89142857142857,3.07245358286489,1.28918558183523
5.89714285714286,3.24718842234562,1.53387723554252
5.90285714285714,3.46160719849523,1.81079420239601
5.90857142857143,3.72399483909659,2.12896043430398
5.91428571428572,4.04547930418049,2.5001170818075
5.92,4.44116957740586,2.93987551407035
5.92571428571429,4.93188708280044,3.46945926653652
5.93142857142857,5.5468662082179,4.11841047551929
5.93714285714286,6.32809089263193,4.92892684603417
5.94285714285714,7.33749872552553,5.96305833405294
5.94857142857143,8.66943163945002,7.31513778949603
5.95428571428572,10.4731784740977,9.1342807619394
5.96,12.9961104356934,11.6674338684789
5.96571428571429,16.6719234791931,15.3474364122433
5.97142857142857,22.3166222542948,20.9886071930395
5.97714285714286,31.6112317931082,30.2685020945448
5.98285714285714,48.4605558669634,47.0840758051125
5.98857142857143,83.5551233952581,82.1052701747585
5.99428571428571,173.594980179966,171.965565494535
6,474.09438265886,471.924801306969
