"Freq [GHz]","im(S(1,1)) []","im(S(2,1)) []","im(S(1,2)) []","im(S(2,2)) []"
2,-0.201015383042718,-0.206750150642726,-0.206750150642727,-0.200757481534492
2.00571428571429,-0.201663184228533,-0.207771074705379,-0.207771074705377,-0.20149152793845
2.01142857142857,-0.202413783947113,-0.208817696356021,-0.208817696356016,-0.202325788515305
2.01714285714286,-0.203265931370554,-0.209888022779014,-0.209888022779008,-0.203258843928771
2.02285714285714,-0.204217998082468,-0.210979960240306,-0.210979960240298,-0.204288904769519
2.02857142857143,-0.205267982637184,-0.212091318469684,-0.212091318469676,-0.205413816392614
2.03428571428571,-0.206413517081548,-0.213219816132342,-0.213219816132334,-0.206631065698015
2.04,-0.207651875428533,-0.214363087382787,-0.21436308738278,-0.207937789842653
2.04571428571429,-0.208979984055362,-0.215518689480154,-0.215518689480146,-0.209330786856508
2.05142857142857,-0.210394433982158,-0.216684111429671,-0.216684111429665,-0.210806528118433
2.05714285714286,-0.2118914949698,-0.21785678360029,-0.217856783600285,-0.21236117263035
2.06285714285714,-0.213467131358253,-0.219034088253532,-0.219034088253528,-0.213990583010901
2.06857142857143,-0.215117019549364,-0.220213370904119,-0.220213370904116,-0.215690343112735
2.07428571428571,-0.21683656702152,-0.22139195241902,-0.221391952419019,-0.217455777150938
2.08,-0.218620932747626,-0.222567141748295,-0.222567141748295,-0.219281970214271
2.08571428571429,-0.220465048873505,-0.223736249169551,-0.223736249169553,-0.221163790016629
2.09142857142857,-0.222363643500738,-0.224896599917501,-0.224896599917504,-0.223095909733053
2.09714285714286,-0.224311264406977,-0.226045548061788,-0.226045548061793,-0.225072831753718
2.10285714285714,-0.226302303527904,-0.227180490490103,-0.227180490490109,-0.227088912180466
2.10857142857143,-0.2283310220187,-0.228298880849788,-0.228298880849795,-0.229138385884061
2.11428571428571,-0.230391575708783,-0.22939824329967,-0.229398243299678,-0.231215391936453
2.12,-0.232478040762763,-0.230476185925098,-0.230476185925107,-0.23331399923116
2.12571428571429,-0.234584439361864,-0.231530413673018,-0.231530413673029,-0.235428232106538
2.13142857142857,-0.236704765224649,-0.232558740670132,-0.232558740670143,-0.237552095790925
2.13714285714286,-0.238833008792579,-0.233559101795905,-0.233559101795917,-0.239679601495497
2.14285714285714,-0.240963181915338,-0.234529563393151,-0.234529563393163,-0.241804790990015
2.14857142857143,-0.243089341882655,-0.235468333011836,-0.235468333011849,-0.243921760508217
2.15428571428571,-0.245205614662347,-0.236373768096149,-0.236373768096162,-0.246024683842898
2.16,-0.247306217219873,-0.237244383540942,-0.237244383540956,-0.248107834505859
2.16571428571429,-0.249385478810559,-0.238078858060376,-0.238078858060389,-0.250165606844133
2.17142857142857,-0.251437861152897,-0.238876039328964,-0.238876039328977,-0.252192536020899
2.17714285714286,-0.253457977408915,-0.239634947872876,-0.239634947872889,-0.254183316787022
2.18285714285714,-0.25544060991488,-0.240354779706682,-0.240354779706695,-0.256132820986815
2.18857142857143,-0.25738072662311,-0.241034907727453,-0.241034907727465,-0.258036113758663
2.19428571428571,-0.259273496231979,-0.241674881894167,-0.241674881894179,-0.259888468407859
2.2,-0.261114301996772,-0.242274428234931,-0.242274428234942,-0.261685379944523
2.20571428571429,-0.262898754228214,-0.242833446737814,-0.242833446737826,-0.263422577293634
2.21142857142857,-0.264622701498459,-0.243352008192802,-0.243352008192812,-0.265096034197357
2.21714285714286,-0.26628224058521,-0.243830350062053,-0.243830350062063,-0.266701978840719
2.22285714285714,-0.267873725194122,-0.24426887146367,-0.24426887146368,-0.268236902241263
2.22857142857143,-0.269393773507213,-0.244668127360222,-0.244668127360231,-0.269697565451128
2.23428571428571,-0.270839274610706,-0.245028822047347,-0.245028822047356,-0.271081005625523
2.24,-0.272207393859831,-0.245351802040082,-0.245351802040089,-0.272384541015938
2.24571428571429,-0.273495577240187,-0.245638048454994,-0.245638048455,-0.27360577494866
2.25142857142857,-0.274701554786389,-0.245888668985202,-0.245888668985208,-0.274742598850079
2.25714285714286,-0.275823343117644,-0.246104889562655,-0.24610488956266,-0.275793194379684
2.26285714285714,-0.27685924714844,-0.24628804579825,-0.246288045798254,-0.276756034729708
2.26857142857143,-0.277807861029101,-0.246439574285298,-0.246439574285302,-0.277629885147733
2.27428571428571,-0.278668068367695,-0.246561003845994,-0.246561003845997,-0.278413802734462
2.28,-0.279439041779763,-0.246653946793869,-0.246653946793871,-0.279107135564811
2.28571428571429,-0.280120241807657,-0.246720090277917,-0.246720090277919,-0.279709521175014
2.29142857142857,-0.280711415245997,-0.246761187766805,-0.246761187766807,-0.28022088445377
2.29714285714286,-0.281212592904146,-0.246779050723499,-0.2467790507235,-0.28064143496944
2.30285714285714,-0.281624086831417,-0.246775540513198,-0.246775540513198,-0.280971663760377
2.30857142857143,-0.281946487025141,-0.246752560579462,-0.246752560579462,-0.281212339609802
2.31428571428571,-0.28218065763718,-0.246712048916353,-0.246712048916352,-0.281364504821954
2.32,-0.282327732689279,-0.246655970856826,-0.246655970856825,-0.281429470511264
2.32571428571429,-0.28238911130391,-0.24658631219123,-0.246586312191229,-0.281408811412184
2.33142857142857,-0.282366452453165,-0.246505072623319,-0.246505072623318,-0.281304360213611
2.33714285714286,-0.282261669225271,-0.246414259565351,-0.24641425956535,-0.281118201418421
2.34285714285714,-0.282076922605635,-0.24631588226881,-0.246315882268809,-0.280852664726167
2.34857142857143,-0.281814614766917,-0.246211946282272,-0.246211946282271,-0.280510317934643
2.35428571428571,-0.281477381860635,-0.246104448223771,-0.246104448223769,-0.280093959354802
2.36,-0.281068086303723,-0.245995370852366,-0.245995370852364,-0.279606609732193
2.36571428571429,-0.280589808563612,-0.245886678425691,-0.24588667842569,-0.279051503668063
2.37142857142857,-0.280045838419406,-0.245780312314202,-0.245780312314201,-0.278432080532945
2.37714285714286,-0.279439665670175,-0.245678186839957,-0.245678186839956,-0.277751974866592
2.38285714285714,-0.278774970331882,-0.245582185338509,-0.245582185338508,-0.277015006258886
2.38857142857143,-0.278055612300584,-0.245494156408812,-0.245494156408811,-0.276225168707853
2.39428571428571,-0.277285620468885,-0.245415910320923,-0.245415910320922,-0.275386619453074
2.4,-0.276469181301049,-0.24534921555858,-0.245349215558579,-0.274503667284642
2.40571428571429,-0.275610626870444,-0.245295795472013,-0.245295795472012,-0.273580760330663
2.41142857142857,-0.274714422364468,-0.24525732501644,-0.24525732501644,-0.272622473329013
2.41714285714286,-0.273785153065218,-0.245235427552835,-0.245235427552835,-0.271633494392164
2.42285714285714,-0.272827510817765,-0.245231671689182,-0.245231671689183,-0.270618611277228
2.42857142857143,-0.271846280001302,-0.245247568142166,-0.245247568142167,-0.269582697176896
2.43428571428571,-0.270846323022427,-0.245284566601432,-0.245284566601433,-0.268530696050625
2.44,-0.26983256535332,-0.245344052580745,-0.245344052580746,-0.26746760751912
2.44571428571429,-0.268809980141931,-0.245427344243241,-0.245427344243243,-0.266398471349429
2.45142857142857,-0.267783572425185,-0.245535689190624,-0.245535689190626,-0.265328351561582
2.45714285714286,-0.266758362980437,-0.245670261209385,-0.245670261209387,-0.264262320192239
2.46285714285714,-0.265739371854566,-0.245832156970302,-0.245832156970305,-0.263205440754755
2.46857142857143,-0.264731601614636,-0.246022392681127,-0.24602239268113,-0.26216275143931
2.47428571428571,-0.263740020367955,-0.246241900695877,-0.24624190069588,-0.261139248101245
2.48,-0.262769544603996,-0.246491526088023,-0.246491526088027,-0.260139867089647
2.48571428571429,-0.26182502191472,-0.246772023198779,-0.246772023198783,-0.25916946797276
2.49142857142857,-0.260911213654179,-0.247084052175707,-0.247084052175711,-0.25823281622071
2.49714285714286,-0.260032777602193,-0.247428175520885,-0.247428175520889,-0.257334565910319
2.50285714285714,-0.259194250701176,-0.24780485467203,-0.247804854672035,-0.256479242520624
2.50857142857143,-0.258400031938733,-0.248214446643895,-0.2482144466439,-0.255671225891401
2.51428571428571,-0.257654365452348,-0.248657200761275,-0.24865720076128,-0.254914733420805
2.52,-0.256961323935892,-0.249133255518783,-0.249133255518787,-0.254213803581251
2.52571428571429,-0.25632479243051,-0.249642635605999,-0.249642635606004,-0.25357227983572
2.53142857142857,-0.25574845258517,-0.250185249140103,-0.250185249140108,-0.252993795039326
2.53714285714286,-0.255235767474176,-0.250760885150741,-0.250760885150746,-0.252481756412689
2.54285714285714,-0.25478996706063,-0.251369211365152,-0.251369211365157,-0.252039331176624
2.54857142857143,-0.254414034395666,-0.252009772343554,-0.252009772343559,-0.251669432938597
2.55428571428571,-0.254110692643688,-0.252681988011734,-0.252681988011739,-0.251374708912752
2.56,-0.253882393023173,-0.253385152645971,-0.253385152645975,-0.251157528069768
2.56571428571429,-0.253731303751296,-0.254118434363679,-0.254118434363684,-0.251019970308134
2.57142857142857,-0.253659300078346,-0.254880875165984,-0.254880875165989,-0.250963816723339
2.57714285714286,-0.253667955494616,-0.255671391582574,-0.255671391582579,-0.250990541060211
2.58285714285714,-0.253758534188011,-0.256488775965149,-0.256488775965155,-0.251101302426818
2.58857142857143,-0.253931984825277,-0.257331698471671,-0.257331698471676,-0.251296939341915
2.59428571428571,-0.254188935723182,-0.258198709778881,-0.258198709778886,-0.251577965181733
2.6,-0.254529691468258,-0.259088244554795,-0.259088244554799,-0.251944565083994
2.60571428571429,-0.254954231035024,-0.259998625716195,-0.2599986257162,-0.252396594358693
2.61142857142857,-0.255462207442613,-0.260928069488281,-0.260928069488286,-0.252933578444902
2.61714285714286,-0.256052948979069,-0.261874691275248,-0.261874691275253,-0.253554714442541
2.62285714285714,-0.256725462010556,-0.262836512340855,-0.262836512340859,-0.254258874235768
2.62857142857143,-0.257478435380455,-0.263811467288328,-0.263811467288333,-0.255044609212563
2.63428571428571,-0.258310246389865,-0.264797412318115,-0.264797412318119,-0.255910156571563
2.64,-0.259218968337473,-0.265792134231219,-0.265792134231223,-0.256853447193866
2.64571428571429,-0.260202379582968,-0.266793360134831,-0.266793360134835,-0.257872115043204
2.65142857142857,-0.261257974083726,-0.26779876779583,-0.267798767795834,-0.25896350804438
2.65714285714286,-0.262382973341385,-0.26880599657729,-0.268805996577293,-0.260124700375583
2.66285714285714,-0.263574339680772,-0.269812658882677,-0.269812658882681,-0.261352506097127
2.66857142857143,-0.264828790771684,-0.27081635202335,-0.270816352023354,-0.262643494026413
2.67428571428571,-0.266142815291592,-0.271814670416208,-0.271814670416211,-0.263994003756913
2.68,-0.267512689617383,-0.272805218011453,-0.272805218011457,-0.265400162708588
2.68571428571429,-0.268934495424295,-0.273785620844284,-0.273785620844288,-0.266857904087675
2.69142857142857,-0.270404138063261,-0.274753539600335,-0.274753539600338,-0.268362985626259
2.69714285714286,-0.271917365581494,-0.27570668208187,-0.275706682081873,-0.2699110089659
2.70285714285714,-0.273469788247171,-0.276642815461028,-0.276642815461031,-0.271497439545582
2.70857142857143,-0.275056898437191,-0.277559778207438,-0.277559778207441,-0.273117626852176
2.71428571428571,-0.276674090746653,-0.278455491580292,-0.278455491580295,-0.2747668248911
2.72,-0.278316682180677,-0.279327970579779,-0.279327970579782,-0.276440212737246
2.72571428571429,-0.279979932292975,-0.280175334258957,-0.28017533425896,-0.278132915029386
2.73142857142857,-0.281659063141263,-0.280995815305314,-0.280995815305317,-0.279840022277289
2.73714285714286,-0.283349278936887,-0.281787768810545,-0.281787768810548,-0.281556610857817
2.74285714285714,-0.285045785274764,-0.282549680157698,-0.282549680157701,-0.28327776258511
2.74857142857143,-0.286743807840088,-0.283280171966658,-0.28328017196666,-0.284998583750067
2.75428571428571,-0.288438610498977,-0.283978010050989,-0.283978010050992,-0.286714223535261
2.76,-0.290125512692483,-0.284642108352404,-0.284642108352407,-0.288419891723551
2.76571428571429,-0.291799906065631,-0.285271532831965,-0.285271532831968,-0.290110875630734
2.77142857142857,-0.293457270275518,-0.285865504310217,-0.28586550431022,-0.291782556205431
2.77714285714286,-0.295093187935566,-0.286423400261396,-0.2864234002614,-0.293430423251882
2.78285714285714,-0.296703358664591,-0.286944755578676,-0.286944755578679,-0.295050089743384
2.78857142857143,-0.298283612221598,-0.287429262339338,-0.287429262339341,-0.296637305206307
2.79428571428571,-0.299829920717731,-0.287876768608798,-0.287876768608801,-0.298187968164964
2.8,-0.301338409907009,-0.288287276332182,-0.288287276332185,-0.299698137648315
2.80571428571429,-0.30280536956621,-0.288660938370012,-0.288660938370015,-0.301164043767862
2.81142857142857,-0.304227262982187,-0.288998054741681,-0.288998054741684,-0.302582097384419
2.81714285714286,-0.305600735571075,-0.289299068145644,-0.289299068145647,-0.303948898887577
2.82285714285714,-0.306922622659301,-0.28956455882949,-0.289564558829494,-0.305261246117179
2.82857142857143,-0.308189956459889,-0.289795238885727,-0.28979523888573,-0.306516141460073
2.83428571428571,-0.309399972280517,-0.289991946050577,-0.28999194605058,-0.307710798158014
2.84,-0.310550114000859,-0.290155637083084,-0.290155637083087,-0.308842645864237
2.84571428571429,-0.311638038857286,-0.290287380800998,-0.290287380801001,-0.309909335486665
2.85142857142857,-0.312661621572318,-0.290388350847647,-0.29038835084765,-0.31090874335493
2.85714285714286,-0.31361895786451,-0.290459818261151,-0.290459818261154,-0.311838974747194
2.86285714285714,-0.314508367372327,-0.290503143913395,-0.290503143913399,-0.312698366810266
2.86857142857143,-0.315328396022478,-0.290519770881782,-0.290519770881785,-0.313485490903925
2.87428571428571,-0.316077817869929,-0.290511216811742,-0.290511216811745,-0.314199154396691
2.88,-0.316755636432956,-0.290479066322546,-0.290479066322549,-0.314838401937037
2.88571428571429,-0.317361085542726,-0.290424963503359,-0.290424963503362,-0.315402516219712
2.89142857142857,-0.317893629722806,-0.290350604540488,-0.290350604540491,-0.315891018263149
2.89714285714286,-0.318352964110068,-0.290257730511105,-0.290257730511108,-0.316303667209854
2.90285714285714,-0.318739013924501,-0.290148120372721,-0.290148120372724,-0.316640459657818
2.90857142857143,-0.319051933491767,-0.290023584172071,-0.290023584172073,-0.316901628527324
2.91428571428571,-0.319292104818998,-0.289885956491609,-0.289885956491611,-0.317087641464161
2.92,-0.319460135721349,-0.289737090146699,-0.2897370901467,-0.317199198777374
2.92571428571429,-0.319556857493888,-0.289578850141506,-0.289578850141508,-0.317237230906763
2.93142857142857,-0.319583322121656,-0.289413107887361,-0.289413107887363,-0.317202895413263
2.93714285714286,-0.319540799018488,-0.289241735683117,-0.289241735683119,-0.317097573483759
2.94285714285714,-0.319430771284201,-0.289066601453398,-0.2890666014534,-0.316922865940242
2.94857142857143,-0.319254931468772,-0.288889563737325,-0.288889563737326,-0.31668058874259
2.95428571428571,-0.319015176831853,-0.288712466917592,-0.288712466917593,-0.316372767973853
2.96,-0.31871360408592,-0.288537136677285,-0.288537136677287,-0.31600163429702
2.96571428571429,-0.318352503612025,-0.288365375669856,-0.288365375669858,-0.315569616872611
2.97142857142857,-0.317934353137928,-0.288198959386185,-0.288198959386186,-0.315079336727591
2.97714285714286,-0.317461810869794,-0.288039632201437,-0.288039632201438,-0.314533599567269
2.98285714285714,-0.316937708070223,-0.287889103583626,-0.287889103583626,-0.313935388023543
2.98857142857143,-0.316365041077568,-0.287749044445465,-0.287749044445465,-0.313287853334949
2.99428571428571,-0.315746962763604,-0.287621083620871,-0.287621083620871,-0.312594306456223
3,-0.315086773429437,-0.287506804447947,-0.287506804447946,-0.311858208597785
3.00571428571429,-0.314387911142243,-0.287407741440598,-0.287407741440598,-0.311083161198278
3.01142857142857,-0.313653941518584,-0.287325377032032,-0.287325377032032,-0.310272895336576
3.01714285714286,-0.31288854696332,-0.287261138374366,-0.287261138374366,-0.309431260592778
3.02285714285714,-0.312095515376594,-0.287216394180127,-0.287216394180127,-0.3085622133714
3.02857142857143,-0.31127872834495,-0.287192451592909,-0.287192451592909,-0.307669804703278
3.03428571428571,-0.310442148836488,-0.287190553076586,-0.287190553076585,-0.30675816754684
3.04,-0.309589808423574,-0.28721187331434,-0.287211873314339,-0.305831503612946
3.04571428571429,-0.30872579406094,-0.287257516111371,-0.28725751611137,-0.304894069741662
3.05142857142857,-0.307854234450627,-0.287328511297412,-0.287328511297411,-0.303950163863164
3.05714285714286,-0.306979286029528,-0.287425811628134,-0.287425811628134,-0.303004110579343
3.06285714285714,-0.306105118619347,-0.287550289687206,-0.287550289687206,-0.302060246406448
3.06857142857143,-0.305235900782764,-0.287702734793891,-0.287702734793891,-0.301122904723406
3.07428571428571,-0.304375784933865,-0.287883849924247,-0.287883849924247,-0.30019640047466
3.08,-0.303528892254722,-0.288094248657082,-0.288094248657081,-0.299285014680047
3.08571428571429,-0.302699297474209,-0.28833445215938,-0.288334452159379,-0.298392978808727
3.09142857142857,-0.301891013568698,-0.288604886228955,-0.288604886228954,-0.297524459077489
3.09714285714286,-0.301107976448367,-0.288905878415837,-0.288905878415836,-0.296683540738055
3.10285714285714,-0.30035402969607,-0.289237655246836,-0.289237655246834,-0.295874212421085
3.10857142857143,-0.299632909429134,-0.28960033958123,-0.289600339581229,-0.29510035060819
3.11428571428571,-0.298948229357677,-0.289993948128548,-0.289993948128548,-0.294365704306198
3.12,-0.2983034661153,-0.290418389162216,-0.290418389162215,-0.293673880000661
3.12571428571429,-0.297701944940907,-0.290873460465712,-0.290873460465711,-0.293028326967931
3.13142857142857,-0.297146825791669,-0.291358847549934,-0.291358847549933,-0.292432323026943
3.13714285714286,-0.296641089969046,-0.29187412218264,-0.291874122182639,-0.291888960813307
3.14285714285714,-0.296187527340096,-0.2924187412721,-0.2924187412721,-0.291401134658934
3.14857142857143,-0.295788724236756,-0.292992046148261,-0.29299204614826,-0.290971528160804
3.15428571428571,-0.295447052114924,-0.293593262284688,-0.293593262284688,-0.290602602521447
3.16,-0.295164657054018,-0.294221499504682,-0.294221499504682,-0.290296585742872
3.16571428571429,-0.294943450175198,-0.294875752713417,-0.294875752713417,-0.290055462753089
3.17142857142857,-0.294785099053617,-0.295554903196317,-0.295554903196317,-0.289880966541148
3.17714285714286,-0.294691020195751,-0.296257720521201,-0.296257720521201,-0.289774570373111
3.18285714285714,-0.294662372647955,-0.29698286507794,-0.29698286507794,-0.289737481155712
3.18857142857143,-0.294700052796424,-0.297728891285052,-0.297728891285051,-0.289770634008737
3.19428571428571,-0.294804690411554,-0.298494251487268,-0.298494251487268,-0.289874688100373
3.2,-0.294976645982004,-0.29927730056181,-0.299277300561809,-0.290050023791198
3.20571428571429,-0.295216009374629,-0.300076301244123,-0.300076301244124,-0.290296741124301
3.21142857142857,-0.295522599846888,-0.300889430175941,-0.30088943017594,-0.290614659688626
3.21714285714286,-0.295895967427703,-0.30171478467014,-0.301714784670141,-0.291003319872623
3.22285714285714,-0.296335395671542,-0.302550390177588,-0.302550390177588,-0.291461985513536
3.22857142857143,-0.296839905779044,-0.303394208432061,-0.303394208432062,-0.291989647936599
3.23428571428571,-0.297408262065,-0.30424414623911,-0.304244146239111,-0.292585031365487
3.24,-0.298038978742608,-0.305098064865256,-0.305098064865255,-0.293246599673797
3.24571428571429,-0.298730327980533,-0.305953789973988,-0.305953789973988,-0.293972564434547
3.25142857142857,-0.29948034917707,-0.306809122045518,-0.306809122045518,-0.294760894212677
3.25714285714286,-0.300286859384428,-0.307661847208445,-0.307661847208445,-0.295609325033907
3.26285714285714,-0.3011474648046,-0.30850974840299,-0.30850974840299,-0.296515371952156
3.26857142857143,-0.30205957326891,-0.309350616788438,-0.309350616788438,-0.297476341627414
3.27428571428571,-0.303020407603264,-0.310182263300759,-0.310182263300759,-0.29848934581693
3.28,-0.304027019774169,-0.311002530261867,-0.311002530261868,-0.299551315674603
3.28571428571429,-0.305076305703634,-0.311809302938098,-0.311809302938098,-0.300659016746747
3.29142857142857,-0.306165020636119,-0.312600520943456,-0.312600520943455,-0.30180906454751
3.29714285714286,-0.307289794937909,-0.313374189383218,-0.313374189383218,-0.302997940594164
3.30285714285714,-0.308447150207279,-0.314128389634205,-0.314128389634205,-0.304222008780237
3.30857142857143,-0.309633515574348,-0.3148612896614,-0.314861289661399,-0.305477531965133
3.31428571428571,-0.310845244071334,-0.31557115377511,-0.315571153775109,-0.306760688660619
3.32,-0.31207862895787,-0.316256351739009,-0.316256351739008,-0.308067589697834
3.32571428571429,-0.313329919890648,-0.316915367147021,-0.31691536714702,-0.309394294764077
3.33142857142857,-0.314595338834427,-0.3175468049962,-0.317546804996199,-0.310736828704852
3.33714285714286,-0.315871095618196,-0.318149398392478,-0.318149398392477,-0.312091197494859
3.34285714285714,-0.317153403050475,-0.318722014337437,-0.318722014337437,-0.313453403790281
3.34857142857143,-0.318438491517086,-0.319263658555887,-0.319263658555886,-0.314819461985055
3.35428571428571,-0.319722622995462,-0.319773479336056,-0.319773479336055,-0.316185412703945
3.36,-0.321002104430695,-0.3202507703666,-0.320250770366599,-0.317547336676442
3.36571428571429,-0.322273300429675,-0.320694972567,-0.320694972566999,-0.318901367946468
3.37142857142857,-0.323532645240621,-0.321105674919774,-0.321105674919773,-0.320243706384035
3.37714285714286,-0.324776653996195,-0.321482614324426,-0.321482614324424,-0.321570629475577
3.38285714285714,-0.326001933208508,-0.321825674503928,-0.321825674503927,-0.322878503380016
3.38857142857143,-0.327205190514128,-0.322134884004309,-0.322134884004308,-0.32416379324695
3.39428571428571,-0.328383243675314,-0.322410413336719,-0.322410413336718,-0.325423072802269
3.4,-0.329533028852217,-0.322652571319271,-0.32265257131927,-0.326653033213854
3.40571428571429,-0.330651608166309,-0.322861800681924,-0.322861800681923,-0.327850491256768
3.41142857142857,-0.331736176581887,-0.323038673003469,-0.323038673003468,-0.329012396802862
3.41714285714286,-0.332784068135673,-0.323183883052786,-0.323183883052785,-0.330135839663714
3.42285714285714,-0.333792761548419,-0.323298242609745,-0.323298242609744,-0.331218055819242
3.42857142857143,-0.334759885254218,-0.323382673842061,-0.32338267384206,-0.332256433066093
3.43428571428571,-0.335683221883553,-0.32343820231443,-0.323438202314429,-0.333248516120802
3.44,-0.336560712236875,-0.323465949705596,-0.323465949705595,-0.334192011212809
3.44571428571429,-0.337390458783766,-0.323467126306734,-0.323467126306733,-0.335084790201162
3.45142857142857,-0.338170728721265,-0.323443023371607,-0.323443023371606,-0.335924894246989
3.45714285714286,-0.338899956622298,-0.323395005385464,-0.323395005385463,-0.336710537071533
3.46285714285714,-0.339576746702345,-0.323324502315318,-0.323324502315317,-0.337440107826342
3.46857142857143,-0.340199874728606,-0.323233001899127,-0.323233001899126,-0.338112173598681
3.47428571428571,-0.340768289592632,-0.323122042026658,-0.323122042026657,-0.338725481571737
3.48,-0.341281114563144,-0.322993203258971,-0.322993203258971,-0.339278960855062
3.48571428571429,-0.341737648231907,-0.322848101528134,-0.322848101528134,-0.339771723996857
3.49142857142857,-0.342137365161396,-0.322688381052736,-0.322688381052736,-0.340203068185428
3.49714285714286,-0.342479916239657,-0.322515707499867,-0.322515707499868,-0.340572476144041
3.50285714285714,-0.342765128743269,-0.322331761417775,-0.322331761417775,-0.340879616718721
3.50857142857143,-0.342993006107042,-0.322138231959151,-0.322138231959152,-0.341124345156257
3.51428571428571,-0.343163727395102,-0.321936810909277,-0.321936810909277,-0.34130670306602
3.52,-0.343277646466139,-0.32172918702892,-0.32172918702892,-0.341426918056737
3.52571428571429,-0.343335290822837,-0.32151704071746,-0.32151704071746,-0.34148540303728
3.53142857142857,-0.343337360134124,-0.321302038997765,-0.321302038997766,-0.34148275516858
3.53714285714286,-0.343284724417187,-0.321085830820693,-0.321085830820694,-0.341419754452429
3.54285714285714,-0.343178421865492,-0.320870042684096,-0.320870042684097,-0.341297361942251
3.54857142857143,-0.343019656308573,-0.320656274558304,-0.320656274558305,-0.341116717560162
3.55428571428571,-0.342809794289076,-0.320446096107655,-0.320446096107656,-0.340879137504692
3.56,-0.342550361743234,-0.320241043195899,-0.320241043195901,-0.340586111234088
3.56571428571429,-0.342243040271211,-0.320042614661383,-0.320042614661383,-0.340239298010641
3.57142857142857,-0.341889662985368,-0.319852269346867,-0.319852269346868,-0.339840522992494
3.57714285714286,-0.341492209925365,-0.319671423367977,-0.319671423367979,-0.339391772861393
3.58285714285714,-0.341052803031016,-0.319501447603301,-0.319501447603302,-0.338895190975612
3.58857142857143,-0.340573700665738,-0.319343665389371,-0.319343665389373,-0.338353072040289
3.59428571428571,-0.340057291685353,-0.319199350403219,-0.319199350403221,-0.337767856288938
3.6,-0.339506089049818,-0.319069724715673,-0.319069724715674,-0.337142123172491
3.60571428571429,-0.338922722977435,-0.318955956998897,-0.318955956998899,-0.336478584555246
3.61142857142857,-0.338309933644183,-0.318859160872068,-0.318859160872069,-0.335780077418962
3.61714285714286,-0.33767056343345,-0.318780393370241,-0.318780393370244,-0.335049556080208
3.62285714285714,-0.33700754874416,-0.318720653521898,-0.3187206535219,-0.334290083928167
3.62857142857143,-0.33632391136845,-0.318680881022119,-0.318680881022121,-0.333504824693632
3.63428571428571,-0.335622749452552,-0.318661954989041,-0.318661954989042,-0.332697033262608
3.64,-0.334907228058029,-0.318664692792912,-0.318664692792914,-0.331870046051177
3.64571428571429,-0.334180569342812,-0.318689848947913,-0.318689848947915,-0.331027270961126
3.65142857142857,-0.333446042384712,-0.318738114058543,-0.318738114058545,-0.33017217693897
3.65714285714286,-0.332706952672864,-0.318810113813599,-0.3188101138136,-0.329308283163666
3.66285714285714,-0.331966631294962,-0.318906408022069,-0.318906408022071,-0.328439147891421
3.66857142857143,-0.331228423851093,-0.319027489686779,-0.319027489686781,-0.327568356988504
3.67428571428571,-0.330495679127224,-0.319173784112732,-0.319173784112734,-0.326699512185563
3.68,-0.329771737563946,-0.319345648048671,-0.319345648048672,-0.325836219089642
3.68571428571429,-0.329059919557893,-0.319543368861219,-0.319543368861219,-0.324982074992127
3.69142857142857,-0.328363513635685,-0.319767163742411,-0.319767163742412,-0.324140656513032
3.69714285714286,-0.327685764541845,-0.320017178952465,-0.320017178952466,-0.323315507124237
3.70285714285714,-0.327029861283698,-0.320293489100326,-0.320293489100327,-0.322510124595567
3.70857142857143,-0.32639892517776,-0.320596096465645,-0.320596096465646,-0.321727948409448
3.71428571428571,-0.325795997943239,-0.320924930366423,-0.320924930366424,-0.320972347191075
3.72,-0.32522402988911,-0.321279846577056,-0.321279846577056,-0.320246606201854
3.72571428571429,-0.324685868242059,-0.321660626802116,-0.321660626802117,-0.319553914944914
3.73142857142857,-0.324184245662491,-0.322066978211065,-0.322066978211065,-0.318897354931503
3.73714285714286,-0.323721768996356,-0.322498533039626,-0.322498533039625,-0.318279887657721
3.74285714285714,-0.323300908310125,-0.322954848263136,-0.322954848263137,-0.317704342840498
3.74857142857143,-0.32292398625543,-0.323435405347007,-0.323435405347007,-0.317173406961416
3.75428571428571,-0.322593167809395,-0.323939610078917,-0.323939610078917,-0.316689612166077
3.76,-0.322310450435315,-0.324466792487052,-0.324466792487052,-0.316255325565834
3.76571428571429,-0.322077654706801,-0.32501620684749,-0.32501620684749,-0.315872738986836
3.77142857142857,-0.321896415436869,-0.325587031783439,-0.32558703178344,-0.315543859210006
3.77714285714286,-0.321768173350904,-0.326178370457563,-0.326178370457562,-0.315270498743145
3.78285714285714,-0.321694167340783,-0.326789250858012,-0.326789250858011,-0.315054267164192
3.78857142857143,-0.321675427333751,-0.327418626177142,-0.327418626177141,-0.314896563071806
3.79428571428571,-0.321712767807555,-0.328065375281018,-0.328065375281017,-0.314798566676627
3.8,-0.32180678197956,-0.328728303266461,-0.32872830326646,-0.314761233063389
3.80571428571429,-0.321957836694475,-0.329406142101054,-0.329406142101053,-0.314785286150365
3.81142857142857,-0.322166068031604,-0.330097551340694,-0.330097551340694,-0.314871213369546
3.81714285714286,-0.322431377648691,-0.330801118917782,-0.330801118917781,-0.315019261086616
3.82285714285714,-0.322753429875848,-0.331515361992578,-0.331515361992578,-0.315229430776389
3.82857142857143,-0.323131649568789,-0.332238727859191,-0.332238727859191,-0.315501475965118
3.83428571428571,-0.323565220727097,-0.332969594897357,-0.332969594897358,-0.315834899947389
3.84,-0.324053085878597,-0.333706273560355,-0.333706273560354,-0.316228954281041
3.84571428571429,-0.324593946228044,-0.334447007389868,-0.334447007389868,-0.316682638059976
3.85142857142857,-0.325186262563363,-0.335189974048079,-0.335189974048078,-0.317194697960642
3.85714285714286,-0.325828256910175,-0.335933286358356,-0.335933286358356,-0.317763629054564
3.86285714285714,-0.326517914921001,-0.336674993346032,-0.336674993346032,-0.318387676375552
3.86857142857143,-0.327252988982706,-0.337413081272084,-0.337413081272083,-0.319064837227078
3.87428571428571,-0.328031002022737,-0.338145474653788,-0.338145474653788,-0.319792864212379
3.88,-0.328849251991682,-0.338870037267799,-0.338870037267799,-0.32056926896681
3.88571428571429,-0.329704816997342,-0.33958457313291,-0.339584573132909,-0.321391326569702
3.89142857142857,-0.330594561063574,-0.34028682747195,-0.34028682747195,-0.322256080610713
3.89714285714286,-0.331515140484747,-0.340974487654066,-0.340974487654066,-0.323160348883749
3.90285714285714,-0.332463010745359,-0.341645184121099,-0.341645184121098,-0.324100729680068
3.90857142857143,-0.333434433973473,-0.342296491304188,-0.342296491304187,-0.325073608650616
3.91428571428571,-0.334425486894522,-0.342925928538698,-0.342925928538698,-0.326075166207032
3.92,-0.335432069252681,-0.343530960988352,-0.343530960988352,-0.327101385429712
3.92571428571429,-0.336449912665179,-0.344109000590968,-0.344109000590968,-0.328148060450745
3.93142857142857,-0.337474589875634,-0.344657407040873,-0.344657407040872,-0.329210805279788
3.93714285714286,-0.338501524371792,-0.345173488824074,-0.345173488824074,-0.330285063039932
3.94285714285714,-0.339526000333265,-0.345654504324211,-0.345654504324211,-0.331366115581568
3.94857142857143,-0.340543172875052,-0.346097663017936,-0.346097663017934,-0.332449093441627
3.95428571428571,-0.341548078552825,-0.34650012677931,-0.346500126779309,-0.33352898611642
3.96,-0.34253564609633,-0.346859011312621,-0.34685901131262,-0.334600652615878
3.96571428571429,-0.343500707337302,-0.347171387732974,-0.347171387732973,-0.335658832268119
3.97142857142857,-0.344438008299232,-0.347434284312946,-0.347434284312945,-0.336698155742538
3.97714285714286,-0.345342220415923,-0.347644688412438,-0.347644688412437,-0.337713156260928
3.98285714285714,-0.346207951846618,-0.347799548606707,-0.347799548606706,-0.338698280965346
3.98857142857143,-0.347029758855594,-0.347895777025599,-0.347895777025597,-0.339647902412377
3.99428571428571,-0.347802157224392,-0.347930251913997,-0.347930251913997,-0.340556330163207
4,-0.348519633664971,-0.347899820420233,-0.347899820420233,-0.34141782243888
4.00571428571429,-0.349366547072607,-0.348021341399121,-0.348021341399121,-0.342416881398383
4.01142857142857,-0.350184319147139,-0.348114992036157,-0.348114992036156,-0.343394435952159
4.01714285714286,-0.350970653092822,-0.348181327304183,-0.348181327304182,-0.344347908896283
4.02285714285714,-0.351723391687294,-0.348221025533362,-0.348221025533362,-0.345274844885026
4.02857142857143,-0.352440519152114,-0.348234879654779,-0.348234879654778,-0.346172912715429
4.03428571428571,-0.353120162910285,-0.348223788445667,-0.348223788445666,-0.347039907551716
4.04,-0.353760595251799,-0.348188747835696,-0.348188747835696,-0.347873753110291
4.04571428571429,-0.354360234920058,-0.348130842325734,-0.348130842325733,-0.348672503818756
4.05142857142857,-0.35491764862658,-0.348051236563944,-0.348051236563944,-0.349434346955753
4.05714285714286,-0.355431552494769,-0.347951167116877,-0.347951167116877,-0.350157604771962
4.06285714285714,-0.355900813428208,-0.347831934466739,-0.347831934466739,-0.350840736586704
4.06857142857143,-0.35632445039397,-0.34769489526007,-0.347694895260071,-0.351482340849759
4.07428571428571,-0.356701635607058,-0.34754145482699,-0.347541454826991,-0.35208115715252
4.08,-0.357031695598291,-0.347373059985313,-0.347373059985313,-0.352636068169553
4.08571428571429,-0.357314112144729,-0.347191192138711,-0.347191192138712,-0.353146101507405
4.09142857142857,-0.357548523039261,-0.346997360673931,-0.346997360673931,-0.353610431435001
4.09714285714286,-0.357734722673946,-0.346793096658344,-0.346793096658346,-0.354028380467994
4.10285714285714,-0.357872662410208,-0.346579946835454,-0.346579946835456,-0.354399420777228
4.10857142857143,-0.357962450708327,-0.346359467913497,-0.346359467913498,-0.35472317539116
4.11428571428571,-0.358004352988095,-0.346133221139389,-0.346133221139391,-0.354999419160867
4.12,-0.357998791192619,-0.345902767148367,-0.34590276714837,-0.355228079456524
4.12571428571429,-0.357946343027909,-0.345669661078092,-0.345669661078093,-0.35540923656482
4.13142857142857,-0.357847740851818,-0.345435447934466,-0.345435447934468,-0.355543123757165
4.13714285714286,-0.357703870187028,-0.345201658195475,-0.345201658195478,-0.355630127000027
4.14285714285714,-0.357515767834437,-0.344969803638629,-0.344969803638632,-0.355670784280277
4.14857142857143,-0.357284619565575,-0.344741373377228,-0.344741373377229,-0.355665784519876
4.15428571428571,-0.357011757374058,-0.344517830090319,-0.34451783009032,-0.355615966056964
4.16,-0.35669865626931,-0.344300606431435,-0.344300606431437,-0.355522314672072
4.16571428571429,-0.356346930597617,-0.344091101601253,-0.344091101601256,-0.355385961141235
4.17142857142857,-0.355958329878932,-0.34389067806983,-0.343890678069833,-0.355208178299968
4.17714285714286,-0.355534734150096,-0.343700658434728,-0.34370065843473,-0.354990377605651
4.18285714285714,-0.355078148808718,-0.343522322401861,-0.343522322401864,-0.354734105187938
4.18857142857143,-0.354590698954385,-0.343356903876939,-0.343356903876941,-0.354441037380748
4.19428571428571,-0.354074623227748,-0.34320558815645,-0.343205588156453,-0.354112975732089
4.2,-0.353532267150547,-0.343069509207962,-0.343069509207964,-0.35375184149127
4.20571428571429,-0.352966075973356,-0.342949747031033,-0.342949747031036,-0.35335966957658
4.21142857142857,-0.35237858704091,-0.342847325091223,-0.342847325091227,-0.352938602029712
4.21714285714286,-0.351772421688307,-0.342763207821104,-0.342763207821108,-0.352490880966526
4.22285714285714,-0.351150276684506,-0.34269829818375,-0.342698298183752,-0.352018841037537
4.22857142857143,-0.350514915243075,-0.342653435295646,-0.34265343529565,-0.351524901414325
4.23428571428571,-0.349869157623353,-0.342629392107856,-0.34262939210786,-0.351011557322204
4.24,-0.349215871348508,-0.3426268731458,-0.342626873145802,-0.350481371142326
4.24571428571429,-0.348557961070072,-0.342646512309815,-0.342646512309819,-0.349936963110047
4.25142857142857,-0.347898358111959,-0.34268887074067,-0.342688870740673,-0.349381001639789
4.25714285714286,-0.347240009730126,-0.34275443475603,-0.342754434756032,-0.34881619330981
4.26285714285714,-0.346585868126692,-0.342843613865551,-0.342843613865555,-0.348245272543543
4.26857142857143,-0.345938879261,-0.342956738874671,-0.342956738874675,-0.347670991027447
4.27428571428571,-0.345301971502179,-0.343094060088545,-0.34309406008855,-0.34709610690826
4.28,-0.344678044171308,-0.343255745629987,-0.343255745629991,-0.346523373815453
4.28571428571429,-0.344069956022945,-0.343441879886587,-0.343441879886591,-0.345955529757626
4.29142857142857,-0.343480513719176,-0.343652462104458,-0.343652462104462,-0.345395285943908
4.29714285714286,-0.342912460350549,-0.343887405147332,-0.343887405147337,-0.344845315584201
4.30285714285714,-0.342368464060797,-0.344146534441358,-0.344146534441362,-0.344308242723781
4.30857142857143,-0.341851106833656,-0.344429587127391,-0.344429587127394,-0.343786631170083
4.31428571428571,-0.341362873501507,-0.344736211443661,-0.344736211443665,-0.343282973570786
4.32,-0.340906141036237,-0.345065966362478,-0.345065966362481,-0.342799680703653
4.32571428571429,-0.340483168183716,-0.345418321505345,-0.34541832150535,-0.34233907103913
4.33142857142857,-0.340096085503064,-0.345792657361275,-0.345792657361281,-0.341903360637564
4.33714285714286,-0.339746885871709,-0.346188265832733,-0.346188265832737,-0.341494653442239
4.34285714285714,-0.339437415516269,-0.346604351133477,-0.346604351133481,-0.341114932029344
4.34857142857143,-0.339169365627944,-0.347040031061378,-0.347040031061384,-0.340766048874206
4.35428571428571,-0.338944264619255,-0.347494338668416,-0.34749433866842,-0.340449718192253
4.36,-0.338763471076146,-0.347966224347602,-0.347966224347609,-0.340167508409728
4.36571428571429,-0.338628167456496,-0.348454558354951,-0.348454558354957,-0.339920835317311
4.37142857142857,-0.338539354582138,-0.348958133781195,-0.3489581337812,-0.339710955955256
4.37714285714286,-0.338497846967167,-0.349475669985144,-0.34947566998515,-0.339538963275141
4.38285714285714,-0.338504269020308,-0.350005816496539,-0.350005816496546,-0.339405781618039
4.38857142857143,-0.338559052153243,-0.350547157391902,-0.350547157391907,-0.339312163043441
4.39428571428572,-0.338662432820892,-0.351098216142481,-0.351098216142486,-0.339258684537562
4.4,-0.338814451512853,-0.351657460928132,-0.351657460928139,-0.339245746122726
4.40571428571429,-0.339014952708026,-0.352223310405622,-0.352223310405627,-0.339273569882664
4.41142857142857,-0.339263585796915,-0.352794139914145,-0.352794139914152,-0.33934219991115
4.41714285714286,-0.339559806968622,-0.353368288095259,-0.353368288095266,-0.33945150318359
4.42285714285714,-0.339902882050964,-0.35394406389818,-0.353944063898186,-0.339601171343427
4.42857142857143,-0.340291890284896,-0.354519753935928,-0.354519753935934,-0.339790723386955
4.43428571428572,-0.340725729005735,-0.355093630151769,-0.355093630151774,-0.34001950922245
4.44,-0.341203119196239,-0.355663957750163,-0.355663957750168,-0.340286714071632
4.44571428571429,-0.341722611869108,-0.356229003341157,-0.356229003341162,-0.340591363673679
4.45142857142857,-0.34228259522909,-0.356787043242646,-0.356787043242651,-0.340932330245412
4.45714285714286,-0.342881302558646,-0.357336371880777,-0.357336371880781,-0.341308339144149
4.46285714285714,-0.343516820765228,-0.357875310225687,-0.357875310225691,-0.34171797617443
4.46857142857143,-0.344187099522836,-0.358402214196746,-0.35840221419675,-0.34215969547407
4.47428571428572,-0.344889960936834,-0.358915482970318,-0.358915482970322,-0.342631827911382
4.48,-0.345623109657431,-0.359413567121931,-0.359413567121934,-0.343132589921709
4.48571428571429,-0.346384143364951,-0.359894976534955,-0.359894976534958,-0.343660092709343
4.49142857142857,-0.3471705635493,-0.360358288009415,-0.360358288009418,-0.344212351739882
4.49714285714286,-0.347979786505451,-0.360802152506221,-0.360802152506224,-0.344787296447537
4.50285714285714,-0.348809154468129,-0.361225301965801,-0.361225301965804,-0.345382780083552
4.50857142857143,-0.349655946810762,-0.361626555643816,-0.361626555643819,-0.345996589633343
4.51428571428572,-0.350517391236834,-0.362004825911806,-0.362004825911809,-0.346626455733402
4.52,-0.351390674895657,-0.362359123476205,-0.362359123476207,-0.347270062522715
4.52571428571429,-0.352272955359407,-0.362688561975759,-0.36268856197576,-0.347925057368511
4.53142857142857,-0.353161371403687,-0.362992361924155,-0.362992361924157,-0.348589060411275
4.53714285714286,-0.35405305353971,-0.363269853972148,-0.363269853972149,-0.349259673880351
4.54285714285714,-0.354945134252953,-0.363520481471196,-0.363520481471197,-0.349934491137688
4.54857142857143,-0.355834757909565,-0.363743802328419,-0.36374380232842,-0.350611105414262
4.55428571428572,-0.356719090298776,-0.36393949015047,-0.36393949015047,-0.351287118210338
4.56,-0.357595327786394,-0.364107334681802,-0.364107334681802,-0.351960147338003
4.56571428571429,-0.358460706060937,-0.364247241549797,-0.364247241549796,-0.352627834590487
4.57142857142857,-0.359312508460876,-0.364359231337024,-0.364359231337024,-0.353287853030021
4.57714285714286,-0.360148073876693,-0.364443438006535,-0.364443438006536,-0.353937913891224
4.58285714285714,-0.360964804227533,-0.364500106712623,-0.364500106712623,-0.354575773102837
4.58857142857143,-0.361760171516932,-0.364529591034579,-0.364529591034578,-0.355199237435563
4.59428571428572,-0.362531724476025,-0.364532349675185,-0.364532349675184,-0.355806170287566
4.6,-0.363277094806679,-0.364508942669873,-0.364508942669873,-0.356394497123166
4.60571428571429,-0.36399400303936,-0.364460027154849,-0.364460027154847,-0.356962210582299
4.61142857142857,-0.364680264022579,-0.364386352744933,-0.364386352744932,-0.357507375280915
4.61714285714286,-0.365333792062368,-0.36428875657281,-0.364288756572806,-0.35802813232291
4.62285714285714,-0.365952605730358,-0.36416815804222,-0.364168158042218,-0.358522703545561
4.62857142857143,-0.366534832359487,-0.364025553346882,-0.36402555334688,-0.3589893955189
4.63428571428572,-0.367078712245103,-0.363862009806433,-0.363862009806431,-0.35942660331997
4.64,-0.367582602568344,-0.36367866006874,-0.36367866006874,-0.359832814100399
4.64571428571429,-0.368044981057125,-0.363476696226094,-0.363476696226091,-0.36020661046424
4.65142857142857,-0.368464449397263,-0.363257363889777,-0.363257363889775,-0.360546673670618
4.65714285714286,-0.368839736404742,-0.363021956264979,-0.363021956264977,-0.360851786673097
4.66285714285714,-0.36916970096685,-0.362771808264225,-0.362771808264222,-0.361120837004534
4.66857142857143,-0.36945333475727,-0.362508290694117,-0.362508290694115,-0.361352819513414
4.67428571428572,-0.369689764727521,-0.362232804546433,-0.36223280454643,-0.361546838954313
4.68,-0.369878255374148,-0.361946775420675,-0.361946775420675,-0.361702112431981
4.68571428571429,-0.370018210778147,-0.361651648101304,-0.361651648101303,-0.361817971695574
4.69142857142857,-0.37010917641071,-0.361348881309024,-0.361348881309024,-0.361893865276425
4.69714285714286,-0.370150840696806,-0.361039942641848,-0.361039942641848,-0.361929360460177
4.70285714285714,-0.370143036325612,-0.36072630371767,-0.360726303717668,-0.361924145081292
4.70857142857143,-0.370085741295417,-0.360409435527171,-0.360409435527169,-0.361878029126047
4.71428571428572,-0.3699790796782,-0.360090804001988,-0.360090804001987,-0.361790946127671
4.72,-0.369823322088362,-0.359771865800594,-0.359771865800595,-0.361662954336153
4.72571428571429,-0.369618885838829,-0.359454064311387,-0.359454064311388,-0.361494237643667
4.73142857142857,-0.369366334766824,-0.359138825869742,-0.359138825869743,-0.361285106245466
4.73714285714286,-0.369066378711892,-0.358827556184241,-0.358827556184241,-0.361035997016109
4.74285714285714,-0.368719872627961,-0.35852163696453,-0.358521636964531,-0.36074747357986
4.74857142857143,-0.368327815312357,-0.358222422742429,-0.358222422742432,-0.360420226054955
4.75428571428572,-0.367891347735087,-0.357931237876221,-0.357931237876221,-0.360055070451411
4.76,-0.367411750952139,-0.35764937372677,-0.357649373726771,-0.359652947703115
4.76571428571429,-0.36689044358907,-0.357378085994061,-0.357378085994061,-0.359214922315909
4.77142857142857,-0.366328978881495,-0.357118592201473,-0.357118592201477,-0.358742180614776
4.77714285714286,-0.365729041261552,-0.356872069315382,-0.356872069315384,-0.35823602857508
4.78285714285714,-0.36509244248145,-0.356639651487468,-0.35663965148747,-0.357697889224501
4.78857142857143,-0.364421117267367,-0.3564224279074,-0.356422427907402,-0.3571292996045
4.79428571428572,-0.36371711849929,-0.356221440753936,-0.356221440753939,-0.356531907282812
4.8,-0.362982611915383,-0.356037683233222,-0.356037683233226,-0.355907466410501
4.80571428571429,-0.362219870341926,-0.355872097693778,-0.355872097693781,-0.355257833320214
4.81142857142857,-0.361431267452865,-0.355725573808779,-0.355725573808782,-0.354584961665046
4.81714285714286,-0.360619271066157,-0.355598946817239,-0.355598946817242,-0.35389089710012
4.82285714285714,-0.359786435986861,-0.35549299581721,-0.355492995817214,-0.353177771512685
4.82857142857143,-0.358935396410527,-0.355408442105248,-0.355408442105249,-0.352447796808735
4.83428571428572,-0.358068857903005,-0.355345947558074,-0.355345947558075,-0.351703258268301
4.84,-0.35718958897669,-0.355306113054177,-0.355306113054179,-0.350946507484384
4.84571428571429,-0.356300412285866,-0.355289476934283,-0.355289476934285,-0.350179954903414
4.85142857142857,-0.355404195467212,-0.355296513501871,-0.355296513501874,-0.349406061989124
4.85714285714286,-0.35450384165465,-0.355327631566454,-0.355327631566459,-0.348627333034277
4.86285714285714,-0.353602279700897,-0.355383173034328,-0.355383173034331,-0.347846306648329
4.86857142857143,-0.352702454140738,-0.355463411553077,-0.35546341155308,-0.34706554695179
4.87428571428572,-0.351807314934213,-0.355568551218222,-0.355568551218224,-0.346287634511491
4.88,-0.350919807030574,-0.355698725352015,-0.355698725352018,-0.34551515705352
4.88571428571429,-0.35004285979633,-0.355853995366124,-0.355853995366128,-0.344750699993478
4.89142857142857,-0.349179376353197,-0.356034349721659,-0.356034349721662,-0.343996836826423
4.89714285714286,-0.348332222873912,-0.356239703001333,-0.356239703001336,-0.343256119420765
4.90285714285714,-0.347504217885863,-0.356469895110272,-0.356469895110274,-0.342531068263287
4.90857142857143,-0.346698121634045,-0.356724690622895,-0.356724690622899,-0.341824162703698
4.91428571428572,-0.345916625556377,-0.357003778294403,-0.357003778294406,-0.341137831248918
4.92,-0.345162341925309,-0.35730677075649,-0.357306770756494,-0.340474441959098
4.92571428571429,-0.344437793710619,-0.357633204417049,-0.357633204417052,-0.339836292997315
4.93142857142857,-0.343745404718168,-0.357982539584268,-0.357982539584272,-0.339225603386617
4.93714285714286,-0.34308749005981,-0.358354160835458,-0.35835416083546,-0.33864450402746
4.94285714285714,-0.342466247008847,-0.358747377650501,-0.358747377650503,-0.338095029028598
4.94857142857143,-0.341883746294511,-0.359161425329412,-0.359161425329414,-0.337579107403913
4.95428571428572,-0.341341923887411,-0.359595466212211,-0.359595466212213,-0.33709855518644
4.96,-0.340842573326186,-0.360048591218132,-0.360048591218134,-0.336655068008964
4.96571428571429,-0.340387338633137,-0.360519821719433,-0.360519821719436,-0.336250214198744
4.97142857142857,-0.339977707863503,-0.361008111762894,-0.361008111762896,-0.335885428431237
4.97714285714286,-0.339615007329762,-0.361512350649503,-0.361512350649505,-0.335562005984239
4.98285714285714,-0.339300396538708,-0.362031365880271,-0.362031365880273,-0.335281097630627
4.98857142857143,-0.339034863874206,-0.362563926472546,-0.362563926472547,-0.335043705203436
4.99428571428571,-0.338819223054242,-0.363108746648034,-0.363108746648035,-0.334850677862778
5,-0.338654110385432,-0.363664489889785,-0.363664489889786,-0.334702709088867
5.00571428571429,-0.338539982832591,-0.364229773361314,-0.364229773361314,-0.334600334420264
5.01142857142857,-0.338477116915566,-0.364803172677159,-0.36480317267716,-0.334543929950684
5.01714285714286,-0.338465608438831,-0.365383227009502,-0.365383227009502,-0.334533711592023
5.02285714285714,-0.338505373053799,-0.365968444511429,-0.36596844451143,-0.334569735105
5.02857142857143,-0.338596147646908,-0.366557308032793,-0.366557308032794,-0.334651896892683
5.03428571428571,-0.338737492540669,-0.367148281100664,-0.367148281100663,-0.334779935546177
5.04,-0.338928794488565,-0.367739814132066,-0.367739814132066,-0.334953434125251
5.04571428571429,-0.339169270438269,-0.368330350842935,-0.368330350842935,-0.335171823151224
5.05142857142857,-0.339457972032419,-0.368918334813691,-0.368918334813691,-0.335434384283182
5.05714285714286,-0.339793790810268,-0.369502216168761,-0.369502216168761,-0.33574025464374
5.06285714285714,-0.34017546406871,-0.370080458324577,-0.370080458324576,-0.336088431755195
5.06857142857143,-0.340601581336793,-0.370651544758724,-0.370651544758724,-0.336477779042812
5.07428571428571,-0.341070591413496,-0.37121398575096,-0.37121398575096,-0.336907031857785
5.08,-0.341580809915627,-0.371766325046321,-0.37176632504632,-0.337374803969647
5.08571428571429,-0.342130427279944,-0.37230714638994,-0.372307146389939,-0.33787959447473
5.09142857142857,-0.342717517161601,-0.372835079883837,-0.372835079883836,-0.338419795066171
5.09714285714286,-0.343340045170017,-0.373348808116878,-0.373348808116878,-0.338993697609317
5.10285714285714,-0.343995877882685,-0.373847072020992,-0.373847072020992,-0.339599501966451
5.10857142857143,-0.344682792077808,-0.374328676409008,-0.374328676409007,-0.340235324014956
5.11428571428571,-0.345398484127752,-0.374792495152758,-0.374792495152758,-0.340899203804419
5.12,-0.346140579496708,-0.375237475963499,-0.375237475963499,-0.34158911379997
5.12571428571429,-0.346906642288475,-0.375662644740868,-0.375662644740867,-0.342302967161438
5.13142857142857,-0.347694184792815,-0.376067109461306,-0.376067109461305,-0.343038626011395
5.13714285714286,-0.348500676982262,-0.376450063581871,-0.37645006358187,-0.343793909648629
5.14285714285714,-0.349323555914474,-0.376810788940244,-0.376810788940244,-0.344566602667133
5.14857142857143,-0.350160234999187,-0.377148658138006,-0.377148658138005,-0.345354462946226
5.15428571428571,-0.351008113092296,-0.377463136399147,-0.377463136399145,-0.346155229480938
5.16,-0.351864583383252,-0.377753782902334,-0.377753782902333,-0.346966630027849
5.16571428571429,-0.352727042044896,-0.378020251591189,-0.378020251591188,-0.347786388546538
5.17142857142857,-0.353592896617126,-0.378262291473192,-0.378262291473191,-0.348612232422537
5.17714285714286,-0.354459574096551,-0.378479746425178,-0.378479746425177,-0.349441899465014
5.18285714285714,-0.355324528702389,-0.378672554531293,-0.378672554531292,-0.350273144680129
5.18857142857143,-0.356185249283436,-0.378840746990515,-0.378840746990514,-0.351103746832615
5.19428571428571,-0.357039266317632,-0.378984446647468,-0.378984446647467,-0.351931514826228
5.2,-0.357884158430202,-0.379103866229087,-0.379103866229086,-0.352754293965014
5.20571428571429,-0.358717558307409,-0.379199306426695,-0.379199306426694,-0.353569972220551
5.21142857142857,-0.359537157792918,-0.379271154087664,-0.379271154087664,-0.354376486768198
5.21714285714286,-0.360340711795944,-0.379319881082218,-0.379319881082217,-0.355171831389466
5.22285714285714,-0.361126040431584,-0.379346045229455,-0.379346045229454,-0.355954066241695
5.22857142857143,-0.361891029021652,-0.379350297209725,-0.379350297209724,-0.356721334295521
5.23428571428571,-0.362633630563337,-0.379333406851545,-0.379333406851544,-0.357471899102602
5.24,-0.363351928022703,-0.379296367476792,-0.379296367476791,-0.358204267805257
5.24571428571429,-0.364045041292782,-0.379240954711618,-0.379240954711617,-0.358917804316495
5.25142857142857,-0.364737465667921,-0.379174155048291,-0.379174155048289,-0.359617314408348
5.25714285714286,-0.365405876562933,-0.379064362411565,-0.379064362411563,-0.360265704456266
5.26285714285714,-0.365977539988659,-0.378950796859136,-0.378950796859134,-0.3609045617478
5.26857142857143,-0.366543553330414,-0.378823598261569,-0.378823598261567,-0.361519402459544
5.27428571428571,-0.367081038391387,-0.378681301552501,-0.3786813015525,-0.362106460884938
5.28,-0.367585610610591,-0.378524989263963,-0.378524989263961,-0.362664605409174
5.28571428571429,-0.368055391358786,-0.378355814635921,-0.37835581463592,-0.363192816591899
5.29142857142857,-0.368489169082859,-0.378174937945277,-0.378174937945275,-0.363690147318602
5.29714285714286,-0.368886032941925,-0.377983528606385,-0.377983528606384,-0.364155736734771
5.30285714285714,-0.369245269758535,-0.377782765990536,-0.377782765990534,-0.364588819208937
5.30857142857143,-0.369566328379145,-0.377573837802644,-0.377573837802642,-0.364988729438886
5.31428571428571,-0.369848805701984,-0.377357937178639,-0.377357937178636,-0.36535490552147
5.32,-0.370092440833754,-0.377136259138039,-0.377136259138036,-0.365686890839713
5.32571428571429,-0.370297112679432,-0.376909996671879,-0.376909996671877,-0.365984335118811
5.33142857142857,-0.370462839180779,-0.376680336559767,-0.376680336559765,-0.366246994763161
5.33714285714286,-0.370589777560488,-0.376448454898273,-0.376448454898271,-0.3664747324521
5.34285714285714,-0.370678225506101,-0.37621551223013,-0.376215512230127,-0.366667515867193
5.34857142857143,-0.370728623686535,-0.37598264805502,-0.375982648055017,-0.366825415303734
5.35428571428571,-0.370741560593774,-0.375750974339389,-0.375750974339386,-0.366948599740641
5.36,-0.37071778177007,-0.375521567371049,-0.375521567371047,-0.367037330645149
5.36571428571429,-0.370658207663163,-0.375295456819033,-0.37529545681903,-0.367091952252917
5.37142857142857,-0.370563969203067,-0.375073609961624,-0.375073609961621,-0.367112876064725
5.37714285714286,-0.370436481815178,-0.374856907332629,-0.374856907332626,-0.367100555370572
5.38285714285714,-0.370277608860957,-0.374646102743462,-0.374646102743458,-0.367055441823851
5.38857142857143,-0.370090052611196,-0.374441754659606,-0.374441754659603,-0.366977908906729
5.39428571428572,-0.369878393896823,-0.374244108720853,-0.37424410872085,-0.366868116807262
5.4,-0.369652269208931,-0.374052937011439,-0.374052937011436,-0.366725810591841
5.40571428571429,-0.369437966916296,-0.373867766233735,-0.373867766233732,-0.36655045162918
5.41142857142857,-0.369328678220586,-0.373693952992863,-0.37369395299286,-0.36634719383024
5.41714285714286,-0.369592184028206,-0.373607837073205,-0.373607837073202,-0.36619501495957
5.42285714285714,-0.369277281026517,-0.373662568897133,-0.373662568897131,-0.36616044669165
5.42857142857143,-0.368373848595897,-0.373525757533721,-0.373525757533719,-0.365890853245936
5.43428571428572,-0.367775860820882,-0.373383756900807,-0.373383756900804,-0.365576290894319
5.44,-0.367285023298859,-0.373271539287794,-0.373271539287791,-0.36525703631328
5.44571428571429,-0.366823025328708,-0.373183742603272,-0.373183742603269,-0.364929251719426
5.45142857142857,-0.366367152536627,-0.373116908696235,-0.373116908696232,-0.364590676888337
5.45714285714286,-0.365910423241863,-0.37306947177689,-0.373069471776887,-0.36424101617269
5.46285714285714,-0.365451089181235,-0.373040750303578,-0.373040750303576,-0.363880963723955
5.46857142857143,-0.364989449869229,-0.373030461132843,-0.373030461132842,-0.363511711714042
5.47428571428572,-0.364526713177377,-0.373038496900546,-0.373038496900544,-0.363134718435967
5.48,-0.364064527366104,-0.373064818158615,-0.373064818158613,-0.362751591766786
5.48571428571429,-0.363604765118263,-0.373109397455898,-0.373109397455897,-0.362364025238549
5.49142857142857,-0.36314941298127,-0.373172188453293,-0.373172188453293,-0.361973759515566
5.49714285714286,-0.362700508971854,-0.37325310789115,-0.37325310789115,-0.361582556886766
5.50285714285714,-0.362260103870702,-0.373352024560466,-0.373352024560466,-0.36119218280823
5.50857142857143,-0.361830234938477,-0.373468752315066,-0.373468752315067,-0.360804391475889
5.51428571428572,-0.361412906536583,-0.373603045551164,-0.373603045551164,-0.360420913832493
5.52,-0.361010074813733,-0.373754596285491,-0.373754596285491,-0.360043447137958
5.52571428571429,-0.360623634937196,-0.373923032335756,-0.373923032335757,-0.359673645616378
5.53142857142857,-0.360255410029025,-0.374107916313311,-0.374107916313312,-0.359313111906226
5.53714285714286,-0.359907141334797,-0.37430874525518,-0.374308745255182,-0.358963389161587
5.54285714285714,-0.359580479357016,-0.374524950791396,-0.374524950791397,-0.358625953723813
5.54857142857143,-0.359276975803858,-0.374755899785145,-0.374755899785147,-0.358302208325627
5.55428571428572,-0.358998076272739,-0.375000895408304,-0.375000895408306,-0.357993475816164
5.56,-0.358745113630416,-0.375259178630412,-0.375259178630414,-0.357700993410565
5.56571428571429,-0.358519302075545,-0.375529930108164,-0.375529930108166,-0.357425907477229
5.57142857142857,-0.3583217318845,-0.375812272467952,-0.375812272467955,-0.357169268881024
5.57714285714286,-0.358153364849783,-0.376105272976547,-0.37610527297655,-0.356932028902324
5.58285714285714,-0.358015030423362,-0.376407946595333,-0.376407946595335,-0.356715035752098
5.58857142857143,-0.357907422579405,-0.376719259413687,-0.37671925941369,-0.356519031702067
5.59428571428572,-0.357831097409125,-0.377038132454706,-0.377038132454709,-0.356344650845727
5.6,-0.357786471458358,-0.377363445844869,-0.377363445844871,-0.356192417503568
5.60571428571429,-0.357773820815407,-0.377694043336135,-0.377694043336138,-0.356062745280936
5.61142857142857,-0.357793280951923,-0.378028737165874,-0.378028737165878,-0.355955936783141
5.61714285714286,-0.357844847315424,-0.378366313236459,-0.378366313236462,-0.355872183986812
5.62285714285714,-0.357928376666716,-0.37870553659291,-0.378705536592913,-0.355811569261859
5.62857142857143,-0.358043589150243,-0.379045157173092,-0.379045157173095,-0.355774067032544
5.63428571428572,-0.358190071079729,-0.379383915801203,-0.379383915801206,-0.355759546060912
5.64,-0.358367278416562,-0.37972055039195,-0.379720550391952,-0.355767772330182
5.64571428571429,-0.358574540912379,-0.38005380232905,-0.380053802329053,-0.355798412500391
5.65142857142857,-0.358811066882883,-0.380382422978824,-0.380382422978827,-0.35585103790318
5.65714285714286,-0.359075948574999,-0.380705180297007,-0.380705180297009,-0.355925129037932
5.66285714285714,-0.359368168085602,-0.381020865484617,-0.381020865484619,-0.356020080526282
5.66857142857143,-0.359686603786856,-0.381328299647791,-0.381328299647793,-0.356135206478313
5.67428571428572,-0.360030037211594,-0.38162634041635,-0.381626340416352,-0.356269746219361
5.68,-0.360397160351923,-0.381913888477495,-0.381913888477497,-0.356422870322941
5.68571428571429,-0.360786583328095,-0.382189893986174,-0.382189893986175,-0.356593686892151
5.69142857142857,-0.361196842393531,-0.382453362823361,-0.382453362823362,-0.356781248028271
5.69714285714286,-0.361626408262601,-0.38270336269409,-0.382703362694091,-0.356984556421683
5.70285714285714,-0.362073694791714,-0.382939029099028,-0.382939029099028,-0.357202571994834
5.70857142857143,-0.362537068142773,-0.383159571304703,-0.383159571304703,-0.357434218517641
5.71428571428572,-0.363014856793038,-0.383364278654079,-0.383364278654079,-0.357678390100213
5.72,-0.363505363371485,-0.383552528123847,-0.383552528123847,-0.357933957442149
5.72571428571429,-0.364006881143152,-0.383723795719657,-0.383723795719657,-0.358199773707036
5.73142857142857,-0.364517724495786,-0.383877680276215,-0.383877680276215,-0.358474680179827
5.73714285714286,-0.365036312565462,-0.384013975475731,-0.38401397547573,-0.358757515441343
5.74285714285714,-0.365561550072175,-0.384133013493495,-0.384133013493495,-0.359047184043959
5.74857142857143,-0.366097395466944,-0.384239847519989,-0.384239847519988,-0.359345245246001
5.75428571428572,-0.366599605355474,-0.384295556742455,-0.384295556742454,-0.359656409021347
5.76,-0.367138930129434,-0.384366280743093,-0.384366280743092,-0.359948780117078
5.76571428571429,-0.36766930607739,-0.384411695429254,-0.384411695429254,-0.360253269523093
5.77142857142857,-0.368195607636051,-0.384437939639774,-0.384437939639774,-0.360559752846153
5.77714285714286,-0.368716915362384,-0.384445949834173,-0.384445949834173,-0.360866642637225
5.78285714285714,-0.369231824754543,-0.384436272657817,-0.384436272657818,-0.361172811878136
5.78857142857143,-0.369738855577152,-0.384409430662266,-0.384409430662266,-0.361477247652149
5.79428571428572,-0.370236535815504,-0.384365991613701,-0.384365991613701,-0.361778997165545
5.8,-0.370723428037834,-0.384306585174236,-0.384306585174238,-0.362077155062866
5.80571428571429,-0.37119814004966,-0.384231905140223,-0.384231905140225,-0.362370860068109
5.81142857142857,-0.371659329600839,-0.384142706160153,-0.384142706160155,-0.362659294414429
5.81714285714286,-0.372105705812198,-0.384039797390984,-0.384039797390987,-0.36294168451421
5.82285714285714,-0.372536027721211,-0.383924033486667,-0.38392403348667,-0.363217302891378
5.82857142857143,-0.372949098961974,-0.383796302054559,-0.383796302054563,-0.36348547258663
5.83428571428572,-0.373343755565209,-0.383657504876623,-0.383657504876628,-0.363745577518123
5.84,-0.373718838994728,-0.383508525788439,-0.383508525788444,-0.363997088704583
5.84571428571429,-0.374073131982745,-0.38335016497037,-0.383350164970377,-0.364239638507498
5.85142857142857,-0.374405182025044,-0.38318297195211,-0.383182971952117,-0.364473271258067
5.85714285714286,-0.374712690942161,-0.383006688699046,-0.383006688699054,-0.364699574289056
5.86285714285714,-0.374989433809694,-0.382817493226046,-0.382817493226055,-0.364930523777539
5.86857142857143,-0.375216010239993,-0.382602299926674,-0.382602299926684,-0.365536950189133
5.87428571428572,-0.375595625309732,-0.382539266630866,-0.382539266630876,-0.365338374431655
5.88,-0.375777194572243,-0.382317787255411,-0.382317787255423,-0.365461978121292
5.88571428571429,-0.375959787783169,-0.382119117206543,-0.382119117206555,-0.36561621373676
5.89142857142857,-0.376121731992519,-0.38192453055378,-0.381924530553793,-0.365761352556345
5.89714285714286,-0.376259071463299,-0.381731695354179,-0.381731695354193,-0.36589351278987
5.90285714285714,-0.376370256647808,-0.381540403066181,-0.381540403066195,-0.366011503749692
5.90857142857143,-0.376454369863597,-0.381350923045083,-0.381350923045098,-0.366114604138818
5.91428571428572,-0.376510721631398,-0.381163625477592,-0.381163625477607,-0.366202197288579
5.92,-0.376538720048094,-0.380978856504272,-0.380978856504287,-0.36627367765432
5.92571428571429,-0.37653781653327,-0.380796884022071,-0.380796884022087,-0.366328417030081
5.93142857142857,-0.376507478021787,-0.380617868180559,-0.380617868180575,-0.366365747587843
5.93714285714286,-0.376447169894897,-0.380441842133359,-0.380441842133374,-0.366384950542022
5.94285714285714,-0.376356344037818,-0.380268697900794,-0.380268697900809,-0.366385247015749
5.94857142857143,-0.376234430038541,-0.380098175537712,-0.380098175537727,-0.366365790034559
5.95428571428572,-0.376080829260202,-0.379929855383595,-0.379929855383608,-0.366325657507636
5.96,-0.375894912908647,-0.379763154460751,-0.379763154460765,-0.366263846752308
5.96571428571429,-0.375676027380823,-0.379597330104223,-0.379597330104235,-0.366179272312498
5.97142857142857,-0.375423515153742,-0.379431498557461,-0.379431498557471,-0.366070772040395
5.97714285714286,-0.37513677346893,-0.379264689368301,-0.37926468936831,-0.365937137091701
5.98285714285714,-0.374815419985053,-0.379096000387773,-0.379096000387779,-0.365777224396491
5.98857142857143,-0.374459831470814,-0.378925102969031,-0.378925102969034,-0.365590433030004
5.99428571428571,-0.37407348673093,-0.378754443139999,-0.37875444314,-0.36537956460733
6,-0.373681737838592,-0.378606971068889,-0.378606971068886,-0.365189206431668
