"Freq [GHz]","re(S(1,1)) []","re(S(2,1)) []","re(S(1,2)) []","re(S(2,2)) []"
2,0.451029717794049,0.452913355961594,0.452913355961594,0.44815314914377
2.00571428571429,0.449827695727091,0.453132956751527,0.453132956751526,0.44701608833837
2.01142857142857,0.448577796786441,0.453318394190484,0.453318394190483,0.445834944554487
2.01714285714286,0.447283430777776,0.453468581258402,0.4534685812584,0.444613004259544
2.02285714285714,0.445948070232282,0.453582470929215,0.453582470929212,0.443353607138965
2.02857142857143,0.444575249869312,0.453659070830729,0.453659070830726,0.44206014593498
2.03428571428571,0.443168565700445,0.453697457547616,0.453697457547613,0.440736065955607
2.04,0.441731673701778,0.453696790440064,0.453696790440061,0.439384864180127
2.04571428571429,0.440268287980214,0.453656324849582,0.453656324849579,0.438010087884979
2.05142857142857,0.438782178359023,0.453575424564722,0.453575424564719,0.436615332714425
2.05714285714286,0.437277167310028,0.453453573422302,0.453453573422299,0.435204240121594
2.06285714285714,0.435757126163335,0.453290385925007,0.453290385925002,0.43378049410948
2.06857142857143,0.434225970530931,0.453085616762979,0.453085616762975,0.432347817206142
2.07428571428571,0.432687654888269,0.452839169136762,0.452839169136758,0.430909965616749
2.08,0.431146166267083,0.452551101789599,0.452551101789594,0.429470723503289
2.08571428571429,0.429605517024152,0.452221634670782,0.452221634670778,0.428033896354897
2.09142857142857,0.428069736663573,0.451851153166304,0.451851153166301,0.426603303423825
2.09714285714286,0.426542862704396,0.451440210849587,0.451440210849583,0.425182769216658
2.10285714285714,0.425028930601159,0.450989530722669,0.450989530722665,0.42377611404582
2.10857142857143,0.423531962741007,0.450500004936688,0.450500004936684,0.422387143662533
2.11428571428571,0.422055956558298,0.449972692999514,0.449972692999511,0.421019638009375
2.12,0.420604871824079,0.449408818497435,0.449408818497432,0.419677339147399
2.12571428571429,0.419182617185093,0.448809764376785,0.448809764376782,0.418363938429595
2.13142857142857,0.417793036042405,0.448177066849328,0.448177066849326,0.417083063008279
2.13714285714286,0.416439891875035,0.447512408002449,0.447512408002447,0.415838261779055
2.14285714285714,0.415126853127198,0.446817607210752,0.446817607210751,0.41463299087756
2.14857142857143,0.413857477789409,0.446094611459447,0.446094611459446,0.413470598856636
2.15428571428571,0.412635197813393,0.445345484701834,0.445345484701833,0.412354311681671
2.16,0.411463303507826,0.444572396382601,0.444572396382602,0.411287217688745
2.16571428571429,0.410344928066756,0.443777609265862,0.443777609265863,0.410272252655668
2.17142857142857,0.40928303238486,0.442963466711414,0.442963466711416,0.409312185137928
2.17714285714286,0.408280390313047,0.442132379544668,0.44213237954467,0.408409602221517
2.18285714285714,0.407339574505262,0.441286812665521,0.441286812665524,0.407566895841978
2.18857142857143,0.40646294300154,0.440429271538311,0.440429271538314,0.406786249813524
2.19428571428571,0.405652626685035,0.439562288700176,0.43956228870018,0.406069627704695
2.2,0.404910517740572,0.438688410418018,0.438688410418023,0.405418761687474
2.20571428571429,0.404238259230849,0.437810183615378,0.437810183615384,0.40483514247519
2.21142857142857,0.403637235893228,0.436930143180357,0.436930143180363,0.404320010451699
2.21714285714286,0.403108566245477,0.436050799754006,0.436050799754013,0.403874348079969
2.22285714285714,0.402653096073854,0.435174628086573,0.43517462808658,0.40349887366331
2.22857142857143,0.402271393360578,0.434304056035555,0.434304056035565,0.403194036516445
2.23428571428571,0.401963744692166,0.433441454266789,0.433441454266799,0.402960013587898
2.24,0.40173015317347,0.432589126706203,0.432589126706214,0.402796707559146
2.24571428571429,0.401570337856923,0.431749301777115,0.431749301777126,0.402703746430156
2.25142857142857,0.401483734680884,0.430924124445312,0.430924124445324,0.40268048458608
2.25714285714286,0.401469498897121,0.430115649082661,0.430115649082673,0.402726005325379
2.26285714285714,0.401526508953282,0.429325833148676,0.429325833148689,0.402839124816243
2.26857142857143,0.401653371784572,0.428556531679904,0.428556531679918,0.403018397436079
2.27428571428571,0.401848429457322,0.427809492567837,0.427809492567851,0.403262122437401
2.28,0.402109767097378,0.427086352598496,0.42708635259851,0.403568351874148
2.28571428571429,0.402435222027842,0.426388634220152,0.426388634220167,0.403934899713484
2.29142857142857,0.40282239403354,0.42571774300032,0.425717743000335,0.404359352051325
2.29714285714286,0.403268656663664,0.425074965728806,0.425074965728822,0.404839078343938
2.30285714285714,0.403771169479634,0.424461469120508,0.424461469120524,0.40537124356328
2.30857142857143,0.40432689115188,0.423878299069477,0.423878299069492,0.405952821180767
2.31428571428571,0.40493259330712,0.423326380404601,0.423326380404618,0.406580606881568
2.32,0.405584875026669,0.422806517096997,0.422806517097013,0.407251232910916
2.32571428571429,0.406280177896346,0.422319392869743,0.422319392869759,0.407961182953462
2.33142857142857,0.4070148015091,0.421865572161723,0.42186557216174,0.408706807447879
2.33714285714286,0.407784919323694,0.421445501399281,0.421445501399296,0.409484339240116
2.34285714285714,0.408586594784466,0.421059510531704,0.421059510531719,0.41028990948153
2.34857142857143,0.409415797610752,0.420707814789293,0.420707814789308,0.411119563680602
2.35428571428571,0.410268420167143,0.4203905166257,0.420390516625715,0.41196927782074
2.36,0.411140293826561,0.420107607807972,0.420107607807986,0.412834974460437
2.36571428571429,0.412027205249162,0.419858971625216,0.419858971625232,0.413712538736436
2.37142857142857,0.412924912524927,0.419644385199163,0.419644385199178,0.414597834195071
2.37714285714286,0.41382916107162,0.419463521854025,0.419463521854039,0.415486718381844
2.38285714285714,0.414735699223405,0.419315953528085,0.419315953528098,0.416375058124377
2.38857142857143,0.41564029348026,0.419201153225409,0.419201153225422,0.417258744449006
2.39428571428571,0.416538743348543,0.419118497488175,0.419118497488188,0.41813370707641
2.4,0.417426895720353,0.419067268880336,0.419067268880348,0.418995928447379
2.40571428571429,0.418300658748533,0.41904665847858,0.419046658478592,0.419841457234623
2.41142857142857,0.419156015178876,0.419055768369828,0.419055768369839,0.420666421302481
2.41714285714286,0.419989035105831,0.419093614157383,0.419093614157393,0.421467040081097
2.42285714285714,0.420795888123187,0.419159127481188,0.419159127481198,0.422239636327363
2.42857142857143,0.421572854846459,0.419251158560533,0.419251158560542,0.422980647249832
2.43428571428571,0.422316337788527,0.419368478770305,0.419368478770314,0.423686634979987
2.44,0.423022871575357,0.419509783264476,0.419509783264483,0.424354296377037
2.44571428571429,0.423689132492946,0.419673693662812,0.419673693662819,0.424980472158519
2.45142857142857,0.424311947361594,0.41985876081879,0.419858760818797,0.425562155353171
2.45714285714286,0.42488830173789,0.420063467688625,0.42006346768863,0.42609649907742
2.46285714285714,0.425415347448767,0.420286232322548,0.420286232322553,0.426580823640595
2.46857142857143,0.425890409466275,0.420525411000941,0.420525411000945,0.427012622988272
2.47428571428571,0.426310992134819,0.420779301538417,0.42077930153842,0.427389570496562
2.48,0.426674784766556,0.421046146779718,0.421046146779722,0.427709524133582
2.48571428571429,0.426979666622834,0.421324138311069,0.421324138311073,0.42797053100742
2.49142857142857,0.427223711302878,0.421611420410502,0.421611420410504,0.428170831322282
2.49714285714286,0.427405190562392,0.421906094259649,0.421906094259651,0.428308861766854
2.50285714285714,0.427522577586909,0.422206222438466,0.422206222438467,0.42838325836065
2.50857142857143,0.427574549745694,0.422509833722387,0.422509833722389,0.428392858785133
2.51428571428571,0.427559990852574,0.422814928199216,0.422814928199217,0.428336704227345
2.52,0.427477992960507,0.423119482720309,0.423119482720309,0.428214040763712
2.52571428571429,0.427327857715872,0.423421456697206,0.423421456697207,0.428024320311491
2.53142857142857,0.427109097297796,0.423718798251082,0.423718798251081,0.427767201174129
2.53714285714286,0.42682143496582,0.424009450717957,0.424009450717956,0.427442548205483
2.54285714285714,0.426464805237408,0.4242913595081,0.424291359508099,0.427050432616064
2.54857142857143,0.426039353713615,0.424562479310575,0.424562479310574,0.426591131437853
2.55428571428571,0.425545436568207,0.424820781629918,0.424820781629917,0.426065126664393
2.56,0.424983619711443,0.425064262640549,0.425064262640547,0.425473104088834
2.56571428571429,0.424354677635542,0.425290951326646,0.425290951326644,0.424815951835577
2.57142857142857,0.423659591944113,0.425498917876177,0.425498917876176,0.424094758591834
2.57714285714286,0.422899549562862,0.42568628229094,0.425686282290938,0.423310811540744
2.58285714285714,0.422075940623582,0.425851223165306,0.425851223165304,0.422465593987885
2.58857142857143,0.421190356008285,0.425991986580159,0.425991986580158,0.421560782668889
2.59428571428571,0.420244584534869,0.426106895051877,0.426106895051875,0.420598244720769
2.6,0.419240609760976,0.426194356470179,0.426194356470177,0.419580034294279
2.60571428571429,0.418180606377461,0.426252872952722,0.42625287295272,0.418508388779975
2.61142857142857,0.417066936159193,0.426281049539602,0.4262810495396,0.417385724616024
2.61714285714286,0.415902143436712,0.4262776026466,0.426277602646598,0.416214632642462
2.62285714285714,0.414688950049997,0.426241368192998,0.426241368192997,0.41499787296318
2.62857142857143,0.41343024974325,0.426171309317763,0.426171309317761,0.413738369275381
2.63428571428571,0.412129101959068,0.426066523597094,0.426066523597092,0.412439202624795
2.64,0.410788724990575,0.4259262496772,0.425926249677198,0.411103604545743
2.64571428571429,0.409412488452105,0.425749873238101,0.4257498732381,0.409734949546182
2.65142857142857,0.408003905031415,0.42553693220778,0.425536932207779,0.408336746900908
2.65714285714286,0.406566621491649,0.42528712115151,0.425287121151508,0.406912631720523
2.66285714285714,0.405104408896235,0.425000294767215,0.425000294767215,0.405466355269093
2.66857142857143,0.403621152037825,0.424676470426435,0.424676470426435,0.40400177451073
2.67428571428571,0.402120838060305,0.424315829709307,0.424315829709306,0.402522840873408
2.68,0.400607544272623,0.423918718892896,0.423918718892896,0.401033588227929
2.68571428571429,0.399085425164035,0.423485648363818,0.423485648363818,0.399538120090317
2.69142857142857,0.397558698641408,0.423017290938484,0.423017290938484,0.398040596067275
2.69714285714286,0.396031631521568,0.422514479087477,0.422514479087477,0.396545217576219
2.70285714285714,0.394508524323811,0.421978201073982,0.421978201073982,0.395056212883679
2.70857142857143,0.392993695420283,0.421409596029716,0.421409596029717,0.393577821518301
2.71428571428571,0.391491464614114,0.420809948005138,0.420809948005139,0.392114278126654
2.72,0.390006136227006,0.420180679043639,0.42018067904364,0.390669795852035
2.72571428571429,0.388541981788926,0.419523341341482,0.419523341341483,0.389248549327358
2.73142857142857,0.387103222432641,0.418839608566461,0.418839608566461,0.387854657383091
2.73714285714286,0.385694011104474,0.418131266418228,0.418131266418229,0.386492165580193
2.74285714285714,0.384318414710002,0.417400202521714,0.417400202521715,0.385165028685125
2.74857142857143,0.382980396318975,0.416648395752106,0.416648395752107,0.383877093209702
2.75428571428571,0.381683797557703,0.415877905095226,0.415877905095227,0.382632080142695
2.76,0.380432321318874,0.415090858150487,0.415090858150488,0.381433568001638
2.76571428571429,0.379229514919064,0.414289439385671,0.414289439385672,0.380284976334116
2.77142857142857,0.378078753832226,0.41347587825251,0.413475878252511,0.379189549795349
2.77714285714286,0.376983226123625,0.412652437270515,0.412652437270516,0.37815034292584
2.78285714285714,0.375945917703289,0.411821400182981,0.411821400182982,0.377170205747
2.78857142857143,0.374969598510858,0.410985060284504,0.410985060284504,0.376251770286008
2.79428571428571,0.374056809734959,0.410145709012847,0.410145709012848,0.375397438132228
2.8,0.37320985216045,0.409305624891007,0.409305624891007,0.374609369118053
2.80571428571429,0.372430775725645,0.408467062896778,0.40846706289678,0.37388947120587
2.81142857142857,0.371721370360061,0.407632244328269,0.407632244328269,0.37323939165115
2.81714285714286,0.371083158160288,0.406803347224142,0.406803347224142,0.372660509499295
2.82285714285714,0.370517386949211,0.405982497387603,0.405982497387603,0.372153929460969
2.82857142857143,0.370025025250275,0.405171760053025,0.405171760053025,0.371720477197768
2.83428571428571,0.36960675869579,0.404373132224282,0.404373132224282,0.371360696037103
2.84,0.369262987875665,0.403588535704271,0.403588535704272,0.371074845122444
2.84571428571429,0.368993827620053,0.402819810825579,0.402819810825579,0.37086289899294
2.85142857142857,0.36879910769858,0.402068710883892,0.402068710883892,0.37072454857461
2.85714285714286,0.368678374907097,0.401336897267425,0.401336897267425,0.370659203554496
2.86285714285714,0.368630896503238,0.400625935268474,0.400625935268473,0.370665996098973
2.86857142857143,0.368655664942694,0.399937290556594,0.399937290556593,0.370743785868168
2.87428571428571,0.368751403859987,0.399272326287401,0.399272326287401,0.370891166270407
2.88,0.368916575230254,0.398632300815976,0.398632300815976,0.371106471893143
2.88571428571429,0.369149387642484,0.398018365980217,0.398018365980216,0.371387787040908
2.89142857142857,0.369447805609556,0.397431565916157,0.397431565916157,0.371732955305425
2.89714285714286,0.36980955983616,0.396872836365257,0.396872836365256,0.372139590089052
2.90285714285714,0.370232158362823,0.396343004432146,0.396343004432145,0.372605085999529
2.90857142857143,0.370712898501687,0.395842788750499,0.395842788750499,0.37312663103157
2.91428571428571,0.371248879478755,0.395372800014962,0.395372800014961,0.373701219449738
2.92,0.371837015696472,0.394933541837338,0.394933541837337,0.374325665286229
2.92571428571429,0.372474050530789,0.394525411886579,0.394525411886578,0.374996616367459
2.93142857142857,0.373156570577948,0.394148703273717,0.394148703273716,0.375710568784155
2.93714285714286,0.373881020267386,0.393803606144851,0.393803606144849,0.376463881721133
2.94285714285714,0.374643716759364,0.39349020944774,0.393490209447739,0.377252792564818
2.94857142857143,0.375440865048472,0.39320850284025,0.39320850284025,0.378073432209152
2.95428571428571,0.376268573196833,0.392958378711783,0.392958378711782,0.378921840483265
2.96,0.377122867624263,0.392739634291886,0.392739634291886,0.379793981627595
2.96571428571429,0.377999708386109,0.392551973823524,0.392551973823523,0.380685759748508
2.97142857142857,0.378895004373244,0.392395010781729,0.392395010781729,0.381593034185429
2.97714285714286,0.379804628372652,0.39226827012169,0.39226827012169,0.382511634728224
2.98285714285714,0.380724431931212,0.392171190543729,0.392171190543728,0.38343737662686
2.98857142857143,0.381650259969503,0.392103126765818,0.392103126765817,0.384366075339422
2.99428571428571,0.382577965096776,0.392063351797731,0.392063351797732,0.385293560969139
3,0.38350342158259,0.392051059213876,0.392051059213876,0.386215692345219
3.00571428571429,0.384422538945067,0.392065365425065,0.392065365425064,0.387128370706766
3.01142857142857,0.385331275120065,0.392105311952393,0.392105311952393,0.388027552953609
3.01714285714286,0.386225649180046,0.392169867709178,0.392169867709178,0.388909264432046
3.02285714285714,0.387101753575524,0.392257931299486,0.392257931299487,0.389769611228043
3.02857142857143,0.387955765876589,0.392368333344349,0.392368333344349,0.390604791944624
3.03428571428571,0.388783959995759,0.392499838848885,0.392499838848885,0.391411108944438
3.04,0.389582716877859,0.39265114962567,0.392651149625669,0.392184979042543
3.04571428571429,0.390348534646194,0.392820906791426,0.392820906791427,0.392922943638421
3.05142857142857,0.391078038198319,0.393007693355713,0.393007693355712,0.393621678280054
3.05714285714286,0.391767988248023,0.393210036921486,0.393210036921487,0.394278001656482
3.06285714285714,0.392415289813684,0.393426412518482,0.393426412518483,0.394888884018694
3.06857142857143,0.393017000156109,0.393655245590883,0.393655245590884,0.395451455031769
3.07428571428571,0.39357033617188,0.393894915161201,0.393894915161202,0.395963011064235
3.08,0.394072681250702,0.39414375719219,0.394143757192191,0.396421021923095
3.08571428571429,0.394521591607439,0.394400068168134,0.394400068168135,0.396823137045163
3.09142857142857,0.394914802101369,0.394662108916106,0.394662108916107,0.397167191157437
3.09714285714286,0.395250231556592,0.394928108686484,0.394928108686484,0.397451209420539
3.10285714285714,0.39552598759854,0.395196269510299,0.3951962695103,0.397673412070513
3.10857142857143,0.395740371022132,0.395464770848851,0.395464770848851,0.397832218574739
3.11428571428571,0.395891879707007,0.395731774548234,0.395731774548235,0.397926251318004
3.12,0.39597921209538,0.395995430108608,0.395995430108609,0.397954338834451
3.12571428571429,0.396001270246465,0.39625388027402,0.396253880274021,0.39791551860023
3.13142857142857,0.395957162480682,0.396505266944848,0.396505266944849,0.397809039400508
3.13714285714286,0.39584620562464,0.396747737410261,0.396747737410262,0.397634363282529
3.14285714285714,0.3956679268656,0.39697945089305,0.39697945089305,0.397391167104279
3.14857142857143,0.395422065221357,0.397198585394028,0.397198585394028,0.397079343685484
3.15428571428571,0.395108572628378,0.39740334481734,0.39740334481734,0.396699002564533
3.16,0.39472761464718,0.397591966352144,0.397591966352145,0.39625047036145
3.16571428571429,0.394279570780402,0.397762728079956,0.397762728079957,0.39573429074322
3.17142857142857,0.393765034394744,0.397913956770613,0.397913956770614,0.395151223983452
3.17714285714286,0.393184812233652,0.398044035823689,0.39804403582369,0.394502246104825
3.18285714285714,0.392539923503816,0.398151413305885,0.398151413305885,0.393788547587695
3.18857142857143,0.391831598513714,0.398234610029036,0.398234610029036,0.39301153162485
3.19428571428571,0.391061276839147,0.398292227607798,0.398292227607797,0.392172811897939
3.2,0.390230604986679,0.398322956431065,0.398322956431065,0.391274209847772
3.20571428571429,0.38934143352288,0.398325583476643,0.398325583476642,0.390317751407467
3.21142857142857,0.388395813634897,0.398298999895163,0.398298999895163,0.389305663164743
3.21714285714286,0.387395993085609,0.398242208286294,0.398242208286294,0.388240367917871
3.22285714285714,0.386344411526292,0.398154329588932,0.398154329588932,0.387124479589113
3.22857142857143,0.385243695129223,0.398034609506157,0.398034609506157,0.385960797458835
3.23428571428571,0.384096650504011,0.397882424386627,0.397882424386627,0.38475229968511
3.24,0.382906257863573,0.397697286486115,0.397697286486114,0.383502136075548
3.24571428571429,0.381675663409151,0.397478848536046,0.397478848536045,0.382213620081277
3.25142857142857,0.380408170908262,0.397226907550889,0.397226907550889,0.380890219988035
3.25714285714286,0.379107232445505,0.396941407812088,0.396941407812088,0.379535549284556
3.26285714285714,0.377776438333036,0.396622442973836,0.396622442973835,0.378153356195904
3.26857142857143,0.376419506175545,0.39627025724432,0.39627025724432,0.376747512376922
3.27428571428571,0.375040269093851,0.395885245606039,0.395885245606039,0.375322000770519
3.28,0.373642663121038,0.395467953049243,0.395467953049243,0.373880902644931
3.28571428571429,0.372230713795466,0.395019072803942,0.395019072803942,0.372428383834975
3.29142857142857,0.370808521986543,0.394539443567975,0.394539443567974,0.370968680222969
3.29714285714286,0.36938024899983,0.3940300457408,0.3940300457408,0.369506082506777
3.30285714285714,0.367950101019889,0.393491996685075,0.393491996685075,0.368044920313259
3.30857142857143,0.366522312960209,0.3929265450502,0.392926545050201,0.366589545726633
3.31428571428571,0.365101131799998,0.392335064203868,0.392335064203868,0.365144316312174
3.32,0.363690799497772,0.391719044828622,0.391719044828623,0.363713577725041
3.32571428571429,0.362295535580482,0.391080086750674,0.391080086750675,0.362301646003362
3.33142857142857,0.360919519514925,0.390419890077593,0.390419890077594,0.360912789652526
3.33714285714286,0.359566872974016,0.389740245728699,0.3897402457287,0.359551211633762
3.34285714285714,0.358241642116394,0.389043025449175,0.389043025449176,0.358221031375472
3.34857142857143,0.35694778000023,0.388330171403168,0.388330171403168,0.356926266928864
3.35428571428571,0.35568912925432,0.387603685444719,0.38760368544472,0.355670817391248
3.36,0.354469405129207,0.386865618166942,0.386865618166943,0.354458445720219
3.36571428571429,0.35329217904933,0.386118057829911,0.386118057829912,0.353292762060439
3.37142857142857,0.352160862783632,0.385363119265951,0.385363119265953,0.352177207700719
3.37714285714286,0.351078693347006,0.384602932858313,0.384602932858315,0.351115039774864
3.38285714285714,0.350048718738423,0.383839633684448,0.38383963368445,0.350109316812474
3.38857142857143,0.349073784613522,0.383075350909541,0.383075350909543,0.349162885238438
3.39428571428571,0.348156521980549,0.382312197509396,0.382312197509397,0.348278366910978
3.4,0.347299335998497,0.381552260393807,0.381552260393809,0.347458147777479
3.40571428571429,0.346504395945219,0.380797590993575,0.380797590993577,0.346704367717465
3.41142857142857,0.345773626412416,0.380050196365402,0.380050196365404,0.346018911630038
3.41714285714286,0.345108699772299,0.379312030859732,0.379312030859734,0.345403401811681
3.42285714285714,0.344511029949049,0.378584988387657,0.37858498838766,0.344859191658756
3.42857142857143,0.343981767516557,0.377870895313671,0.377870895313673,0.344387360716728
3.43428571428571,0.343521796131979,0.377171503992274,0.377171503992277,0.343988711087128
3.44,0.343131730304164,0.376488486958087,0.376488486958089,0.343663765191724
3.44571428571429,0.342811914484678,0.375823431770962,0.375823431770964,0.34341276488306
3.45142857142857,0.342562423459808,0.375177836510347,0.375177836510349,0.34323567188016
3.45714285714286,0.342383064012395,0.374553105906543,0.374553105906545,0.343132169499448
3.46285714285714,0.342273377814235,0.373950548090569,0.373950548090571,0.343101665642093
3.46857142857143,0.342232645502118,0.373371371939249,0.373371371939251,0.343143296991843
3.47428571428571,0.342259891884289,0.372816684987839,0.372816684987841,0.34325593437032
3.48,0.342353892218391,0.372287491879339,0.372287491879341,0.343438189191892
3.48571428571429,0.342513179497095,0.371784693316377,0.371784693316378,0.343688420954305
3.49142857142857,0.342736052674268,0.371309085480353,0.371309085480354,0.344004745698484
3.49714285714286,0.343020585761214,0.370861359880952,0.370861359880953,0.3443850453673
3.50285714285714,0.343364637720703,0.37044210359873,0.370442103598731,0.344826977990923
3.50857142857143,0.343765863084967,0.370051799883673,0.370051799883674,0.345327988625271
3.51428571428571,0.344221723223517,0.369690829073308,0.369690829073308,0.345885320968951
3.52,0.344729498186402,0.369359469795049,0.36935946979505,0.346496029584348
3.52571428571429,0.345286299049163,0.369057900419058,0.369057900419059,0.34715699264877
3.53142857142857,0.345889080687352,0.368786200730067,0.368786200730067,0.347864925162749
3.53714285714286,0.346534654909137,0.368544353788311,0.36854435378831,0.34861639254389
3.54285714285714,0.347219703877492,0.368332247952861,0.36833224795286,0.349407824536803
3.54857142857143,0.347940793755141,0.368149679042662,0.368149679042661,0.35023552937144
3.55428571428571,0.34869438850804,0.367996352613538,0.367996352613536,0.351095708104962
3.56,0.349476863806434,0.367871886332384,0.367871886332381,0.351984469084843
3.56571428571429,0.350284520964804,0.367775812432073,0.367775812432072,0.352897842473597
3.57142857142857,0.351113600865711,0.367707580233883,0.367707580233881,0.353831794778856
3.57714285714286,0.35196029781545,0.367666558726583,0.36766655872658,0.354782243335347
3.58285714285714,0.352820773282583,0.367652039193914,0.367652039193911,0.355745070688398
3.58857142857143,0.353691169474083,0.367663237885018,0.367663237885015,0.356716138832284
3.59428571428571,0.354567622706558,0.367699298724102,0.367699298724099,0.357691303259215
3.6,0.355446276533734,0.367759296058232,0.367759296058229,0.358666426778463
3.60571428571429,0.356323294594492,0.367842237444036,0.367842237444033,0.359637393068187
3.61142857142857,0.357194873148541,0.367947066475522,0.367947066475518,0.360600119925379
3.61714285714286,0.358057253270518,0.368072665657206,0.368072665657202,0.361550572182578
3.62285714285714,0.358906732675749,0.368217859327756,0.368217859327752,0.362484774262846
3.62857142857143,0.359739677154143,0.368381416640718,0.368381416640714,0.363398822347589
3.63428571428571,0.360552531591278,0.368562054609443,0.368562054609439,0.364288896134008
3.64,0.36134183055859,0.368758441224416,0.368758441224412,0.36515127016233
3.64571428571429,0.362104208456965,0.368969198651246,0.368969198651242,0.365982324694867
3.65142857142857,0.362836409200589,0.369192906518002,0.369192906517997,0.366778556131704
3.65714285714286,0.363535295430067,0.369428105300494,0.36942810530049,0.36753658695003
3.66285714285714,0.364197857246081,0.369673299813842,0.36967329981384,0.368253175156034
3.66857142857143,0.364821220456687,0.369926962818261,0.369926962818257,0.368925223240655
3.67428571428571,0.365402654333387,0.370187538746308,0.370187538746305,0.369549786631861
3.68,0.365939578872537,0.370453447557998,0.370453447557994,0.370124081638182
3.68571428571429,0.366429571560411,0.370723088729187,0.370723088729185,0.37064549287957
3.69142857142857,0.366870373641157,0.370994845377144,0.370994845377142,0.371111580202835
3.69714285714286,0.367259895888776,0.371267088526389,0.371267088526387,0.371520085080591
3.70285714285714,0.367596223884312,0.371538181515617,0.371538181515616,0.371868936493009
3.70857142857143,0.367877622801048,0.371806484545469,0.371806484545468,0.372156256293135
3.71428571428571,0.368102541700752,0.372070359364748,0.372070359364747,0.372380364056792
3.72,0.368269617344588,0.372328174090959,0.372328174090958,0.372539781418899
3.72571428571429,0.368377677522737,0.372578308159007,0.372578308159007,0.372633235898199
3.73142857142857,0.36842574390684,0.372819157390001,0.372819157390001,0.372659664212902
3.73714285714286,0.368413034429447,0.373049139169813,0.373049139169814,0.372618215089437
3.74285714285714,0.368338965194702,0.373266697725486,0.373266697725488,0.372508251567127
3.74857142857143,0.368203151924211,0.373470309485056,0.373470309485058,0.372329352800703
3.75428571428571,0.368005410941631,0.37365848850482,0.373658488504823,0.372081315363129
3.76,0.367745759699555,0.373829791946085,0.373829791946088,0.3717641540503
3.76571428571429,0.367424416851419,0.373982825581739,0.373982825581743,0.371378102189421
3.77142857142857,0.367041801871188,0.374116249311522,0.374116249311525,0.370923611452048
3.77714285714286,0.366598534222543,0.374228782663179,0.374228782663184,0.370401351172704
3.78285714285714,0.36609543207969,0.374319210256065,0.374319210256069,0.369812207173747
3.78857142857143,0.365533510600711,0.374386387202139,0.374386387202142,0.369157280096544
3.79428571428571,0.364913979754718,0.374429244419111,0.374429244419116,0.368437883239185
3.8,0.364238241703411,0.374446793829786,0.374446793829791,0.367655539900773
3.80571428571429,0.363507887737914,0.37443813342149,0.374438133421495,0.366811980232203
3.81142857142857,0.362724694771552,0.374402452139656,0.374402452139661,0.365909137593705
3.81714285714286,0.361890621389401,0.374339034589798,0.374339034589802,0.364949144419631
3.82285714285714,0.361007803456126,0.374247265523086,0.374247265523091,0.363934327591654
3.82857142857143,0.360078549283643,0.374126634081153,0.374126634081157,0.362867203321861
3.83428571428571,0.359105334361351,0.373976737777336,0.37397673777734,0.36175047154854
3.84,0.358090795652076,0.373797286192482,0.373797286192486,0.360587009848014
3.84571428571429,0.357037725458461,0.373588104365418,0.373588104365422,0.3593798668677
3.85142857142857,0.355949064865118,0.373349135859248,0.373349135859251,0.35813225528622
3.85714285714286,0.354827896763876,0.373080445487079,0.373080445487081,0.356847544308663
3.86285714285714,0.353677438470428,0.372782221682052,0.372782221682054,0.355529251706306
3.86857142857143,0.352501033942613,0.372454778498706,0.372454778498707,0.354181035411958
3.87428571428571,0.351302145612118,0.372098557234487,0.372098557234487,0.352806684684188
3.88,0.350084345843078,0.371714127661888,0.371714127661886,0.35141011085531
3.88571428571429,0.348851308032955,0.371302188863388,0.371302188863386,0.349995337680069
3.89142857142857,0.347606797372628,0.370863569662948,0.370863569662946,0.348566491304006
3.89714285714286,0.34635466128449,0.370399228648831,0.370399228648828,0.347127789871818
3.90285714285714,0.34509881955862,0.369910253783838,0.369910253783834,0.345683532798609
3.90857142857143,0.343843254209078,0.369397861599752,0.369397861599746,0.344238089727651
3.91428571428571,0.342591999073197,0.368863395973218,0.368863395973212,0.342795889200343
3.92,0.341349129178165,0.368308326480718,0.36830832648071,0.341361407065194
3.92571428571429,0.340118749900098,0.367734246330034,0.367734246330026,0.339939154653546
3.93142857142857,0.338904985941615,0.367142869865581,0.367142869865572,0.338533666750841
3.93714285714286,0.337711970154318,0.366536029644168,0.36653602964416,0.337149489392752
3.94285714285714,0.336543832233171,0.365915673077234,0.365915673077224,0.335791167515871
3.94857142857143,0.335404687309443,0.365283858634458,0.365283858634449,0.334463232492906
3.95428571428571,0.334298624469459,0.364642751602964,0.364642751602954,0.333170189582224
3.96,0.333229695225478,0.36399461939481,0.3639946193948,0.331916505321234
3.96571428571429,0.332201901964898,0.363341826394845,0.363341826394836,0.330706594893047
3.97142857142857,0.331219186403513,0.362686828339645,0.362686828339637,0.329544809494588
3.97714285714286,0.330285418067743,0.362032166217893,0.362032166217885,0.328435423734562
3.98285714285714,0.329404382829992,0.361380459681585,0.361380459681579,0.327382623088141
3.98857142857143,0.328579771520657,0.360734399957446,0.360734399957441,0.326390491434688
3.99428571428571,0.327815168639725,0.360096742248352,0.36009674224835,0.325462998704372
4,0.327114041189569,0.359470297614588,0.359470297614588,0.324603988658105
4.00571428571429,0.326431004742357,0.358838093761579,0.358838093761578,0.323770777979916
4.01142857142857,0.325799777356077,0.358210277873611,0.358210277873611,0.322995521711125
4.01714285714286,0.325222658489426,0.357589298958445,0.357589298958444,0.322280916963748
4.02285714285714,0.324701611690476,0.356977453026749,0.356977453026749,0.321629313272739
4.02857142857143,0.324238266726158,0.356376883098061,0.356376883098061,0.321042713654272
4.03428571428571,0.32383392303124,0.355789579877006,0.355789579877005,0.320522777014714
4.04,0.323489554404798,0.355217383042447,0.355217383042446,0.32007082184016
4.04571428571429,0.323205814878672,0.354661983090977,0.354661983090977,0.319687831093701
4.05142857142857,0.322983045680022,0.354124923675051,0.354124923675051,0.319374458244056
4.05714285714286,0.322821283208519,0.353607604376717,0.353607604376718,0.319131034348615
4.06285714285714,0.32272026794801,0.353111283858455,0.353111283858456,0.318957576112306
4.06857142857143,0.322679454232523,0.352637083334456,0.352637083334455,0.318853794844187
4.07428571428571,0.32269802078698,0.352185990307589,0.352185990307589,0.318819106233819
4.08,0.322774881964285,0.351758862520203,0.351758862520203,0.318852640870987
4.08571428571429,0.322908699602232,0.351356432069837,0.351356432069836,0.318953255433672
4.09142857142857,0.323097895425112,0.350979309643932,0.350979309643932,0.319119544471029
4.09714285714286,0.323340663918028,0.350627988831753,0.350627988831751,0.319349852710667
4.10285714285714,0.323634985603742,0.350302850474907,0.350302850474907,0.319642287821801
4.10857142857143,0.323978640655076,0.350004167021972,0.350004167021972,0.319994733568517
4.11428571428571,0.324369222778689,0.349732106856552,0.349732106856551,0.320404863290318
4.12,0.324804153308724,0.349486738571712,0.349486738571709,0.320870153649789
4.12571428571429,0.325280695452312,0.349268035167983,0.34926803516798,0.32138789859046
4.13142857142857,0.3257959686317,0.349075878155407,0.349075878155406,0.321955223450426
4.13714285714286,0.326346962870663,0.348910061543987,0.348910061543985,0.322569099180774
4.14285714285714,0.32693055317646,0.348770295710415,0.348770295710413,0.323226356620323
4.14857142857143,0.327543513870939,0.348656211132079,0.348656211132077,0.323923700781292
4.15428571428571,0.328182532827881,0.348567361982855,0.348567361982854,0.324657725103356
4.16,0.328844225576213,0.348503229587843,0.348503229587843,0.325424925636179
4.16571428571429,0.329525149231998,0.348463225737415,0.348463225737412,0.326221715113314
4.17142857142857,0.330221816224487,0.348446695863299,0.348446695863298,0.327044436883116
4.17714285714286,0.330930707784467,0.34845292208199,0.34845292208199,0.327889378664626
4.18285714285714,0.331648287165911,0.348481126113088,0.348481126113085,0.328752786099155
4.18857142857143,0.332371012574412,0.348530472082205,0.348530472082203,0.329630876070684
4.19428571428571,0.333095349778285,0.348600069219842,0.34860006921984,0.330519849770416
4.2,0.333817784381294,0.348688974469696,0.348688974469695,0.331415905483502
4.20571428571429,0.334534833737433,0.348796195020719,0.348796195020716,0.332315251077644
4.21142857142857,0.335243058491473,0.348920690779315,0.348920690779314,0.333214116176188
4.21714285714286,0.335939073730664,0.349061376798492,0.349061376798492,0.334108763999619
4.22285714285714,0.336619559735307,0.349217125682165,0.349217125682164,0.334995502862121
4.22857142857143,0.33728127231801,0.349386769983161,0.34938676998316,0.335870697311243
4.23428571428571,0.337921052743451,0.349569104614283,0.349569104614282,0.33673077890091
4.24,0.338535837222319,0.349762889291773,0.349762889291774,0.337572256589455
4.24571428571429,0.339122665974718,0.349966851030827,0.349966851030825,0.33839172675625
4.25142857142857,0.339678691860175,0.350179686712482,0.35017968671248,0.339185882831777
4.25714285714286,0.340201188572656,0.350400065740926,0.350400065740925,0.339951524537398
4.26285714285714,0.340687558400309,0.35062663280949,0.35062663280949,0.340685566732215
4.26857142857143,0.341135339550993,0.350858010792915,0.350858010792915,0.341385047865464
4.27428571428571,0.341542213045024,0.351092803782099,0.351092803782097,0.342047138033756
4.28,0.34190600917804,0.351329600276389,0.35132960027639,0.342669146642922
4.28571428571429,0.342224713556681,0.351566976546513,0.351566976546515,0.343248529674621
4.29142857142857,0.342496472710423,0.351803500179636,0.351803500179637,0.343782896558311
4.29714285714286,0.342719599282712,0.352037733815544,0.352037733815546,0.344270016648793
4.30285714285714,0.342892576804552,0.352268239080648,0.352268239080648,0.344707825309165
4.30857142857143,0.343014064052636,0.352493580723606,0.352493580723608,0.345094429598839
4.31428571428571,0.3430828989942,0.352712330953621,0.352712330953624,0.345428113564952
4.32,0.343098102318772,0.352923073978887,0.352923073978891,0.345707343134756
4.32571428571429,0.343058880556554,0.353124410739526,0.353124410739528,0.345930770605032
4.33142857142857,0.342964628781165,0.353314963825518,0.353314963825519,0.346097238723139
4.33714285714286,0.342814932893038,0.35349338256645,0.353493382566454,0.346205784352514
4.34285714285714,0.342609571477687,0.353658348275876,0.353658348275877,0.346255641713502
4.34857142857143,0.342348517231303,0.353808579629145,0.353808579629146,0.346246245188261
4.35428571428571,0.342031937943862,0.353942838149669,0.353942838149672,0.346177231676586
4.36,0.341660197027675,0.354059933774241,0.354059933774242,0.346048442486802
4.36571428571429,0.341233853577668,0.354158730464702,0.354158730464704,0.345859924744323
4.37142857142857,0.340753661946837,0.354238151828995,0.354238151828997,0.345611932297859
4.37714285714286,0.34022057081929,0.354297186711609,0.354297186711611,0.345304926101593
4.38285714285714,0.339635721760873,0.354334894709958,0.35433489470996,0.344939574049721
4.38857142857143,0.339000447226522,0.354350411570821,0.354350411570825,0.344516750238621
4.39428571428572,0.338316268002016,0.354342954418383,0.354342954418388,0.344037533630594
4.4,0.337584890057595,0.354311826763857,0.354311826763859,0.343503206092505
4.40571428571429,0.336808200790582,0.354256423245611,0.354256423245615,0.342915249782957
4.41142857142857,0.335988264634831,0.354176234048211,0.354176234048212,0.342275343861687
4.41714285714286,0.335127318015773,0.354070848949072,0.354070848949073,0.341585360496419
4.42285714285714,0.33422776363183,0.353939960942545,0.353939960942547,0.340847360143943
4.42857142857143,0.33329216404548,0.353783369393243,0.353783369393245,0.340063586085184
4.43428571428572,0.332323234570348,0.353600982672878,0.353600982672879,0.339236458197084
4.44,0.33132383544493,0.353392820238612,0.353392820238614,0.338368565948296
4.44571428571429,0.330296963288186,0.353159014115186,0.353159014115188,0.337462660610707
4.45142857142857,0.329245741837468,0.352899809747988,0.352899809747989,0.33652164668417
4.45714285714286,0.328173411975577,0.352615566200261,0.352615566200263,0.335548572538196
4.46285714285714,0.327083321060283,0.352306755673884,0.352306755673885,0.334546620281093
4.46857142857143,0.325978911576169,0.351973962339863,0.351973962339864,0.333519094874268
4.47428571428572,0.324863709136945,0.351617880472506,0.351617880472508,0.332469412517333
4.48,0.323741309873259,0.351239311888343,0.351239311888344,0.331401088337145
4.48571428571429,0.322615367248995,0.350839162698921,0.350839162698921,0.330317723422337
4.49142857142857,0.321489578356939,0.350418439394487,0.350418439394487,0.329222991252768
4.49714285714286,0.320367669751719,0.349978244282931,0.349978244282931,0.328120623580873
4.50285714285714,0.319253382885503,0.349519770316254,0.349519770316254,0.327014395829911
4.50857142857143,0.318150459218104,0.349044295343409,0.349044295343408,0.325908112080499
4.51428571428572,0.317062625079572,0.348553175835177,0.348553175835177,0.324805589723484
4.52,0.31599357636809,0.348047840132438,0.348047840132438,0.323710643862817
4.52571428571429,0.314946963170767,0.347529781274345,0.347529781274344,0.322627071556554
4.53142857142857,0.313926374397962,0.347000549467044,0.347000549467044,0.32155863598786
4.53714285714286,0.31293532252391,0.346461744256977,0.346461744256976,0.320509050660786
4.54285714285714,0.311977228528219,0.345915006475103,0.345915006475102,0.319481963716545
4.54857142857143,0.311055407132073,0.345362010019773,0.345362010019772,0.318480942466967
4.55428571428572,0.310173052422303,0.344804453546137,0.344804453546136,0.317509458240444
4.56,0.309333223954301,0.344244052129662,0.344244052129661,0.316570871634112
4.56571428571429,0.308538833420935,0.343682528969323,0.343682528969323,0.315668418262706
4.57142857142857,0.307792631971017,0.343121607193985,0.343121607193984,0.314805195090475
4.57714285714286,0.30709719825486,0.342563001831859,0.342563001831857,0.313984147427543
4.58285714285714,0.306454927268874,0.342008411999136,0.342008411999136,0.313208056666063
4.58857142857143,0.305868020064187,0.341459513359259,0.341459513359257,0.312479528824936
4.59428571428572,0.30533847437666,0.340917950898998,0.340917950898999,0.31180098396454
4.6,0.304868076228008,0.340385332062269,0.340385332062266,0.311174646525295
4.60571428571429,0.304458392539647,0.339863220276623,0.339863220276621,0.310602536635457
4.61142857142857,0.304110764791918,0.339353128901384,0.339353128901384,0.310086462425595
4.61714285714286,0.303826303753716,0.338856515620698,0.338856515620697,0.309628013378546
4.62285714285714,0.303605885298219,0.338374777298424,0.338374777298423,0.309228554735399
4.62857142857143,0.303450147312953,0.337909245306388,0.337909245306385,0.308889222969751
4.63428571428572,0.303359487703853,0.337461181331707,0.337461181331706,0.308610922334543
4.64,0.303334063485724,0.337031773663938,0.337031773663934,0.308394322478339
4.64571428571429,0.303373790944238,0.336622133957769,0.336622133957771,0.308239857120393
4.65142857142857,0.303478346847701,0.33623329446271,0.336233294462711,0.308147723767553
4.65714285714286,0.30364717068112,0.335866205707286,0.335866205707284,0.308117884449563
4.66285714285714,0.303879467869041,0.335521734621822,0.335521734621821,0.308150067444045
4.66857142857143,0.304174213949242,0.335200663080982,0.335200663080981,0.308243769957125
4.67428571428572,0.304530159654454,0.334903686844937,0.334903686844936,0.30839826172181
4.68,0.304945836856124,0.334631414875925,0.334631414875922,0.308612589471757
4.68571428571429,0.305419565320804,0.334384369005961,0.334384369005963,0.308885582245767
4.69142857142857,0.305949460227254,0.334162983930141,0.33416298393014,0.309215857475044
4.69714285714286,0.306533440390679,0.333967607499821,0.333967607499819,0.309601827803602
4.70285714285714,0.30716923713871,0.333798501289726,0.333798501289728,0.310041708590684
4.70857142857143,0.307854403783218,0.333655841413483,0.333655841413483,0.310533526042967
4.71428571428572,0.308586325631262,0.333539719562625,0.333539719562622,0.311075125923855
4.72,0.309362230478684,0.333450144245083,0.333450144245083,0.311664182786862
4.72571428571429,0.310179199530145,0.333387042200574,0.333387042200575,0.31229820968062
4.73142857142857,0.311034178689934,0.333350259971341,0.333350259971339,0.312974568273236
4.73714285714286,0.31192399016916,0.333339565608714,0.333339565608712,0.313690479344891
4.74285714285714,0.312845344355908,0.333354650497372,0.333354650497373,0.314443033598389
4.74857142857143,0.313794851896565,0.333395131281211,0.333395131281207,0.315229202738976
4.75428571428572,0.314769035938118,0.33346055187656,0.333460551876559,0.316045850776099
4.76,0.31576434448324,0.333550385560374,0.333550385560372,0.316889745501117
4.76571428571429,0.316777162811569,0.33366403712321,0.333664037123208,0.317757570097714
4.77142857142857,0.317803825923099,0.333800845078323,0.333800845078322,0.318645934842212
4.77714285714286,0.318840630961372,0.333960083920641,0.333960083920641,0.319551388854461
4.78285714285714,0.319883849576595,0.334140966430714,0.334140966430713,0.320470431860711
4.78857142857143,0.320929740191063,0.334342646020866,0.33434264602086,0.321399525932721
4.79428571428572,0.32197456013133,0.334564219122245,0.334564219122247,0.322335107169066
4.8,0.323014577594015,0.334804727613141,0.334804727613141,0.323273597286841
4.80571428571429,0.324046083414585,0.335063161290289,0.335063161290288,0.324211415093759
4.81142857142857,0.325065402610134,0.335338460386281,0.335338460386278,0.325144987813028
4.81714285714286,0.32606890567005,0.335629518137253,0.335629518137251,0.326070762234917
4.82285714285714,0.327053019570253,0.335935183406304,0.335935183406303,0.32698521567151
4.82857142857143,0.328014238488675,0.336254263368439,0.336254263368439,0.327884866692211
4.83428571428572,0.328949134202185,0.33658552626415,0.336585526264151,0.328766285620058
4.84,0.32985436614659,0.336927704228867,0.336927704228867,0.329626104770439
4.84571428571429,0.330726691123393,0.337279496205755,0.337279496205755,0.330461028415078
4.85142857142857,0.331562972638825,0.337639570949858,0.337639570949858,0.331267842456253
4.85714285714286,0.332360189862316,0.338006570131282,0.338006570131283,0.332043423797239
4.86285714285714,0.333115446192597,0.338379111544757,0.338379111544758,0.33278474939642
4.86857142857143,0.3338259774219,0.338755792432756,0.338755792432755,0.333488904993477
4.87428571428572,0.334489159488922,0.339135192928456,0.339135192928456,0.33415309349745
4.88,0.335102515813047,0.339515879624055,0.339515879624054,0.334774643026883
4.88571428571429,0.33566372420267,0.339896409268728,0.339896409268728,0.335351014593257
4.89142857142857,0.336170623331737,0.340275332599537,0.340275332599538,0.33587980941929
4.89714285714286,0.336621218778433,0.340651198306679,0.340651198306679,0.336358775884132
4.90285714285714,0.337013688621043,0.341022557133129,0.341022557133128,0.336785816087568
4.90857142857143,0.337346388585634,0.341387966106615,0.341387966106616,0.337158992025288
4.91428571428572,0.337617856740463,0.341745992899921,0.341745992899921,0.337476531367352
4.92,0.337826817731799,0.342095220313223,0.342095220313222,0.337736832831287
4.92571428571429,0.337972186555363,0.34243425086975,0.342434250869751,0.33793847114094
4.93142857142857,0.338053071857371,0.342761711513688,0.342761711513688,0.338080201561483
4.93714285714286,0.338068778758128,0.343076258396484,0.343076258396484,0.33816096400031
4.94285714285714,0.338018811190886,0.343376581735181,0.343376581735181,0.338179886662308
4.94857142857143,0.337902873747349,0.343661410723661,0.343661410723661,0.338136289247495
4.95428571428572,0.337720873020627,0.343929518474881,0.343929518474881,0.338029685677474
4.96,0.337472918435562,0.344179726969893,0.344179726969893,0.337859786336662
4.96571428571429,0.337159322555232,0.344410911986388,0.344410911986387,0.337626499812569
4.97142857142857,0.336780600851934,0.344622007977592,0.344622007977592,0.337329934119063
4.97714285714286,0.336337470929938,0.344812012869903,0.344812012869902,0.336970397385466
4.98285714285714,0.335830851186942,0.344979992745617,0.344979992745618,0.336548397993476
4.98857142857143,0.335261858900927,0.345125086375777,0.345125086375777,0.336064644143779
4.99428571428571,0.334631807728611,0.345246509566467,0.345246509566467,0.335520042833909
5,0.333942204602404,0.345343559281258,0.345343559281257,0.334915698228825
5.00571428571429,0.333194746012904,0.34541561750187,0.345415617501869,0.334252909406568
5.01142857142857,0.332391313665344,0.345462154789294,0.345462154789293,0.333533167461839
5.01714285714286,0.331533969499186,0.345482733507843,0.345482733507842,0.332758151951938
5.02285714285714,0.3306249500626,0.345477010676038,0.345477010676038,0.331929726671187
5.02857142857143,0.329666660235144,0.345444740409498,0.345444740409498,0.331049934742228
5.03428571428571,0.32866166629519,0.345385775923368,0.345385775923367,0.330120993015509
5.04,0.327612688331633,0.345300071064431,0.34530007106443,0.329145285771342
5.04571428571429,0.326522592003362,0.345187681346456,0.345187681346455,0.328125357723001
5.05142857142857,0.325394379653804,0.345048764465857,0.345048764465856,0.327063906323239
5.05714285714286,0.324231180792559,0.344883580279199,0.344883580279199,0.325963773381707
5.06285714285714,0.323036241961209,0.344692490228651,0.34469249022865,0.324827936005479
5.06857142857143,0.321812916005311,0.344475956206479,0.344475956206478,0.323659496880456
5.07428571428571,0.320564650780084,0.344234538855019,0.344234538855018,0.322461673917222
5.08,0.319294977323064,0.343968895304091,0.34396889530409,0.321237789290485
5.08571428571429,0.318007497532236,0.343679776353293,0.343679776353292,0.319991257907367
5.09142857142857,0.31670587139423,0.343368023112624,0.343368023112623,0.318725575345787
5.09714285714286,0.315393803812045,0.343034563119971,0.34303456311997,0.317444305309629
5.10285714285714,0.314075031087366,0.342680405959905,0.342680405959904,0.316151066653502
5.10857142857143,0.312753307117135,0.342306638413047,0.342306638413045,0.314849520034546
5.11428571428571,0.31143238936848,0.341914419170366,0.341914419170364,0.313543354254222
5.12,0.310116024699778,0.341504973150883,0.341504973150882,0.312236272356731
5.12571428571429,0.308807935098848,0.341079585465378,0.341079585465377,0.310931977554882
5.13142857142857,0.307511803411541,0.340639595071874,0.340639595071872,0.30963415905702
5.13714285714286,0.306231259135373,0.340186388171316,0.340186388171315,0.308346477870902
5.14285714285714,0.304969864353306,0.339721391393861,0.33972139139386,0.307072552661907
5.14857142857143,0.303731099881942,0.339246064827485,0.339246064827484,0.305815945743644
5.15428571428571,0.30251835170626,0.338761894940844,0.338761894940843,0.304580149278244
5.16,0.301334897768731,0.338270387452214,0.338270387452213,0.303368571762994
5.16571428571429,0.30018389517454,0.33777306019478,0.337773060194779,0.302184524876848
5.17142857142857,0.299068367864113,0.337271436026272,0.337271436026269,0.301031210757268
5.17714285714286,0.297991194788972,0.336767035827511,0.336767035827509,0.299911709772741
5.18285714285714,0.296955098601207,0.336261371628775,0.336261371628774,0.298828968849378
5.18857142857143,0.295962634824546,0.335755939895123,0.335755939895121,0.297785790400472
5.19428571428571,0.29501618139917,0.335252214989494,0.335252214989493,0.296784821893732
5.2,0.294117928346949,0.334751642811008,0.334751642811006,0.295828546067962
5.20571428571429,0.29326986701004,0.334255634568589,0.334255634568587,0.294919271771505
5.21142857142857,0.292473777666656,0.333765560574157,0.333765560574156,0.294059125317964
5.21714285714286,0.291731212775496,0.333282743777562,0.333282743777561,0.293250042093545
5.22285714285714,0.291043468971969,0.332808452381967,0.332808452381965,0.292493757777696
5.22857142857143,0.290411528454726,0.332343889899128,0.332343889899126,0.291791797613056
5.23428571428571,0.289835905662494,0.33189017836085,0.331890178360849,0.291145459803653
5.24,0.289316132607783,0.331448324566494,0.331448324566493,0.290555785207361
5.24571428571429,0.288848339558496,0.331019202423883,0.331019202423882,0.290023568946213
5.25142857142857,0.288413155819091,0.330607489215106,0.330607489215105,0.289553849720643
5.25714285714286,0.288162601201236,0.330222085116861,0.33022208511686,0.289154044670286
5.26285714285714,0.287878889283796,0.329831658404244,0.329831658404243,0.288791718726488
5.26857142857143,0.287652629518957,0.329463112634986,0.329463112634985,0.288494618668643
5.27428571428571,0.287486990242518,0.329113067379371,0.329113067379371,0.288258088395673
5.28,0.287379920932332,0.32878137912823,0.328781379128229,0.288080976420654
5.28571428571429,0.287329929525469,0.328468373946492,0.328468373946491,0.287962519758361
5.29142857142857,0.287335639404457,0.328174437910027,0.328174437910027,0.287901902810723
5.29714285714286,0.287395615977271,0.327899927926719,0.32789992792672,0.287898166201401
5.30285714285714,0.287508306670945,0.327645145374899,0.327645145374898,0.28795018381025
5.30857142857143,0.287672021377732,0.327410326973822,0.327410326973822,0.288056658616808
5.31428571428571,0.2878849291901,0.327195641623338,0.327195641623339,0.288216125242797
5.32,0.288145062807333,0.327001189755751,0.327001189755752,0.288426955470134
5.32571428571429,0.288450327311597,0.326827003966837,0.326827003966838,0.288687365392567
5.33142857142857,0.288798512094754,0.326673050452101,0.326673050452102,0.288995423668373
5.33714285714286,0.289187305719241,0.326539231088177,0.326539231088178,0.289349060673394
5.34285714285714,0.289614314175503,0.326425386172067,0.326425386172068,0.289746078533806
5.34857142857143,0.290077083712332,0.326331297983392,0.326331297983393,0.290184162174235
5.35428571428571,0.290573130448762,0.32625669554105,0.326256695541052,0.290660891726735
5.36,0.291099980734678,0.326201261287735,0.326201261287736,0.291173757014153
5.36571428571429,0.291655229468599,0.326164641143334,0.326164641143337,0.291720175543457
5.37142857142857,0.292236629913691,0.326146460872356,0.326146460872358,0.292297516983724
5.37714285714286,0.292842241569607,0.326146355135488,0.326146355135491,0.292903140622404
5.38285714285714,0.293470690836853,0.326164024054249,0.326164024054251,0.293534461021309
5.38857142857143,0.294121663135754,0.326199355066024,0.326199355066027,0.294189080888622
5.39428571428572,0.294796892813786,0.326252717551216,0.32625271755122,0.294865102889108
5.4,0.295502214595233,0.326325779657482,0.326325779657484,0.295561986454261
5.40571428571429,0.296251053259026,0.326424159923305,0.326424159923308,0.29628334073361
5.41142857142857,0.297054627252288,0.326566894554206,0.32656689455421,0.297047081770797
5.41714285714286,0.297645853409713,0.326786004773606,0.32678600477361,0.297887626833764
5.42285714285714,0.297384421832647,0.32683415676172,0.326834156761724,0.298546405886733
5.42857142857143,0.297895943498158,0.326840937731491,0.326840937731496,0.29914267952532
5.43428571428572,0.298623613065322,0.326941900437077,0.326941900437081,0.299824446148114
5.44,0.299315421139148,0.327074996771643,0.327074996771647,0.300526216416425
5.44571428571429,0.299965510664749,0.327222636052609,0.327222636052613,0.301227424476106
5.45142857142857,0.3005807022884,0.327379533255659,0.327379533255662,0.301920572364415
5.45714285714286,0.301164595504422,0.327543309882452,0.327543309882455,0.302601375514335
5.46285714285714,0.301718329908786,0.327712423735153,0.327712423735156,0.303266553655157
5.46857142857143,0.302241703779835,0.327885615603831,0.327885615603835,0.303913234976135
5.47428571428572,0.302733816574608,0.328061733693178,0.328061733693183,0.304538767301823
5.48,0.303193415790335,0.328239670776756,0.32823967077676,0.305140651956017
5.48571428571429,0.303619089393712,0.32841834020307,0.328418340203072,0.30571652015832
5.49142857142857,0.304009377570896,0.328596666908783,0.328596666908787,0.306264125800216
5.49714285714286,0.304362840852374,0.328773584791285,0.328773584791289,0.306781345010098
5.50285714285714,0.304678103632444,0.328948036996209,0.328948036996212,0.307266178641702
5.50857142857143,0.304953883199133,0.329118977637947,0.32911897763795,0.307716756000869
5.51428571428572,0.305189009860051,0.329285374272426,0.329285374272429,0.308131339025892
5.52,0.305382441361422,0.329446210791126,0.329446210791129,0.308508326534016
5.52571428571429,0.305533273490681,0.329600490565479,0.329600490565482,0.308846258332107
5.53142857142857,0.305640748014852,0.329747239748026,0.329747239748029,0.309143819080234
5.53714285714286,0.305704258675064,0.329885510674487,0.329885510674489,0.309399841843362
5.54285714285714,0.305723355698934,0.330014385330059,0.33001438533006,0.309613311290557
5.54857142857143,0.30569774913238,0.330132978852399,0.330132978852401,0.309783366514035
5.55428571428572,0.305627311191292,0.330240443048019,0.330240443048021,0.30990930344742
5.56,0.305512077768452,0.330335969900746,0.330335969900748,0.309990576866607
5.56571428571429,0.305352249187294,0.330418795050408,0.330418795050408,0.310026801958048
5.57142857142857,0.305148190265827,0.330488201219987,0.330488201219987,0.310017755440713
5.57714285714286,0.304900429733339,0.330543521567862,0.330543521567862,0.309963376228071
5.58285714285714,0.30460965902959,0.330584142941118,0.330584142941117,0.309863765616686
5.58857142857143,0.304276730505756,0.330609509004348,0.330609509004348,0.309719186987946
5.59428571428572,0.303902655040358,0.330619123217721,0.33061912321772,0.309530065009622
5.6,0.303488599078457,0.330612551637224,0.330612551637223,0.30929698432424
5.60571428571429,0.303035881099567,0.330589425509452,0.330589425509451,0.309020687711428
5.61142857142857,0.302545967517701,0.330549443633206,0.330549443633205,0.308702073712386
5.61714285714286,0.302020468016464,0.33049237446048,0.330492374460479,0.308342193705448
5.62285714285714,0.301461130321809,0.330418057909712,0.33041805790971,0.307942248422779
5.62857142857143,0.300869834416034,0.330326406865693,0.330326406865692,0.307503583900369
5.63428571428572,0.300248586197786,0.330217408341416,0.330217408341414,0.307027686854607
5.64,0.299599510594738,0.330091124279477,0.330091124279475,0.306516179481543
5.64571428571429,0.298924844138231,0.329947691972661,0.329947691972659,0.305970813676445
5.65142857142857,0.298226927011662,0.329787324086128,0.329787324086127,0.305393464674017
5.65714285714286,0.297508194587688,0.329610308266451,0.32961030826645,0.304786124110859
5.66285714285714,0.296771168473062,0.329417006326264,0.329417006326262,0.304150892512905
5.66857142857143,0.296018447082779,0.329207852996328,0.329207852996327,0.303489971209608
5.67428571428572,0.295252695769272,0.328983354240378,0.328983354240376,0.302805653672219
5.68,0.294476636534954,0.328744085130942,0.32874408513094,0.302100316263069
5.68571428571429,0.293693037358589,0.328490687286364,0.328490687286362,0.301376408360023
5.69142857142857,0.292904701165447,0.328223865869136,0.328223865869135,0.300636441774268
5.69714285714286,0.292114454467073,0.327944386141789,0.327944386141789,0.29988297928537
5.70285714285714,0.291325135681423,0.327653069562628,0.327653069562627,0.299118621918373
5.70857142857143,0.2905395831088,0.327350789369831,0.327350789369831,0.298345994145724
5.71428571428572,0.289760622447869,0.327038465515319,0.327038465515319,0.297567725140273
5.72,0.288991053496751,0.32671705857957,0.32671705857957,0.296786421427705
5.72571428571429,0.288233634978211,0.326387561617487,0.326387561617488,0.296004618003138
5.73142857142857,0.287491063999486,0.326050986537658,0.326050986537659,0.295224665675464
5.73714285714286,0.286765936150858,0.325708331429186,0.325708331429188,0.294448379650405
5.74285714285714,0.286060606984202,0.325360451616356,0.325360451616359,0.29367537140554
5.74857142857143,0.28537609010696,0.325006970861997,0.325006970861999,0.292883486406599
5.75428571428572,0.284732591913451,0.324666115130824,0.324666115130827,0.292268871572117
5.76,0.284096809731851,0.32430495043962,0.324304950439623,0.291495730966609
5.76571428571429,0.283496113594822,0.323948534881972,0.323948534881976,0.29077849908087
5.77142857142857,0.282927777880251,0.323593439853845,0.323593439853849,0.290086501144852
5.77714285714286,0.282393348673583,0.323240380484417,0.323240380484423,0.289418488538029
5.78285714285714,0.281894544427604,0.322890351337163,0.322890351337169,0.288775643723433
5.78857142857143,0.281433004279544,0.322544389569054,0.32254438956906,0.288159614362282
5.79428571428572,0.281010236214491,0.32220352728836,0.322203527288366,0.287572123502636
5.8,0.280627598509786,0.321868775101507,0.321868775101514,0.287014853540845
5.80571428571429,0.280286290291732,0.321541113868819,0.321541113868827,0.286489403076324
5.81142857142857,0.279987345823848,0.321221489547416,0.321221489547423,0.285997270230542
5.81714285714286,0.279731631130739,0.320910809796616,0.320910809796623,0.285539849891465
5.82285714285714,0.27951984282845,0.320609942234819,0.320609942234827,0.285118443217028
5.82857142857143,0.279352509862626,0.320319715041784,0.320319715041792,0.284734284542246
5.83428571428572,0.279230000215621,0.320040921923842,0.32004092192385,0.284388601141426
5.84,0.279152538155658,0.319774336874129,0.319774336874137,0.284082746484473
5.84571428571429,0.279120248870812,0.319520755081845,0.319520755081853,0.283818524155772
5.85142857142857,0.279133292033215,0.319281119506719,0.319281119506727,0.283599102927228
5.85714285714286,0.279192386132024,0.319057023462939,0.319057023462946,0.283432298108021
5.86285714285714,0.279302225204421,0.318853975502285,0.318853975502292,0.283348399557565
5.86857142857143,0.279561670861847,0.318765424888811,0.318765424888818,0.283580849983911
5.87428571428572,0.279596273994261,0.318438411101508,0.318438411101515,0.282714191973411
5.88,0.279823440261192,0.318272899756708,0.318272899756714,0.282824748445158
5.88571428571429,0.280090826289621,0.318122374281604,0.318122374281609,0.282867518791263
5.89142857142857,0.280395681314986,0.317986379022468,0.317986379022474,0.282924565346507
5.89714285714286,0.280737035851248,0.317865601193874,0.317865601193878,0.283009645404047
5.90285714285714,0.281113523038553,0.317760345615211,0.317760345615216,0.283126371480222
5.90857142857143,0.281523535758589,0.3176707315156,0.317670731515603,0.28327557365639
5.91428571428572,0.281965304041116,0.317596770794471,0.317596770794474,0.283457013912141
5.92,0.28243693247187,0.317538400105748,0.317538400105749,0.283669935380055
5.92571428571429,0.282936422722569,0.317495496514846,0.317495496514847,0.283913278617593
5.93142857142857,0.2834616902499,0.317467886763838,0.317467886763838,0.2841857804807
5.93714285714286,0.284010578565514,0.317455353839692,0.317455353839692,0.284486024430412
5.94285714285714,0.284580872424391,0.317457642309095,0.317457642309093,0.284812467201118
5.94857142857143,0.285170310430362,0.317474462980449,0.317474462980448,0.285163450820575
5.95428571428572,0.285776597113368,0.317505496987002,0.317505496986999,0.285537201358479
5.96,0.286397414160256,0.317550398996201,0.317550398996198,0.285931809577161
5.96571428571429,0.28703042993016,0.317608798673134,0.317608798673131,0.286345179002161
5.97142857142857,0.287673305238105,0.317680298310783,0.31768029831078,0.286774904854402
5.97714285714286,0.288323690566828,0.317764461500922,0.317764461500919,0.287217985746987
5.98285714285714,0.288979202146106,0.317860779175358,0.317860779175356,0.287670066432148
5.98857142857143,0.289637342440173,0.317968573368707,0.317968573368704,0.288123071908807
5.99428571428571,0.29029530395743,0.318086742164225,0.318086742164223,0.288555297717091
6,0.290952095822548,0.318215239127066,0.318215239127064,0.288858163399319
