"Freq [GHz]","dB(S(1,1)) []","dB(S(2,1)) []","dB(S(1,2)) []","dB(S(2,2)) []"
2,-20.2304779053286,-0.483401101097315,-0.483401101097145,-19.4178621028504
2.00571428571429,-19.9137834091484,-0.48771341068871,-0.487713410695776,-19.2127538688618
2.01142857142857,-19.6054644267185,-0.492211677132316,-0.492211677143696,-19.0099880179583
2.01714285714286,-19.3044810034078,-0.496900888996123,-0.496900889009536,-18.8100122581727
2.02285714285714,-19.0100487270984,-0.501783517930539,-0.501783517944263,-18.6131755523766
2.02857142857143,-18.7216042910282,-0.506859836747729,-0.506859836760554,-18.4197388875171
2.03428571428571,-18.4387713700186,-0.512128273737567,-0.512128273748661,-18.2298863659967
2.04,-18.1613273917941,-0.517585774926037,-0.51758577493495,-18.0437361207537
2.04571428571429,-17.8891719065662,-0.523228150401898,-0.523228150408422,-17.861350699202
2.05142857142857,-17.6222972358036,-0.529050386074923,-0.529050386079077,-17.6827466810122
2.05714285714286,-17.3607619627005,-0.535046907768708,-0.535046907770674,-17.5079033906188
2.06285714285714,-17.1046676567068,-0.541211789971759,-0.541211789971818,-17.3367706391586
2.06857142857143,-16.8541390395989,-0.547538906558156,-0.547538906556684,-17.1692754851837
2.07428571428571,-16.6093076279481,-0.554022025121636,-0.554022025119009,-17.0053280422393
2.08,-16.3702987428512,-0.560654850110992,-0.560654850107636,-16.8448263873937
2.08571428571429,-16.1372216697239,-0.567431022642011,-0.567431022638313,-16.6876606409864
2.09142857142857,-15.9101626788022,-0.5743440866798,-0.574344086676087,-16.53371629662
2.09714285714286,-15.6891805763208,-0.581387432263918,-0.581387432260523,-16.3828768838483
2.10285714285714,-15.4743044402417,-0.588554226647109,-0.588554226644275,-16.2350260456589
2.10857142857143,-15.2655331955263,-0.595837343720084,-0.595837343718012,-16.0900491099712
2.11428571428571,-15.0628366957233,-0.603229301003086,-0.603229301001887,-15.9478342299013
2.12,-14.86615799484,-0.610722211918713,-0.610722211918469,-15.8082731621116
2.12571428571429,-14.6754165127445,-0.618307759148763,-0.618307759149491,-15.6712617466745
2.13142857142857,-14.4905118168887,-0.625977192762107,-0.625977192763758,-15.5367001457997
2.13714285714286,-14.3113277626943,-0.633721354621965,-0.633721354624466,-15.404492892738
2.14285714285714,-14.137736755154,-0.641530728482247,-0.641530728485506,-15.2745487962674
2.14857142857143,-13.969603916303,-0.649395513294861,-0.649395513298741,-15.1467807404689
2.15428571428571,-13.8067909685833,-0.657305715686763,-0.657305715691101,-15.021105414045
2.16,-13.6491596736905,-0.665251256417431,-0.665251256422078,-14.8974429982328
2.16571428571429,-13.4965747007089,-0.673222084948526,-0.673222084953321,-14.7757168374453
2.17142857142857,-13.3489058356841,-0.681208296068617,-0.681208296073411,-14.6558531121413
2.17714285714286,-13.2060294860292,-0.689200242795939,-0.689200242800597,-14.5377805291216
2.18285714285714,-13.0678294752564,-0.697188640474739,-0.697188640479143,-14.4214300404943
2.18857142857143,-12.9341971639794,-0.705164657998574,-0.705164658002629,-14.3067345989721
2.19428571428571,-12.8050309693434,-0.71311999332462,-0.713119993328241,-14.1936289540244
2.2,-12.6802353845221,-0.721046931767574,-0.721046931770715,-14.0820494906859
2.20571428571429,-12.5597196208573,-0.728938386856667,-0.728938386859293,-13.9719341105989
2.21142857142857,-12.4433960064273,-0.736787924699125,-0.736787924701242,-13.8632221530797
2.21714285714286,-12.3311782761566,-0.744589773730234,-0.744589773731846,-13.755854352707
2.22285714285714,-12.2229798806575,-0.752338822387851,-0.752338822388985,-13.6497728290534
2.22857142857143,-12.1187124252579,-0.760030607604183,-0.760030607604897,-13.5449211037102
2.23428571428571,-12.0182843291321,-0.767661297062943,-0.767661297063285,-13.4412441396399
2.24,-11.9215997693229,-0.775227667963687,-0.77522766796372,-13.3386883980501
2.24571428571429,-11.828557948106,-0.782727084617536,-0.782727084617336,-13.2372019083783
2.25142857142857,-11.7390526966337,-0.790157476640115,-0.790157476639753,-13.1367343475231
2.25714285714286,-11.6529724049127,-0.797517318877672,-0.797517318877199,-13.0372371251031
2.26285714285714,-11.5702002491598,-0.804805613570731,-0.804805613570231,-12.9386634722145
2.26857142857143,-11.49061467322,-0.812021874686183,-0.812021874685675,-12.8409685318264
2.27428571428571,-11.4140900713226,-0.819166113876055,-0.819166113875612,-12.744109449592
2.28,-11.3404976148372,-0.82623882718398,-0.826238827183628,-12.6480454643917
2.28571428571429,-11.2697061654281,-0.833240981426169,-0.833240981425927,-12.5527379983868
2.29142857142857,-11.201583220368,-0.840173999127469,-0.840173999127358,-12.4581507466876
2.29714285714286,-11.1359958419573,-0.847039740975927,-0.847039740975954,-12.3642497669651
2.30285714285714,-11.0728115310942,-0.853840484951471,-0.85384048495164,-12.271003569438
2.30857142857143,-11.0118990142307,-0.860578901556226,-0.860578901556511,-12.1783832076411
2.31428571428571,-10.9531289224577,-0.867258024892769,-0.867258024893165,-12.0863623702763
2.32,-10.8963743506303,-0.873881219673594,-0.873881219674079,-11.994917474219
2.32571428571429,-10.8415112928055,-0.880452144567872,-0.880452144568402,-11.9040277584708
2.33142857142857,-10.7884189574141,-0.886974712579576,-0.886974712580143,-11.813675378487
2.33714285714286,-10.7369799713558,-0.89345304938175,-0.893453049382324,-11.7238454999092
2.34285714285714,-10.6870804864736,-0.899891450693706,-0.899891450694258,-11.6345263903179
2.34857142857143,-10.6386102046506,-0.906294339874655,-0.906294339875171,-11.5457095071929
2.35428571428571,-10.5914623391987,-0.912666226915942,-0.912666226916405,-11.4573895798877
2.36,-10.5455335304034,-0.919011669951068,-0.919011669951455,-11.3695646830728
2.36571428571429,-10.5007237322874,-0.925335240275249,-0.925335240275547,-11.2822362988489
2.37142857142857,-10.4569360860467,-0.931641491688223,-0.931641491688434,-11.1954093645543
2.37714285714286,-10.4140767934339,-0.937934934759476,-0.937934934759601,-11.1090923032485
2.38285714285714,-10.3720550008221,-0.944220016380728,-0.944220016380772,-11.0232970339327
2.38857142857143,-10.3307827019551,-0.950501104733869,-0.950501104733839,-10.9380389587787
2.39428571428571,-10.2901746646672,-0.956782479577072,-0.956782479576982,-10.8533369250009
2.4,-10.250148384238,-0.963068327553512,-0.963068327553382,-10.7692131594786
2.40571428571429,-10.2106240636718,-0.969362742064661,-0.969362742064497,-10.6856931748331
2.41142857142857,-10.1715246191178,-0.975669727132406,-0.975669727132223,-10.602805646334
2.41714285714286,-10.1327757069375,-0.981993204602549,-0.981993204602368,-10.5205822597413
2.42285714285714,-10.0943057676158,-0.988337024017335,-0.988337024017194,-10.4390575309401
2.42857142857143,-10.0560460808064,-0.994704974501883,-0.99470497450177,-10.3582685989439
2.43428571428571,-10.017930825314,-1.0011007980594,-1.00110079805935,-10.2782549945241
2.44,-9.97989713771799,-1.00752820374688,-1.00752820374688,-10.1990583872915
2.44571428571429,-9.94188516362509,-1.01399088229009,-1.01399088229017,-10.1207223145255
2.45142857142857,-9.90383809614615,-1.02049252078905,-1.02049252078921,-10.0432918953601
2.45714285714286,-9.86570219710221,-1.02703681724658,-1.0270368172468,-9.9668135341078
2.46285714285714,-9.82742679760685,-1.03362749471907,-1.03362749471937,-9.89133461652029
2.46857142857143,-9.78896427598783,-1.04026831493224,-1.0402683149326,-9.81690320264812
2.47428571428571,-9.75027001244181,-1.04696309122146,-1.04696309122188,-9.74356771971143
2.48,-9.71130232127333,-1.05371570065035,-1.05371570065082,-9.6713766580177
2.48571428571429,-9.67202236299664,-1.06053009513008,-1.06053009513058,-9.6003782725265
2.49142857142857,-9.63239403988864,-1.06741031131667,-1.06741031131718,-9.53062029216185
2.49714285714286,-9.59238387971598,-1.07436047900741,-1.07436047900793,-9.46214963846698
2.50285714285714,-9.55196091325686,-1.08138482770047,-1.08138482770099,-9.39501215470132
2.50857142857143,-9.51109655184423,-1.08848769093305,-1.08848769093354,-9.32925234601701
2.51428571428571,-9.46976447145294,-1.09567350797794,-1.09567350797839,-9.26491313096342
2.52,-9.42794050980165,-1.10294682246669,-1.1029468224671,-9.20203560423919
2.52571428571429,-9.38560258256162,-1.1103122775189,-1.11031227751926,-9.14065881038377
2.53142857142857,-9.34273062405452,-1.11777460699954,-1.11777460699984,-9.08081952794754
2.53714285714286,-9.29930655683001,-1.12533862259395,-1.12533862259419,-9.02255206362382
2.54285714285714,-9.25531429327386,-1.13300919648568,-1.13300919648585,-8.96588805584612
2.54857142857143,-9.21073977096995,-1.14079123953781,-1.14079123953793,-8.91085628743916
2.55428571428571,-9.1655710219941,-1.14868967500997,-1.14868967501004,-8.85748250706308
2.56,-9.11979827470911,-1.15670940798314,-1.15670940798317,-8.80578925936839
2.56571428571429,-9.07341408504754,-1.16485529080439,-1.16485529080439,-8.75579572399543
2.57142857142857,-9.02641349275707,-1.1731320849978,-1.1731320849978,-8.7075175637655
2.57714285714286,-8.97879419672284,-1.18154442020655,-1.18154442020655,-8.66096678262839
2.58285714285714,-8.93055674230721,-1.19009675082824,-1.19009675082824,-8.61615159413424
2.58857142857143,-8.88170471282027,-1.19879331109362,-1.19879331109367,-8.57307630128065
2.59428571428571,-8.8322449161833,-1.20763806932731,-1.20763806932741,-8.53174118902916
2.6,-8.78218755835921,-1.2166346822536,-1.21663468225375,-8.49214243023497
2.60571428571429,-8.73154639395687,-1.22578645005168,-1.2257864500519,-8.4542720065763
2.61142857142857,-8.6803388455944,-1.23509627292707,-1.23509627292737,-8.41811764543252
2.61714285714286,-8.62858608372085,-1.24456660983799,-1.24456660983836,-8.38366277391778
2.62285714285714,-8.57631305958092,-1.25419943993435,-1.25419943993482,-8.35088649110189
2.62857142857143,-8.52354848511794,-1.26399622715559,-1.26399622715615,-8.31976355932745
2.63428571428571,-8.4703247549921,-1.27395788831394,-1.27395788831458,-8.29026441537216
2.64,-8.41667780748649,-1.28408476487247,-1.28408476487317,-8.26235520201447
2.64571428571429,-8.3626469228813,-1.29437659851424,-1.29437659851501,-8.23599782035853
2.65142857142857,-8.30827445985083,-1.304832510504,-1.30483251050479,-8.21115000305417
2.65714285714286,-8.25360553257054,-1.31545098476785,-1.31545098476868,-8.18776540833089
2.66285714285714,-8.19868763347535,-1.32622985456937,-1.32622985457017,-8.16579373454844
2.66857142857143,-8.14357020894881,-1.33716629264417,-1.33716629264496,-8.14518085476034
2.67428571428571,-8.08830419761503,-1.34825680467083,-1.34825680467157,-8.12586897060046
2.68,-8.03294154326985,-1.3594972260051,-1.35949722600577,-8.10779678463278
2.68571428571429,-7.97753469676791,-1.37088272168127,-1.37088272168184,-8.09089969016456
2.69142857142857,-7.92213612324729,-1.382407789785,-1.38240778978543,-8.07510997740671
2.69714285714286,-7.86679783280578,-1.39406626841544,-1.39406626841577,-8.0603570547818
2.70285714285714,-7.81157095396312,-1.40585134657,-1.40585134657019,-8.04656768412439
2.70857142857143,-7.75650536975605,-1.41775557938995,-1.41775557939,-8.03366622849161
2.71428571428571,-7.70164943591413,-1.4297709082824,-1.42977090828234,-8.02157491130387
2.72,-7.64704979901754,-1.44188868647168,-1.44188868647152,-8.01021408555813
2.72571428571429,-7.59275132966478,-1.45409971051397,-1.45409971051374,-7.99950251190079
2.73142857142857,-7.538797181311,-1.4663942582261,-1.46639425822583,-7.98935764440348
2.73714285714286,-7.48522897953138,-1.47876213332257,-1.47876213332231,-7.97969592294948
2.74285714285714,-7.43208713907188,-1.4911927168263,-1.49119271682613,-7.97043307120415
2.74857142857143,-7.37941129739793,-1.50367502502584,-1.50367502502584,-7.96148439919929
2.75428571428571,-7.32724084396754,-1.51619777340667,-1.51619777340689,-7.95276510960731
2.76,-7.27561551473188,-1.52874944561562,-1.52874944561617,-7.94419060680252
2.76571428571429,-7.22457601222464,-1.54131836615012,-1.54131836615109,-7.93567680780449
2.77142857142857,-7.17416460395216,-1.55389277513702,-1.55389277513851,-7.9271404541643
2.77714285714286,-7.12442564664807,-1.56646090331359,-1.56646090331571,-7.91849942378724
2.78285714285714,-7.07540598223518,-1.57901104518018,-1.57901104518303,-7.9096730415881
2.78857142857143,-7.02715515379496,-1.59153162828745,-1.59153162829113,-7.90058238774654
2.79428571428571,-6.97972539692919,-1.60401127676333,-1.60401127676793,-7.89115060218272
2.8,-6.93317137359356,-1.61643886748024,-1.61643886748584,-7.88130318371007
2.80571428571429,-6.88754963131048,-1.62880357768909,-1.62880357769575,-7.87096828215995
2.81142857142857,-6.84291778958717,-1.64109492347597,-1.64109492348376,-7.86007698162082
2.81714285714286,-6.79933347592483,-1.65330278897818,-1.65330278898712,-7.84856357280714
2.82285714285714,-6.75685305419765,-1.66541744687541,-1.66541744688551,-7.83636581248296
2.82857142857143,-6.7155302064949,-1.67742957119305,-1.6774295712043,-7.82342516782166
2.83428571428571,-6.67541444394601,-1.68933024386117,-1.68933024387355,-7.80968704359444
2.84,-6.63654963108481,-1.70111095673048,-1.70111095674393,-7.79510099015
2.84571428571429,-6.5989726109983,-1.71276361082761,-1.71276361084205,-7.77962089027666
2.85142857142857,-6.56271201449274,-1.72428051453933,-1.72428051455467,-7.76320512322231
2.85714285714286,-6.52778732614333,-1.73565438216319,-1.73565438217932,-7.74581670438102
2.86285714285714,-6.49420826431643,-1.74687833388894,-1.74687833390569,-7.72742339942998
2.86857142857143,-6.46197451250764,-1.75794589782849,-1.75794589784575,-7.70799781200388
2.87428571428571,-6.43107581738293,-1.7688510142443,-1.76885101426189,-7.68751744431994
2.88,-6.40149244658058,-1.77958804168978,-1.77958804170752,-7.66596473050037
2.88571428571429,-6.3731959784041,-1.79015176441412,-1.79015176443187,-7.64332704267609
2.89142857142857,-6.34615037748882,-1.80053740012912,-1.80053740014668,-7.61959667028233
2.89714285714286,-6.3203132964888,-1.81074060710338,-1.8107406071206,-7.59477077327325
2.90285714285714,-6.29563753447953,-1.82075748954219,-1.82075748955891,-7.568851310279
2.90857142857143,-6.27207257833599,-1.83058460031664,-1.83058460033271,-7.54184494300065
2.91428571428571,-6.24956615366385,-1.84021894030123,-1.84021894031651,-7.51376291838933
2.92,-6.22806571641105,-1.84965795383802,-1.84965795385239,-7.4846209303715
2.92571428571429,-6.2075198243352,-1.85889952013411,-1.85889952014743,-7.45443896307462
2.93142857142857,-6.18787933813751,-1.86794194069144,-1.86794194070369,-7.42324111765981
2.93714285714286,-6.16909841435898,-1.87678392313591,-1.876783923147,-7.3910554249919
2.94285714285714,-6.15113526513714,-1.88542456203579,-1.88542456204569,-7.35791364646165
2.94857142857143,-6.13395267280987,-1.89386331746909,-1.89386331747779,-7.32385106532132
2.95428571428571,-6.11751825942469,-1.90209999220312,-1.90209999221062,-7.28890627090732
2.96,-6.10180452191605,-1.91013470839276,-1.91013470839909,-7.25312093809118
2.96571428571429,-6.08678865267713,-1.9179678846873,-1.91796788469249,-7.21653960423715
2.97142857142857,-6.07245217224841,-1.92560021457147,-1.92560021457559,-7.17920944583794
2.97714285714286,-6.05878040580744,-1.93303264666229,-1.93303264666539,-7.14118005686348
2.98285714285714,-6.0457618381162,-1.94026636755388,-1.94026636755608,-7.10250323068797
2.98857142857143,-6.03338738271422,-1.94730278765867,-1.94730278766005,-7.06323274725912
2.99428571428571,-6.02164960065504,-1.95414353034532,-1.95414353034596,-7.02342416695434
3,-6.01054190223123,-1.96079042453269,-1.96079042453271,-6.98313463232246
3.00571428571429,-6.00005776220594,-1.9672455007706,-1.96724550077009,-6.94242267865736
3.01142857142857,-5.99018997534714,-1.97351099072621,-1.97351099072533,-6.90134805408141
3.01714285714286,-5.98092997482412,-1.97958932990603,-1.97958932990484,-6.85997154955171
3.02285714285714,-5.97226723151381,-1.98548316337172,-1.98548316337028,-6.81835483893778
3.02857142857143,-5.96418874769792,-1.99119535415947,-1.99119535415787,-6.77656032906111
3.03428571428571,-5.95667865418711,-1.99672899407796,-1.99672899407632,-6.73465101935058
3.04,-5.9497179157286,-2.0020874165401,-2.00208741653846,-6.69269037054003
3.04571428571429,-5.94328414574438,-2.00727421107269,-2.00727421107113,-6.65074218164217
3.05142857142857,-5.93735152808178,-2.01229323914273,-2.01229323914123,-6.60887047425791
3.05714285714286,-5.93189084058027,-2.01714865093527,-2.01714865093398,-6.56713938314484
3.06285714285714,-5.92686957288673,-2.02184490271319,-2.02184490271208,-6.52561305186289
3.06857142857143,-5.92225212908172,-2.02638677438175,-2.0263867743808,-6.48435553224437
3.07428571428571,-5.91800010429618,-2.03077938687071,-2.03077938686994,-6.44343068640631
3.08,-5.91407262356597,-2.03502821893232,-2.03502821893172,-6.40290209002259
3.08571428571429,-5.910426730654,-2.03913912293801,-2.03913912293754,-6.36283293561771
3.09142857142857,-5.90701781441803,-2.04311833924007,-2.04311833923985,-6.32328593471263
3.09714285714286,-5.90380006046862,-2.04697250865214,-2.04697250865196,-6.28432321776087
3.10285714285714,-5.90072691629684,-2.0507086825909,-2.05070868259083,-6.24600623094414
3.10857142857143,-5.89775155870421,-2.05433433042458,-2.05433433042457,-6.20839562905111
3.11428571428571,-5.89482735319547,-2.05785734357739,-2.05785734357739,-6.17155116383962
3.12,-5.89190829595053,-2.06128603596369,-2.06128603596372,-6.13553156746734
3.12571428571429,-5.88894943004255,-2.06462914035664,-2.06462914035661,-6.10039443077528
3.13142857142857,-5.88590722867545,-2.06789580034228,-2.06789580034217,-6.0661960764033
3.13714285714286,-5.88273993935334,-2.0710955575708,-2.07109555757057,-6.03299142691445
3.14285714285714,-5.87940788403824,-2.07423833408591,-2.07423833408556,-6.0008338682914
3.14857142857143,-5.87587371148801,-2.0773344095943,-2.07733440959384,-5.96977510933991
3.15428571428571,-5.87210259907567,-2.08039439362487,-2.08039439362422,-5.93986503769318
3.16,-5.86806240246814,-2.08342919261971,-2.08342919261888,-5.91115157324167
3.16571428571429,-5.86372375258116,-2.08644997209247,-2.08644997209153,-5.88368051992637
3.17142857142857,-5.85906010022318,-2.08946811408201,-2.08946811408094,-5.85749541691374
3.17714285714286,-5.85404770979667,-2.09249517021619,-2.09249517021502,-5.83263739022798
3.18285714285714,-5.84866560434062,-2.09554281078215,-2.09554281078083,-5.80914500594382
3.18857142857143,-5.84289546507341,-2.09862277026895,-2.09862277026761,-5.78705412604118
3.19428571428571,-5.83672148943581,-2.1017467899097,-2.10174678990829,-5.76639776799927
3.2,-5.83013021243578,-2.10492655779592,-2.10492655779448,-5.74720596915565
3.20571428571429,-5.82311029686349,-2.10817364717368,-2.10817364717226,-5.72950565678663
3.21142857142857,-5.81565229867096,-2.11149945354937,-2.11149945354799,-5.71332052477563
3.21714285714286,-5.80774841448881,-2.11491513124463,-2.11491513124338,-5.69867091763564
3.22285714285714,-5.79939221887797,-2.11843153003463,-2.11843153003349,-5.68557372254137
3.22857142857143,-5.79057839946669,-2.12205913249123,-2.12205913249027,-5.67404226991073
3.23428571428571,-5.78130249859235,-2.12580799262956,-2.12580799262882,-5.66408624296194
3.24,-5.77156067042502,-2.129687676425,-2.12968767642447,-5.65571159656102
3.24571428571429,-5.76134946277325,-2.13370720473136,-2.1337072047311,-5.64892048557422
3.25142857142857,-5.75066563282866,-2.13787499908821,-2.13787499908824,-5.64371120284987
3.25714285714286,-5.73950600595848,-2.14219883086031,-2.1421988308606,-5.64007812688231
3.26285714285714,-5.72786738626877,-2.14668577410189,-2.14668577410255,-5.63801167915519
3.26857142857143,-5.71574652698857,-2.1513421624894,-2.15134216249032,-5.63749829112741
3.27428571428571,-5.70314016772979,-2.15617355061225,-2.15617355061345,-5.63852038081214
3.28,-5.69004514431614,-2.16118467985733,-2.16118467985887,-5.64105633890768
3.28571428571429,-5.67645857511034,-2.16637944906736,-2.1663794490691,-5.64508052446901
3.29142857142857,-5.66237812557538,-2.17176089009524,-2.17176089009723,-5.65056327015727
3.29714285714286,-5.64780235016911,-2.17733114831954,-2.17733114832169,-5.65747089717108
3.30285714285714,-5.63273110759481,-2.18309146812463,-2.18309146812693,-5.66576574004336
3.30857142857143,-5.61716604194279,-2.18904218329204,-2.18904218329445,-5.67540618157816
3.31428571428571,-5.60111111842193,-2.19518271218982,-2.19518271219227,-5.68634669829807
3.32,-5.58457319829154,-2.20151155759302,-2.20151155759548,-5.6985379168714
3.32571428571429,-5.56756263340751,-2.20802631091967,-2.20802631092209,-5.71192668208197
3.33142857142857,-5.55009385667988,-2.21472366062731,-2.21472366062963,-5.72645613699067
3.33714285714286,-5.53218594094507,-2.22159940449008,-2.22159940449222,-5.74206581601023
3.34285714285714,-5.51386309556961,-2.22864846546712,-2.22864846546903,-5.75869175166817
3.34857142857143,-5.49515506785409,-2.23586491088604,-2.23586491088769,-5.77626659586576
3.35428571428571,-5.47609741535372,-2.2432419747027,-2.24324197470405,-5.79471975644468
3.36,-5.45673161594023,-2.25077208266125,-2.25077208266226,-5.81397754985161
3.36571428571429,-5.43710498515105,-2.25844688026616,-2.25844688026682,-5.83396337063407
3.37142857142857,-5.41727037539505,-2.26625726358983,-2.26625726359005,-5.85459787841595
3.37714285714286,-5.39728563911866,-2.27419341306133,-2.27419341306118,-5.87579920287994
3.38285714285714,-5.37721284813483,-2.28224483051357,-2.282244830513,-5.8974831671331
3.38857142857143,-5.35711727385721,-2.29040037987679,-2.29040037987584,-5.9195635296505
3.39428571428571,-5.33706614780011,-2.29864833199489,-2.29864833199355,-5.94195224478114
3.4,-5.31712723776703,-2.30697641406905,-2.3069764140674,-5.964559741567
3.40571428571429,-5.29736729174579,-2.31537186419275,-2.31537186419082,-5.98729522036957
3.41142857142857,-5.27785041744747,-2.323821491306,-2.32382149130386,-6.01006696652661
3.41714285714286,-5.25863647924176,-2.33231174066003,-2.33231174065772,-6.03278267997654
3.42285714285714,-5.23977960435397,-2.34082876453852,-2.34082876453608,-6.05534981949475
3.42857142857143,-5.22132689498541,-2.34935849754817,-2.34935849754566,-6.07767595989215
3.43428571428571,-5.2033174410375,-2.35788673529066,-2.35788673528814,-6.09966916023223
3.44,-5.18578171825508,-2.36639921471189,-2.36639921470944,-6.12123834084154
3.44571428571429,-5.16874143835264,-2.37488169394773,-2.37488169394541,-6.14229366661854
3.45142857142857,-5.15220989133042,-2.38332002911635,-2.38332002911418,-6.16274693390328
3.45714285714286,-5.13619278697888,-2.3917002453171,-2.39170024531515,-6.18251195795532
3.46285714285714,-5.12068956476,-2.40000859913663,-2.40000859913491,-6.20150495791369
3.46857142857143,-5.10569510202148,-2.40823163027754,-2.40823163027611,-6.21964493598821
3.47428571428571,-5.09120171370102,-2.41635620051351,-2.41635620051237,-6.23685404755981
3.48,-5.07720130642034,-2.42436951901,-2.42436951900914,-6.25305795886336
3.48571428571429,-5.06368753000193,-2.43225915405946,-2.43225915405889,-6.26818618898381
3.49142857142857,-5.05065776294781,-2.44001303236331,-2.44001303236299,-6.28217243302717
3.49714285714286,-5.03811477691559,-2.44761942802731,-2.44761942802721,-6.29495486352072
3.50285714285714,-5.02606794857396,-2.4550669442968,-2.45506694429689,-6.30647640735212
3.50857142857143,-5.01453392343161,-2.46234449163218,-2.46234449163241,-6.31668499586405
3.51428571428571,-5.00353668166272,-2.4694412659354,-2.46944126593572,-6.32553378606818
3.52,-4.99310700575874,-2.47634673055418,-2.47634673055455,-6.33298135131801
3.52571428571429,-4.98328139868141,-2.48305060513019,-2.48305060513056,-6.33899184017272
3.53142857142857,-4.97410054398963,-2.48954286349077,-2.48954286349109,-6.34353510258126
3.53714285714286,-4.96560743203694,-2.49581374171745,-2.49581374171767,-6.3465867829101
3.54285714285714,-4.95784529612289,-2.50185375638564,-2.50185375638577,-6.34812837971953
3.54857142857143,-4.95085550847715,-2.50765373189558,-2.50765373189554,-6.34814727256265
3.55428571428571,-4.94467557886049,-2.51320483491316,-2.51320483491296,-6.34663671642908
3.56,-4.9393373804518,-2.51849861330796,-2.51849861330758,-6.34359580478606
3.56571428571429,-4.93486570154036,-2.52352703665453,-2.52352703665397,-6.3390294024783
3.57142857142857,-4.93127719073977,-2.52828253536415,-2.52828253536349,-6.33294805003164
3.57714285714286,-4.92857973131076,-2.53275803580423,-2.53275803580342,-6.32536784114381
3.58285714285714,-4.92677224960989,-2.53694698927038,-2.53694698926949,-6.31631027491525
3.58857142857143,-4.92584493394982,-2.54084339427261,-2.54084339427165,-6.30580208818568
3.59428571428571,-4.92577982776322,-2.5444418077666,-2.54444180776567,-6.29387506461888
3.6,-4.9265517223503,-2.54773735284211,-2.54773735284122,-6.28056582391875
3.60571428571429,-4.92812929598614,-2.5507257156527,-2.550725715652,-6.26591560493837
3.61142857142857,-4.93047641528392,-2.55340313774682,-2.5534031377462,-6.24997002830237
3.61714285714286,-4.9335535272954,-2.55576640432083,-2.55576640432049,-6.2327788523629
3.62285714285714,-4.9373190721462,-2.55781283040147,-2.55781283040132,-6.21439572170154
3.62857142857143,-4.94173085266043,-2.55954024709821,-2.55954024709836,-6.19487791083169
3.63428571428571,-4.94674730632607,-2.56094698991283,-2.56094698991332,-6.17428606538751
3.64,-4.95232863492861,-2.56203189084238,-2.5620318908432,-6.15268394286154
3.64571428571429,-4.95843775767065,-2.56279427566537,-2.56279427566662,-6.1301381547253
3.65142857142857,-4.96504106406406,-2.56323396737205,-2.56323396737365,-6.10671791151714
3.65714285714286,-4.9721089529157,-2.56335129623247,-2.56335129623449,-6.08249477222173
3.66285714285714,-4.97961615302565,-2.56314711652472,-2.56314711652706,-6.05754239900327
3.66857142857143,-4.98754182956445,-2.5626228294876,-2.56262282949022,-6.03193631809132
3.67428571428571,-4.99586948735822,-2.56178041165683,-2.56178041165968,-6.0057536873731
3.68,-5.00458668841153,-2.56062244739902,-2.56062244740216,-5.97907307101131
3.68571428571429,-5.01368460590731,-2.55915216419216,-2.55915216419556,-5.95197422120085
3.69142857142857,-5.02315744065413,-2.55737346902477,-2.55737346902824,-5.92453786699273
3.69714285714286,-5.03300172854007,-2.55529098419677,-2.55529098420008,-5.89684550996087
3.70285714285714,-5.04321556906686,-2.55291008080711,-2.55291008081036,-5.86897922636435
3.70857142857143,-5.05379780556119,-2.55023690829752,-2.55023690830078,-5.84102147536083
3.71428571428571,-5.064747187287,-2.54727841857653,-2.54727841857945,-5.81305491276555
3.72,-5.07606154252562,-2.54404238346859,-2.54404238347124,-5.78516220980941
3.72571428571429,-5.08773698985815,-2.54053740449788,-2.54053740450014,-5.75742587633997
3.73142857142857,-5.09976721249422,-2.53677291431186,-2.53677291431366,-5.72992808791616
3.73714285714286,-5.11214281765194,-2.53275916936315,-2.53275916936443,-5.70275051627849
3.74285714285714,-5.12485079981274,-2.52850723378051,-2.52850723378118,-5.67597416272167
3.74857142857143,-5.13787412324782,-2.52402895465856,-2.52402895465869,-5.64967919395317
3.75428571428571,-5.15119143562472,-2.51933692926792,-2.51933692926739,-5.62394478009352
3.76,-5.16477692082796,-2.51444446492214,-2.5144444649209,-5.59884893454707
3.76571428571429,-5.17860029542648,-2.50936553242811,-2.50936553242629,-5.57446835555816
3.77142857142857,-5.19262694954202,-2.50411471418689,-2.5041147141844,-5.55087826934913
3.77714285714286,-5.20681822925544,-2.49870714809598,-2.49870714809297,-5.52815227482639
3.78285714285714,-5.22113185416064,-2.49315846843909,-2.49315846843551,-5.50636218992597
3.78857142857143,-5.23552246026301,-2.48748474492859,-2.48748474492448,-5.48557789975354
3.79428571428571,-5.24994225513991,-2.48170242099963,-2.48170242099507,-5.46586720675717
3.8,-5.26434176915608,-2.47582825234598,-2.47582825234116,-5.44729568324463
3.80571428571429,-5.27867068357903,-2.46987924654082,-2.46987924653576,-5.42992652663026
3.81142857142857,-5.29287871369917,-2.46387260441222,-2.46387260440709,-5.41382041785669
3.81714285714286,-5.30691652256526,-2.4578256636482,-2.45782566364305,-5.39903538349313
3.82285714285714,-5.32073663874801,-2.45175584489527,-2.45175584489027,-5.38562666205606
3.82857142857143,-5.33429434971074,-2.44568060039951,-2.44568060039474,-5.37364657513165
3.83428571428571,-5.34754854097057,-2.43961736502541,-2.43961736502096,-5.3631444039028
3.84,-5.36046245038145,-2.43358350927694,-2.43358350927293,-5.35416627169178
3.84571428571429,-5.37300430666005,-2.4275962937553,-2.42759629375185,-5.34675503312729
3.85142857142857,-5.38514782184742,-2.42167282430719,-2.42167282430435,-5.34095017052599
3.85714285714286,-5.39687250887404,-2.41583000696914,-2.41583000696696,-5.3367876980481
3.86285714285714,-5.40816379792955,-2.41008450168651,-2.41008450168504,-5.33430007414072
3.86857142857143,-5.41901292906865,-2.4044526736932,-2.40445267369243,-5.3335161227238
3.87428571428571,-5.42941660355159,-2.39895054137769,-2.39895054137759,-5.334460963502
3.88,-5.43937638294533,-2.3935937194366,-2.39359371943722,-5.33715595170219
3.88571428571429,-5.44889783309025,-2.38839735612619,-2.38839735612736,-5.34161862744262
3.89142857142857,-5.45798941971556,-2.38337606346593,-2.38337606346764,-5.347862674838
3.89714285714286,-5.46666117374601,-2.3785438393218,-2.37854383932385,-5.35589789083603
3.90285714285714,-5.47492315707415,-2.37391398039345,-2.37391398039578,-5.36573016366929
3.90857142857143,-5.48278377355254,-2.36949898524433,-2.3694989852467,-5.37736146069355
3.91428571428571,-5.49024798481786,-2.36531044663353,-2.36531044663582,-5.39078982527298
3.92,-5.49731550574797,-2.36135893252734,-2.36135893252933,-5.40600938226789
3.92571428571429,-5.50397906912745,-2.35765385527235,-2.35765385527382,-5.42301035158411
3.93142857142857,-5.51022286249941,-2.3542033284938,-2.35420332849458,-5.4417790691596
3.93714285714286,-5.51602125103275,-2.35101401134043,-2.35101401134041,-5.46229801469514
3.94285714285714,-5.52133790718038,-2.3480909397293,-2.34809093972836,-5.48454584538493
3.94857142857143,-5.52612546946279,-2.3454373442632,-2.34543734426124,-5.50849743487552
3.95428571428571,-5.53032584738399,-2.34305445452367,-2.34305445452063,-5.53412391667378
3.96,-5.53387127591454,-2.34094128951998,-2.34094128951589,-5.56139273124754
3.96571428571429,-5.53668620013505,-2.33909443424494,-2.33909443424008,-5.59026767610859
3.97142857142857,-5.53869003806783,-2.33750780261948,-2.33750780261405,-5.62070895824916
3.97714285714286,-5.53980082779191,-2.33617238766335,-2.33617238765769,-5.65267324841323
3.98285714285714,-5.53993971502476,-2.33507600058787,-2.33507600058253,-5.68611373683214
3.98857142857143,-5.53903618201856,-2.33420300172735,-2.33420300172292,-5.72098019024284
3.99428571428571,-5.53703386159425,-2.33353402786432,-2.33353402786165,-5.75721901023518
4,-5.53389672618251,-2.33304572257718,-2.33304572257719,-5.79477329325648
4.00571428571429,-5.53250318839859,-2.33293696137926,-2.33293696137918,-5.83334154823887
4.01142857142857,-5.53078833116705,-2.33304839300053,-2.33304839300055,-5.87301892825188
4.01714285714286,-5.52874391836421,-2.33337202494575,-2.33337202494571,-5.91372355010395
4.02285714285714,-5.52638310624776,-2.33389879013758,-2.33389879013753,-5.95537021649538
4.02857142857143,-5.52373630240916,-2.33461853668895,-2.33461853668888,-5.99787047950209
4.03428571428571,-5.52084688207982,-2.33552004122822,-2.33552004122827,-6.04113273300528
4.04,-5.51776694909234,-2.336591046249,-2.33659104624899,-6.08506233505615
4.04571428571429,-5.51455332844598,-2.33781832084,-2.33781832083996,-6.12956176090955
4.05142857142857,-5.51126396773212,-2.33918774297093,-2.33918774297093,-6.17453078719511
4.05714285714286,-5.5079549048745,-2.34068440032877,-2.34068440032878,-6.21986670740066
4.06285714285714,-5.50467792954091,-2.3422927056255,-2.34229270562545,-6.26546457853178
4.06857142857143,-5.50147902574596,-2.34399652142568,-2.34399652142568,-6.31121749848452
4.07428571428571,-5.49839763509107,-2.34577928896713,-2.34577928896715,-6.35701691332043
4.08,-5.49546672632984,-2.3476241552556,-2.34762415525555,-6.40275295328702
4.08571428571429,-5.4927136011094,-2.34951409295371,-2.34951409295369,-6.44831479607013
4.09142857142857,-5.49016131230258,-2.35143200826783,-2.35143200826778,-6.49359105542609
4.09714285714286,-5.487830525312,-2.35336083312401,-2.35336083312398,-6.53847019301302
4.10285714285714,-5.48574161905174,-2.35528359933453,-2.3552835993345,-6.58284095093766
4.10857142857143,-5.48391680622297,-2.35718349404641,-2.3571834940464,-6.62659280226471
4.11428571428571,-5.48238205479592,-2.35904389738194,-2.35904389738194,-6.66961641648962
4.12,-5.48116861504675,-2.36084840464572,-2.36084840464574,-6.71180413677114
4.12571428571429,-5.48031399747236,-2.36258083663041,-2.36258083663043,-6.75305046553346
4.13142857142857,-5.47986230246099,-2.36422524227826,-2.36422524227828,-6.79325255489525
4.13714285714286,-5.47986386686588,-2.36576589818169,-2.36576589818172,-6.8323106982421
4.14285714285714,-5.48037425860572,-2.3671873091311,-2.36718730913115,-6.87012881913725
4.14857142857143,-5.48145271094967,-2.36847421320369,-2.36847421320372,-6.90661495366082
4.15428571428571,-5.48316013695635,-2.36961159384982,-2.36961159384988,-6.94168172217445
4.16,-5.48555689707146,-2.37058470022268,-2.37058470022273,-6.97524678644546
4.16571428571429,-5.48870050683479,-2.37137907577495,-2.37137907577498,-7.00723328802622
4.17142857142857,-5.49264346706937,-2.37198059406177,-2.37198059406184,-7.03757026379651
4.17714285714286,-5.49743137800947,-2.37237549985931,-2.37237549985935,-7.06619303463826
4.18285714285714,-5.50310146533715,-2.37255045320292,-2.37255045320301,-7.09304356334162
4.18857142857143,-5.50968160469099,-2.37249257379433,-2.37249257379442,-7.11807077804694
4.19428571428571,-5.51718988671929,-2.372189483395,-2.37218948339506,-7.14123085780752
4.2,-5.52563472158288,-2.37162934425392,-2.37162934425401,-7.16248747722347
4.20571428571429,-5.5350154435388,-2.37080089222841,-2.3708008922284,-7.18181200753237
4.21142857142857,-5.54532334535612,-2.36969346395157,-2.36969346395158,-7.19918367204996
4.21714285714286,-5.55654305021594,-2.36829701808679,-2.36829701808691,-7.21458965441342
4.22285714285714,-5.56865411581544,-2.36660215131615,-2.36660215131615,-7.2280251586807
4.22857142857143,-5.58163276118309,-2.36460011017634,-2.36460011017642,-7.23949342096577
4.23428571428571,-5.59545361017672,-2.36228280015354,-2.3622828001536,-7.24900567291959
4.24,-5.61009135535474,-2.35964279356246,-2.35964279356252,-7.2565810579906
4.24571428571429,-5.62552226028376,-2.35667333768248,-2.35667333768259,-7.26224650199175
4.25142857142857,-5.64172543574324,-2.35336836442839,-2.35336836442846,-7.26603654005801
4.25714285714286,-5.65868384418818,-2.34972250252541,-2.3497225025254,-7.26799310257868
4.26285714285714,-5.67638500587697,-2.34573109279048,-2.34573109279052,-7.26816526312804
4.26857142857143,-5.69482139814058,-2.34139020672285,-2.34139020672283,-7.26660895178539
4.27428571428571,-5.71399055548029,-2.33669666822309,-2.33669666822308,-7.26338663752746
4.28,-5.73389489191818,-2.33164807791803,-2.33164807791806,-7.25856698358908
4.28571428571429,-5.75454127789109,-2.32624283929502,-2.32624283929514,-7.25222447982248
4.29142857142857,-5.77594041183749,-2.32048018564949,-2.32048018564955,-7.2444390561419
4.29714285714286,-5.79810603149175,-2.31436020674547,-2.31436020674561,-7.23529568112408
4.30285714285714,-5.82105401197737,-2.30788387406399,-2.30788387406413,-7.22488394975003
4.30857142857143,-5.84480139739148,-2.3010530635645,-2.30105306356463,-7.21329766412682
4.31428571428571,-5.86936541009202,-2.29387057500358,-2.29387057500372,-7.20063441082853
4.32,-5.89476247777999,-2.28634014702087,-2.28634014702105,-7.18699513824929
4.32571428571429,-5.9210073131698,-2.27846646739565,-2.27846646739568,-7.17248373708056
4.33142857142857,-5.94811207499739,-2.27025517808797,-2.2702551780881,-7.15720662671564
4.33714285714286,-5.97608563273189,-2.26171287488658,-2.26171287488669,-7.14127235005785
4.34285714285714,-6.00493295097244,-2.25284710167395,-2.25284710167414,-7.12479117887397
4.34857142857143,-6.03465460342427,-2.24366633948669,-2.24366633948693,-7.10787473149635
4.35428571428571,-6.06524642075349,-2.23417999067635,-2.23417999067635,-7.09063560434818
4.36,-6.09669927168863,-2.22439835856878,-2.22439835856895,-7.07318701844715
4.36571428571429,-6.12899897254012,-2.21433262307617,-2.2143326230763,-7.05564248174457
4.37142857142857,-6.16212631689448,-2.20399481272407,-2.2039948127243,-7.0381154678779
4.37714285714286,-6.19605721459875,-2.19339777354468,-2.1933977735449,-7.02071911166396
4.38285714285714,-6.23076292722912,-2.18255513523886,-2.18255513523891,-7.00356592143493
4.38857142857143,-6.26621038599231,-2.17148127494131,-2.17148127494151,-6.98676750812239
4.39428571428572,-6.30236257733185,-2.16019127884738,-2.16019127884747,-6.97043433082809
4.4,-6.33917898133764,-2.1487009018645,-2.14870090186463,-6.95467545847821
4.40571428571429,-6.37661604827813,-2.1370265253745,-2.13702652537464,-6.93959834704479
4.41142857142857,-6.41462769911685,-2.1251851130994,-2.12518511309949,-6.92530863172741
4.41714285714286,-6.45316583664945,-2.1131941650011,-2.1131941650012,-6.91190993341936
4.42285714285714,-6.49218085484131,-2.10107166908267,-2.10107166908287,-6.89950367873388
4.42857142857143,-6.53162213500269,-2.08883605091806,-2.08883605091807,-6.88818893283197
4.43428571428572,-6.57143851854711,-2.07650612071808,-2.07650612071807,-6.8780622442749
4.44,-6.61157874723583,-2.06410101773376,-2.06410101773383,-6.86921750111554
4.44571428571429,-6.65199186296058,-2.05164015181309,-2.05164015181316,-6.86174579744361
4.45142857142857,-6.69262756026916,-2.03914314196195,-2.03914314196203,-6.85573530960749
4.45714285714286,-6.73343648598992,-2.02662975180555,-2.02662975180561,-6.85127118134744
4.46285714285714,-6.77437048144863,-2.01411982191437,-2.01411982191436,-6.84843541709178
4.46857142857143,-6.81538276393839,-2.00163319902721,-2.00163319902727,-6.8473067826864
4.47428571428572,-6.85642804527791,-1.98918966229794,-1.98918966229802,-6.84796071284899
4.48,-6.89746258653483,-1.97680884677486,-1.97680884677481,-6.85046922466255
4.48571428571429,-6.93844418928111,-1.96451016442718,-1.96451016442725,-6.85490083644645
4.49142857142857,-6.9793321251334,-1.95231272312923,-1.95231272312929,-6.86132049136968
4.49714285714286,-7.02008700681681,-1.9402352441078,-1.94023524410773,-6.86978948519883
4.50285714285714,-7.06067060557811,-1.92829597846125,-1.92829597846117,-6.88036539760269
4.50857142857143,-7.10104562148766,-1.91651262343968,-1.91651262343969,-6.89310202646943
4.51428571428572,-7.14117541497236,-1.90490223925863,-1.90490223925869,-6.90804932472662
4.52,-7.18102370981852,-1.89348116728658,-1.89348116728659,-6.92525333919511
4.52571428571429,-7.22055427982145,-1.88226495049456,-1.8822649504945,-6.94475615104948
4.53142857142857,-7.25973063318836,-1.87126825709313,-1.87126825709321,-6.96659581750461
4.53714285714286,-7.29851571065435,-1.86050480829426,-1.86050480829432,-6.99080631439858
4.54285714285714,-7.33687161494445,-1.84998731112154,-1.84998731112166,-7.01741747939328
4.54857142857143,-7.37475939060432,-1.83972739716257,-1.83972739716266,-7.0464549555721
4.55428571428572,-7.41213887418121,-1.8297355680888,-1.82973556808898,-7.07794013526783
4.56,-7.44896863512884,-1.82002114868565,-1.82002114868579,-7.11189010401402
4.56571428571429,-7.48520602745728,-1.81059224801513,-1.81059224801522,-7.14831758456727
4.57142857142857,-7.52080737089815,-1.80145572920003,-1.80145572920006,-7.18723088100186
4.57714285714286,-7.5557282780449,-1.79261718815104,-1.7926171881512,-7.22863382293003
4.58285714285714,-7.58992414041939,-1.78408094139086,-1.78408094139094,-7.27252570994211
4.58857142857143,-7.62335078162339,-1.77585002293052,-1.77585002293067,-7.31890125640317
4.59428571428572,-7.65596527961327,-1.7679261899728,-1.76792618997275,-7.36775053676878
4.6,-7.68772695274169,-1.76030993701989,-1.76030993701991,-7.41905893160865
4.60571428571429,-7.71859849568242,-1.75300051779943,-1.75300051779955,-7.47280707453921
4.61142857142857,-7.74854724195531,-1.74599597426227,-1.74599597426232,-7.52897080027253
4.61714285714286,-7.77754651989312,-1.73929317179208,-1.73929317179206,-7.58752109399338
4.62285714285714,-7.80557705903669,-1.73288783968182,-1.73288783968185,-7.6484240422686
4.62857142857143,-7.83262839475582,-1.72677461589963,-1.72677461589965,-7.71164078569581
4.63428571428572,-7.85870021105594,-1.72094709517573,-1.72094709517573,-7.77712747349239
4.64,-7.88380355581227,-1.71539787950678,-1.71539787950676,-7.84483522023895
4.64571428571429,-7.90796185979677,-1.71011863028302,-1.71011863028292,-7.91471006500857
4.65142857142857,-7.93121169147435,-1.70510012138982,-1.70510012138978,-7.98669293315065
4.65714285714286,-7.95360318415002,-1.70033229281854,-1.70033229281848,-8.06071960106376
4.66285714285714,-7.97520008089009,-1.69580430451032,-1.69580430451018,-8.1367206643752
4.66857142857143,-7.99607935573223,-1.69150459035692,-1.69150459035681,-8.21462151007624
4.67428571428572,-8.01633038668183,-1.68742091245598,-1.68742091245584,-8.29434229331597
4.68,-8.03605367622972,-1.68354041585982,-1.68354041585972,-8.37579791976432
4.68571428571429,-8.05535913764249,-1.67984968414964,-1.67984968414951,-8.45889803469171
4.69142857142857,-8.07436398885982,-1.67633479618987,-1.67633479618976,-8.54354702019035
4.69714285714286,-8.09319031909862,-1.67298138437783,-1.67298138437774,-8.62964400227975
4.70285714285714,-8.11196241472746,-1.66977469458629,-1.66977469458617,-8.7170828699736
4.70857142857143,-8.13080394919804,-1.66669964782036,-1.66669964782029,-8.80575230876234
4.71428571428572,-8.14983515547225,-1.66374090338458,-1.66374090338452,-8.89553585134037
4.72,-8.16917010735583,-1.6608829231036,-1.66088292310352,-8.98631194880668
4.72571428571429,-8.18891423761442,-1.65811003588883,-1.65811003588879,-9.07795406594777
4.73142857142857,-8.20916221524143,-1.65540650172556,-1.65540650172552,-9.17033080457708
4.73714285714286,-8.22999629166183,-1.65275657399363,-1.65275657399361,-9.26330605924174
4.74285714285714,-8.25148520631329,-1.65014455896589,-1.6501445589659,-9.35673920987578
4.74857142857143,-8.27368371666149,-1.64755487135896,-1.647554871359,-9.4504853561961
4.75428571428572,-8.29663278740767,-1.6449720849587,-1.64497208495876,-9.54439559874271
4.76,-8.32036043993683,-1.64238097759718,-1.64238097759727,-9.63831737147569
4.76571428571429,-8.34488322776983,-1.63976657010579,-1.63976657010589,-9.73209483070247
4.77142857142857,-8.370208269019,-1.63711415927957,-1.6371141592797,-9.82556930481751
4.77714285714286,-8.39633573484774,-1.63440934532491,-1.63440934532505,-9.91857980887061
4.78285714285714,-8.42326166593584,-1.63163805468054,-1.63163805468068,-10.0109636272996
4.78857142857143,-8.45098096903033,-1.6287865594592,-1.62878655945939,-10.1025569672881
4.79428571428572,-8.47949043448485,-1.6258414950125,-1.62584149501265,-10.1931956840859
4.8,-8.50879161438759,-1.62278987724507,-1.62278987724525,-10.2827160783026
4.80571428571429,-8.53889340981069,-1.61961912128174,-1.61961912128194,-10.3709557636203
4.81142857142857,-8.56981423443253,-1.61631706291591,-1.6163170629161,-10.4577546016159
4.81714285714286,-8.60158364898054,-1.61287198396038,-1.61287198396056,-10.5429556984629
4.82285714285714,-8.63424339454788,-1.60927264220529,-1.60927264220547,-10.6264064562301
4.82857142857143,-8.66784779023673,-1.60550830620755,-1.60550830620772,-10.7079596693931
4.83428571428572,-8.70246349882338,-1.60156879463139,-1.6015687946315,-10.7874746550651
4.84,-8.73816870032339,-1.5974445193845,-1.59744451938464,-10.8648184034516
4.84571428571429,-8.77505174482684,-1.59312653138744,-1.59312653138759,-10.9398667331893
4.85142857142857,-8.81320938073957,-1.58860656751002,-1.58860656751016,-11.0125054346688
4.85714285714286,-8.85274467130061,-1.58387709703352,-1.58387709703366,-11.0826313832269
4.86285714285714,-8.89376472044764,-1.57893136595923,-1.57893136595931,-11.1501536033193
4.86857142857143,-8.93637832907234,-1.57376343757532,-1.57376343757539,-11.2149942645186
4.87428571428572,-8.98069369537151,-1.56836822790651,-1.56836822790662,-11.2770895904667
4.88,-9.02681625979643,-1.56274153497051,-1.56274153497058,-11.3363906627878
4.88571428571429,-9.07484677770374,-1.55688006112598,-1.55688006112603,-11.3928641034256
4.89142857142857,-9.1248796829773,-1.55078142818426,-1.55078142818432,-11.4464926208902
4.89714285714286,-9.17700178526752,-1.54444418533304,-1.54444418533303,-11.4972754084351
4.90285714285714,-9.23129132347462,-1.53786781026297,-1.53786781026297,-11.5452283851431
4.90857142857143,-9.28781737980277,-1.53105270416901,-1.53105270416904,-11.5903842741912
4.91428571428572,-9.34663964286278,-1.52400018150242,-1.52400018150244,-11.6327925160582
4.92,-9.40780849535933,-1.51671245547145,-1.51671245547144,-11.6725190180158
4.92571428571429,-9.47136539198695,-1.50919262032532,-1.5091926203253,-11.7096457447545
4.93142857142857,-9.53734348621813,-1.50144463141276,-1.50144463141272,-11.744270158321
4.93714285714286,-9.60576846044611,-1.49347328389869,-1.49347328389873,-11.7765045185636
4.94285714285714,-9.6766595121,-1.48528419085941,-1.48528419085939,-11.8064750578806
4.94857142857143,-9.75003044849888,-1.47688376127881,-1.47688376127877,-11.8343210461869
4.95428571428572,-9.82589084493439,-1.46827917825278,-1.46827917825282,-11.8601937635831
4.96,-9.90424722340722,-1.45947837748906,-1.45947837748911,-11.8842553992134
4.96571428571429,-9.98510421322514,-1.45049002598548,-1.45049002598544,-11.9066778952383
4.97142857142857,-10.0684656590274,-1.44132350058726,-1.44132350058726,-11.9276417547355
4.97714285714286,-10.1543356464655,-1.43198886598083,-1.43198886598079,-11.9473348317513
4.98285714285714,-10.2427194205632,-1.42249685157188,-1.42249685157189,-11.9659511206884
4.98857142857143,-10.3336241765429,-1.41285882663693,-1.41285882663696,-11.9836895608372
4.99428571428571,-10.4270597075174,-1.40308677311798,-1.40308677311797,-12.0007528701998
5,-10.5230388978506,-1.39319325545318,-1.39319325545317,-12.0173464209097
5.00571428571429,-10.6215780550795,-1.38319138690074,-1.38319138690074,-12.0336771665982
5.01142857142857,-10.722697077096,-1.37309479190312,-1.37309479190311,-12.0499526300652
5.01714285714286,-10.8264194547162,-1.36291756415977,-1.36291756415972,-12.066379957655
5.02285714285714,-10.9327721128629,-1.35267422021221,-1.35267422021221,-12.0831650448581
5.02857142857143,-11.0417850963351,-1.34237964849138,-1.34237964849138,-12.1005117359126
5.03428571428571,-11.1534911085398,-1.33204905392564,-1.33204905392565,-12.1186210985837
5.04,-11.2679249136612,-1.3216978983538,-1.32169789835375,-12.1376907738904
5.04571428571429,-11.3851226145334,-1.31134183712123,-1.31134183712123,-12.1579143993208
5.05142857142857,-11.5051208200295,-1.3009966523561,-1.30099665235612,-12.1794811030499
5.05714285714286,-11.6279557170883,-1.29067818352241,-1.29067818352237,-12.2025750658295
5.06285714285714,-11.7536620636167,-1.28040225592467,-1.28040225592465,-12.2273751465571
5.06857142857143,-11.8822721194788,-1.27018460789263,-1.2701846078926,-12.2540545670344
5.07428571428571,-12.0138145336127,-1.26004081740288,-1.26004081740283,-12.2827806510799
5.08,-12.1483132060665,-1.24998622890256,-1.24998622890249,-12.3137146129471
5.08571428571429,-12.2857861443923,-1.24003588108342,-1.24003588108335,-12.3470113899069
5.09142857142857,-12.4262443344275,-1.23020443632051,-1.23020443632051,-12.3828195138546
5.09714285714286,-12.5696906459702,-1.22050611244076,-1.22050611244068,-12.4212810168948
5.10285714285714,-12.71611879422,-1.21095461742309,-1.21095461742297,-12.462531366011
5.10857142857143,-12.8655123780429,-1.20156308756444,-1.20156308756437,-12.5066994221449
5.11428571428571,-13.0178440160422,-1.19234402957144,-1.19234402957138,-12.5539074192645
5.12,-13.1730746010023,-1.18330926696508,-1.18330926696502,-12.6042709592949
5.12571428571429,-13.3311526923658,-1.1744698911193,-1.1744698911192,-12.6578990190957
5.13142857142857,-13.492014064916,-1.16583621719112,-1.16583621719104,-12.7148939660053
5.13714285714286,-13.6555814295825,-1.15741774515036,-1.15741774515024,-12.7753515788111
5.14285714285714,-13.8217643391645,-1.14922312607672,-1.14922312607663,-12.8393610713444
5.14857142857143,-13.9904592876614,-1.14126013386259,-1.14126013386249,-12.9070051162482
5.15428571428571,-14.1615500067171,-1.13353564244312,-1.13353564244303,-12.9783598667897
5.16,-14.3349079564601,-1.12605560866732,-1.12605560866719,-13.0534949749225
5.16571428571429,-14.5103930007969,-1.1188250609207,-1.1188250609206,-13.1324736040984
5.17142857142857,-14.687854249222,-1.11184809361326,-1.11184809361315,-13.2153524356219
5.17714285714286,-14.8671310387331,-1.10512786764577,-1.10512786764564,-13.3021816675969
5.18285714285714,-15.048054020956,-1.09866661696309,-1.09866661696297,-13.3930050057447
5.18857142857143,-15.230446311703,-1.09246566128757,-1.09246566128746,-13.4878596455736
5.19428571428571,-15.414124653558,-1.08652542509639,-1.08652542509627,-13.5867762455348
5.2,-15.5989005375721,-1.08084546285896,-1.08084546285884,-13.6897788909251
5.20571428571429,-15.7845812284717,-1.07542449048295,-1.07542449048283,-13.79688504836
5.21142857142857,-15.9709706397668,-1.07026042282891,-1.07026042282881,-13.9081055106817
5.21714285714286,-16.1578700113266,-1.0653504170433,-1.0653504170432,-14.0234443321336
5.22285714285714,-16.3450783527657,-1.06069092133432,-1.06069092133421,-14.1428987535723
5.22857142857143,-16.5323926313786,-1.05627772867457,-1.05627772867446,-14.2664591173748
5.23428571428571,-16.7196077029541,-1.05210603477032,-1.05210603477024,-14.3941087715435
5.24,-16.9065160068093,-1.04817049949453,-1.04817049949445,-14.5258239623331
5.24571428571429,-17.0929070714075,-1.04446531085135,-1.0444653108513,-14.6615737145109
5.25142857142857,-17.2785669022907,-1.04098425043248,-1.04098425043239,-14.8013196981579
5.25714285714286,-17.4632773475613,-1.03772075925107,-1.03772075925101,-14.9450160807135
5.26285714285714,-17.6468155554932,-1.03466800280632,-1.03466800280626,-15.0926093627906
5.26857142857143,-17.8289536516049,-1.03181893424532,-1.03181893424527,-15.2440381961836
5.27428571428571,-18.0094587663959,-1.029166354557,-1.02916635455695,-15.3992331824378
5.28,-18.1880935381069,-1.02670296885107,-1.026702968851,-15.5581166504315
5.28571428571429,-18.3646171959712,-1.02442143794381,-1.02442143794378,-15.7206024116041
5.29142857142857,-18.5387872981759,-1.02231442468204,-1.02231442468199,-15.8865954918359
5.29714285714286,-18.7103621557291,-1.0203746346767,-1.02037463467667,-16.0559918395061
5.30285714285714,-18.879103920565,-1.01859485137519,-1.01859485137515,-16.2286780100034
5.30857142857143,-19.044782256623,-1.0169679656575,-1.01696796565745,-16.4045308279191
5.31428571428571,-19.207178450544,-1.01548700038263,-1.01548700038258,-16.5834170293388
5.32,-19.3660897592883,-1.01414513051806,-1.014145130518,-16.7651928880908
5.32571428571429,-19.5213337409195,-1.01293569964498,-1.01293569964492,-16.9497038314834
5.33142857142857,-19.6727522775923,-1.01185223373197,-1.0118522337319,-17.136784053016
5.33714285714286,-19.820214980953,-1.010888453104,-1.01088845310391,-17.3262561317481
5.34285714285714,-19.9636216727105,-1.01003828350108,-1.01003828350097,-17.5179306704921
5.34857142857143,-20.1029036576398,-1.00929586702372,-1.00929586702359,-17.7116059677577
5.35428571428571,-20.2380235502712,-1.00865557361542,-1.00865557361528,-17.9070677413376
5.36,-20.3689734742338,-1.00811201355377,-1.00811201355362,-18.1040889244027
5.36571428571429,-20.4957715150991,-1.00766005124757,-1.0076600512474,-18.3024295570557
5.37142857142857,-20.6184563615408,-1.00729482052818,-1.007294820528,-18.5018367949676
5.37714285714286,-20.7370801053782,-1.00701174168393,-1.00701174168373,-18.7020450445298
5.38285714285714,-20.8516992008259,-1.00680654089623,-1.00680654089602,-18.9027761915018
5.38857142857143,-20.9623637119898,-1.00667527369061,-1.00667527369038,-19.1037397724607
5.39428571428572,-21.0691056007903,-1.0066143552323,-1.00661435523206,-19.3046326700488
5.4,-21.171928921215,-1.00662059888617,-1.00662059888593,-19.5051375006503
5.40571428571429,-21.270809300698,-1.0066912504149,-1.00669125041465,-19.7049189802748
5.41142857142857,-21.3657117928809,-1.00682396729023,-1.00682396728998,-19.9036205517067
5.41714285714286,-21.4566149531448,-1.00701667959553,-1.00701667959528,-20.1008701741461
5.42285714285714,-21.5434889812131,-1.0072674211264,-1.00726742112616,-20.296300660666
5.42857142857143,-21.6262143496778,-1.00757438414592,-1.00757438414568,-20.4895651601157
5.43428571428572,-21.7045317561803,-1.00793616112806,-1.00793616112783,-20.6803278925531
5.44,-21.7780687652791,-1.00835185260074,-1.00835185260053,-20.8682476178908
5.44571428571429,-21.8463830070641,-1.0088209892987,-1.00882098929852,-21.0529740077416
5.45142857142857,-21.9089818803667,-1.00934342248953,-1.00934342248936,-21.2341533412848
5.45714285714286,-21.9653266659293,-1.00991925424967,-1.00991925424953,-21.411435078537
5.46285714285714,-22.0148348478143,-1.01054879898343,-1.01054879898331,-21.5844766268446
5.46857142857143,-22.0568860132143,-1.01123255770001,-1.01123255769992,-21.752946644489
5.47428571428572,-22.0908319009273,-1.01197119637395,-1.01197119637388,-21.9165275413542
5.48,-22.1160098785773,-1.01276552637421,-1.01276552637418,-22.074917528907
5.48571428571429,-22.1317590022809,-1.01361648742,-1.01361648741998,-22.2278323366906
5.49142857142857,-22.1374378662706,-1.01452513404075,-1.01452513404076,-22.3750066027715
5.49714285714286,-22.1324434616494,-1.01549262635655,-1.01549262635658,-22.5161949064587
5.50285714285714,-22.116230231837,-1.01652022563817,-1.01652022563822,-22.6511724040637
5.50857142857143,-22.0883284743682,-1.01760929471256,-1.01760929471262,-22.7797350338621
5.51428571428572,-22.0483612271603,-1.01876130289942,-1.01876130289949,-22.9016992667044
5.52,-21.9960588138294,-1.01997783482295,-1.01997783482304,-23.016901390646
5.52571428571429,-21.9312703178327,-1.02126060215333,-1.02126060215342,-23.1251963300284
5.53142857142857,-21.853971409234,-1.02261145711051,-1.0226114571106,-23.226456011097
5.53714285714286,-21.7642681510564,-1.02403240642074,-1.02403240642082,-23.3205672972885
5.54285714285714,-21.662396646873,-1.02552562436003,-1.02552562436009,-23.407429527869
5.54857142857143,-21.5487186346737,-1.02709346355419,-1.02709346355425,-23.4869517039735
5.55428571428572,-21.4237133600747,-1.02873846232684,-1.02873846232688,-23.5590493766829
5.56,-21.2879662529449,-1.03046334758668,-1.03046334758671,-23.6236413030572
5.56571428571429,-21.1421550697209,-1.03227103250911,-1.03227103250911,-23.6806459483744
5.57142857142857,-20.9870342408961,-1.03416460857324,-1.03416460857321,-23.7299779264134
5.57714285714286,-20.8234181793628,-1.03614733184249,-1.03614733184244,-23.7715444843787
5.58285714285714,-20.6521642674724,-1.03822260369865,-1.03822260369859,-23.8052421545304
5.58857142857143,-20.4741561607283,-1.04039394653216,-1.04039394653209,-23.8309537099183
5.59428571428572,-20.2902879383567,-1.04266497513299,-1.04266497513291,-23.8485455755053
5.6,-20.1014495099245,-1.04503936469917,-1.04503936469908,-23.8578658567356
5.60571428571429,-19.9085135653575,-1.04752081647131,-1.04752081647121,-23.8587431532243
5.61142857142857,-19.7123242427904,-1.05011302200628,-1.05011302200617,-23.8509863234924
5.61714285714286,-19.5136875910706,-1.05281962702315,-1.05281962702305,-23.8343853552847
5.62285714285714,-19.3133638247511,-1.05564419559759,-1.0556441955975,-23.8087134729206
5.62857142857143,-19.1120613097323,-1.05859017526281,-1.05859017526272,-23.7737305767666
5.63428571428572,-18.9104321762817,-1.06166086331474,-1.06166086331467,-23.7291880595409
5.64,-18.7090694306069,-1.06485937434057,-1.06485937434053,-23.6748349801973
5.64571428571429,-18.5085054236425,-1.06818860871675,-1.06818860871673,-23.6104255005579
5.65142857142857,-18.3092115331618,-1.07165122158091,-1.07165122158093,-23.5357274063871
5.65714285714286,-18.1115989197829,-1.0752495915945,-1.07524959159454,-23.4505314487669
5.66285714285714,-17.9160202263295,-1.07898578869734,-1.07898578869742,-23.3546611605865
5.66857142857143,-17.7227721009317,-1.08286154002874,-1.08286154002884,-23.2479827349093
5.67428571428572,-17.5320984353912,-1.08687819325789,-1.08687819325802,-23.1304145053436
5.68,-17.3441942200411,-1.09103667673523,-1.09103667673538,-23.0019355507574
5.68571428571429,-17.1592099234939,-1.09533745613749,-1.09533745613768,-22.8625929630389
5.69142857142857,-16.9772563094309,-1.0997804876255,-1.0997804876257,-22.7125073690455
5.69714285714286,-16.7984096025228,-1.10436516794488,-1.10436516794509,-22.5518763843312
5.70285714285714,-16.6227169117153,-1.10909028235359,-1.1090902823538,-22.3809757904245
5.70857142857143,-16.45020181181,-1.11395395172894,-1.11395395172915,-22.2001583594286
5.71428571428572,-16.2808699744824,-1.11895358065708,-1.11895358065729,-22.0098503872945
5.72,-16.1147147287935,-1.12408580870786,-1.12408580870805,-21.8105461272531
5.72571428571429,-15.9517224206004,-1.12934646741159,-1.12934646741175,-21.6028004257814
5.73142857142857,-15.7918774318959,-1.13473054565036,-1.13473054565048,-21.3872199459689
5.73714285714286,-15.6351667169842,-1.14023216622727,-1.14023216622735,-21.1644534119254
5.74285714285714,-15.4815837144219,-1.14584457626027,-1.14584457626031,-20.9351813218355
5.74857142857143,-15.3311315032378,-1.15156015375322,-1.1515601537532,-20.7001055590957
5.75428571428572,-15.1838250900838,-1.1573704322233,-1.15737043222323,-20.4599392865037
5.76,-15.0396927407193,-1.1632661446253,-1.16326614462517,-20.215397445206
5.76571428571429,-14.8987763039304,-1.16923728703477,-1.16923728703457,-19.9671881062943
5.77142857142857,-14.7611305169717,-1.17527320167411,-1.17527320167386,-19.7160048462089
5.77714285714286,-14.6268213265169,-1.18136267793983,-1.18136267793951,-19.4625202438719
5.78285714285714,-14.4959233050311,-1.1874940691729,-1.18749406917254,-19.2073805324773
5.78857142857143,-14.3685162861994,-1.19365542207523,-1.19365542207482,-18.9512013849513
5.79428571428572,-14.2446813815944,-1.19983461497142,-1.19983461497096,-18.6945647706053
5.8,-14.1244965714176,-1.20601950060738,-1.20601950060689,-18.4380167912488
5.80571428571429,-14.0080320830528,-1.21219804890692,-1.21219804890641,-18.1820663870326
5.81142857142857,-13.8953457812076,-1.2183584851032,-1.21835848510267,-17.9271847938443
5.81714285714286,-13.786478792416,-1.22448941893314,-1.22448941893261,-17.6738056332541
5.82285714285714,-13.6814515753081,-1.23057996111413,-1.2305799611136,-17.4223255209115
5.82857142857143,-13.580260627576,-1.23661982408365,-1.23661982408317,-17.1731050880321
5.83428571428572,-13.4828759927437,-1.24259940492075,-1.24259940492028,-16.9264703217545
5.84,-13.3892396965448,-1.24850984942172,-1.24850984942129,-16.6827141423252
5.84571428571429,-13.2992652058163,-1.25434309739923,-1.25434309739884,-16.4420981474373
5.85142857142857,-13.21283796395,-1.26009191034178,-1.26009191034143,-16.2048544658631
5.85714285714286,-13.1298170174442,-1.26574988354308,-1.26574988354278,-15.9711876733539
5.86285714285714,-13.0500377089789,-1.27131144562887,-1.27131144562862,-15.7412767334305
5.86857142857143,-12.9733153743803,-1.27677184902974,-1.27677184902955,-15.5152769339628
5.87428571428572,-12.8994499443906,-1.28212715534452,-1.28212715534438,-15.2933217974478
5.88,-12.8282313177233,-1.28737421969855,-1.28737421969846,-15.0755249486092
5.88571428571429,-12.759445339992,-1.29251067813055,-1.2925106781305,-14.8619819275671
5.89142857142857,-12.6928801943693,-1.29753494175929,-1.29753494175928,-14.6527719404496
5.89714285714286,-12.6283329851216,-1.30244620101826,-1.3024462010183,-14.4479595420888
5.90285714285714,-12.5656162755503,-1.30724444264077,-1.30724444264083,-14.2475962475561
5.90857142857143,-12.504564328499,-1.31193048137286,-1.31193048137293,-14.0517220707852
5.91428571428572,-12.4450387917039,-1.31650600763257,-1.31650600763264,-13.8603669896351
5.92,-12.3869335728607,-1.32097365156374,-1.3209736515638,-13.6735523374489
5.92571428571429,-12.3301786610772,-1.32533706319303,-1.3253370631931,-13.4912921216363
5.93142857142857,-12.2747426725575,-1.32960100772417,-1.32960100772421,-13.3135942700729
5.93714285714286,-12.2206339284826,-1.33377147442503,-1.33377147442504,-13.1404618062107
5.94285714285714,-12.1678999110948,-1.33785579710229,-1.33785579710226,-12.9718939538285
5.94857142857143,-12.1166249883173,-1.34186278383288,-1.34186278383283,-12.8078871722626
5.95428571428572,-12.0669263458941,-1.34580285343762,-1.34580285343754,-12.6484361228648
5.96,-12.0189481168861,-1.34968817614282,-1.34968817614273,-12.4935345672618
5.96571428571429,-11.9728537495056,-1.35353281597238,-1.35353281597226,-12.3431761978211
5.97142857142857,-11.9288167042382,-1.35735287263046,-1.35735287263032,-12.197355400533
5.97714285714286,-11.8870096192841,-1.36116662095339,-1.36116662095326,-12.0560679503006
5.98285714285714,-11.8475921297312,-1.36499464639633,-1.36499464639622,-11.919311638438
5.98857142857143,-11.8106975716888,-1.36885997544441,-1.36885997544432,-11.7870868319455
5.99428571428571,-11.7764188498846,-1.37278820025807,-1.37278820025801,-11.6593969639548
6,-11.7447937986363,-1.37680759724006,-1.37680759724004,-11.5362489545296
